(43)-22-69973,(57)-15-96788,01/01/1978,09:36:50,187
(54)-08-64555,(45)-10-19272,01/01/1978,11:47:44,3399
(61)-19-61239,(45)-14-52489,01/02/1978,00:11:16,783
(41)-21-63669,(21)-26-74906,01/02/1978,03:00:36,3100
(22)-32-00015,(76)-11-34524,01/02/1978,05:23:44,534
(42)-24-05902,(64)-04-59287,01/02/1978,05:52:26,643
(49)-19-64537,(54)-14-01703,01/02/1978,15:44:07,200
(36)-04-23001,(58)-14-20009,01/02/1978,20:39:07,213
(55)-05-68559,(74)-05-98520,01/03/1978,03:41:22,698
(68)-06-66492,(35)-22-70536,01/03/1978,07:42:40,4924
(28)-21-77745,(29)-27-27375,01/03/1978,09:03:30,408
(58)-06-23435,(58)-03-95207,01/03/1978,12:10:12,136
(72)-15-69074,(45)-02-38593,01/03/1978,13:05:09,405
(28)-14-00071,(30)-22-80332,01/03/1978,13:34:31,69
(26)-11-96791,(79)-02-02272,01/03/1978,15:33:34,516
(29)-18-03703,(44)-25-00627,01/03/1978,21:13:59,25
(44)-11-33184,(55)-12-18545,01/04/1978,05:27:36,198
(63)-09-46047,(58)-01-63009,01/04/1978,06:44:53,1739
(71)-09-36596,(77)-12-04897,01/04/1978,08:13:02,273
(35)-05-09616,(33)-00-40114,01/04/1978,09:46:59,18
(50)-20-98564,(33)-17-06549,01/04/1978,10:01:33,1065
(52)-10-76706,(51)-05-68387,01/04/1978,11:56:22,158
(76)-10-36285,(55)-18-13227,01/04/1978,20:02:35,353
(66)-15-44031,(48)-21-91710,01/05/1978,02:22:59,504
(53)-04-07793,(75)-09-05380,01/05/1978,05:15:24,737
(64)-16-18413,(47)-00-91543,01/05/1978,12:28:19,266
(26)-04-31681,(28)-15-79482,01/05/1978,16:58:42,587
(33)-18-31843,(69)-10-08100,01/05/1978,22:12:22,402
(54)-06-86762,(71)-13-84848,01/06/1978,04:43:58,2093
(36)-19-20706,(53)-05-01604,01/06/1978,07:45:27,77
(64)-16-82656,(62)-03-89548,01/06/1978,08:55:42,865
(54)-01-27367,(47)-03-93354,01/06/1978,15:01:12,2054
(23)-18-41278,(68)-06-60947,01/06/1978,20:31:31,306
(62)-10-55765,(71)-04-02754,01/07/1978,04:44:41,50
(47)-15-56630,(27)-27-16098,01/07/1978,06:08:33,1314
(40)-02-11164,(61)-09-64473,01/07/1978,08:44:08,269
(56)-15-39088,(40)-07-20274,01/07/1978,16:20:51,197
(34)-25-22251,(36)-17-24967,01/08/1978,03:21:07,11
(22)-24-35453,(31)-28-27296,01/08/1978,12:06:01,756
(39)-26-79658,(28)-07-31901,01/09/1978,01:49:31,796
(28)-04-83085,(65)-15-79213,01/09/1978,10:16:32,865
(48)-20-32731,(47)-06-72188,01/09/1978,15:42:53,136
(74)-02-94935,(74)-11-93166,01/10/1978,01:36:41,235
(77)-04-28868,(72)-01-23786,01/10/1978,02:10:23,1877
(54)-06-81837,(35)-00-09870,01/10/1978,05:57:09,86
(43)-14-40696,(57)-04-15197,01/10/1978,15:19:50,92
(45)-23-85537,(27)-26-37277,01/10/1978,15:30:58,1541
(60)-15-65201,(56)-03-23182,01/11/1978,00:14:08,673
(36)-07-22745,(24)-03-08537,01/11/1978,09:58:11,139
(51)-13-07874,(34)-19-45567,01/11/1978,13:47:10,746
(65)-05-33504,(22)-22-32804,01/11/1978,15:34:17,558
(57)-19-85014,(70)-04-84444,01/11/1978,15:40:07,2778
(29)-06-45853,(71)-01-87196,01/11/1978,20:48:19,640
(45)-14-66898,(60)-03-22160,01/11/1978,21:08:30,124
(21)-28-51207,(37)-19-54392,01/11/1978,22:25:41,863
(57)-12-98925,(54)-10-88075,01/11/1978,23:44:02,251
(42)-08-30829,(55)-04-06892,01/12/1978,01:07:12,2543
(41)-01-24732,(37)-21-31774,01/12/1978,02:10:35,95
(41)-24-13780,(77)-08-53975,01/12/1978,02:22:18,206
(75)-03-79454,(59)-06-31346,01/12/1978,03:24:59,254
(76)-03-65437,(62)-05-42030,01/12/1978,08:19:48,513
(37)-13-65555,(55)-02-92569,01/12/1978,09:36:17,275
(69)-05-18620,(50)-02-29885,01/12/1978,13:05:14,286
(26)-25-13044,(57)-05-82256,01/13/1978,03:55:55,862
(33)-03-69550,(66)-15-31251,01/13/1978,04:17:45,498
(74)-02-62554,(30)-22-76096,01/13/1978,08:10:10,1800
(33)-14-78980,(69)-16-13178,01/13/1978,10:29:35,815
(25)-12-85276,(63)-06-98056,01/13/1978,15:44:47,152
(57)-08-62232,(64)-08-33785,01/14/1978,03:07:52,2135
(43)-16-24295,(65)-13-26899,01/14/1978,04:15:33,815
(44)-10-95893,(70)-12-17797,01/14/1978,06:27:52,532
(58)-17-27495,(77)-03-90801,01/14/1978,21:37:00,922
(29)-15-27021,(72)-08-49862,01/15/1978,00:24:45,73
(34)-27-02879,(65)-08-38336,01/15/1978,03:15:15,240
(60)-03-50162,(58)-08-65152,01/15/1978,03:57:49,452
(68)-11-21132,(76)-11-70514,01/15/1978,07:46:21,254
(41)-25-53472,(65)-01-94460,01/15/1978,12:21:41,250
(30)-07-74083,(76)-09-58603,01/15/1978,16:03:31,334
(27)-28-58448,(73)-08-91691,01/16/1978,07:01:53,90
(28)-05-84778,(29)-29-66179,01/16/1978,10:55:03,538
(59)-04-00128,(67)-17-06136,01/17/1978,11:48:01,264
(31)-00-09433,(62)-02-54401,01/18/1978,00:00:24,1184
(51)-05-34433,(31)-26-15500,01/18/1978,01:46:19,292
(48)-09-41650,(50)-03-75005,01/18/1978,05:06:29,210
(72)-05-10665,(31)-25-83789,01/18/1978,06:13:01,143
(72)-06-74587,(63)-00-43964,01/18/1978,11:16:37,78
(42)-06-97485,(33)-07-62717,01/18/1978,15:58:02,969
(39)-25-28732,(33)-04-97413,01/18/1978,17:15:58,266
(30)-16-29272,(20)-13-51778,01/18/1978,20:34:49,247
(45)-13-16376,(23)-16-70846,01/18/1978,22:49:00,280
(74)-00-13823,(76)-00-52916,01/19/1978,03:45:54,865
(22)-06-81187,(61)-19-37678,01/19/1978,06:35:52,45
(51)-00-96205,(43)-02-88658,01/19/1978,08:12:01,297
(41)-19-53562,(53)-16-79493,01/19/1978,08:15:17,672
(68)-04-51016,(72)-05-32291,01/19/1978,08:19:53,788
(66)-05-91769,(75)-11-95079,01/19/1978,10:26:41,905
(42)-13-14389,(75)-14-54988,01/19/1978,21:08:25,599
(59)-10-93870,(40)-17-61764,01/20/1978,04:09:31,251
(51)-00-00373,(75)-05-25189,01/20/1978,05:35:39,174
(50)-09-72774,(46)-00-68287,01/20/1978,19:08:24,119
(46)-24-72116,(78)-12-19366,01/20/1978,21:26:56,202
(49)-13-33997,(73)-00-98315,01/20/1978,21:58:06,740
(37)-00-18798,(66)-06-02612,01/21/1978,00:00:31,501
(42)-20-50271,(21)-23-99264,01/21/1978,02:07:09,339
(59)-10-04805,(74)-12-56412,01/21/1978,08:59:47,2696
(69)-04-32519,(61)-09-45212,01/21/1978,09:00:56,322
(72)-08-55693,(32)-18-44195,01/21/1978,10:01:57,112
(20)-13-00114,(26)-18-35760,01/21/1978,11:26:22,3132
(78)-05-88088,(40)-10-82804,01/21/1978,14:55:21,712
(47)-11-81145,(35)-06-33785,01/21/1978,17:27:36,214
(35)-17-76687,(53)-09-77278,01/22/1978,11:36:08,267
(31)-28-39071,(34)-20-68846,01/22/1978,14:18:13,924
(32)-20-45251,(62)-18-26253,01/22/1978,19:42:03,253
(69)-08-43767,(42)-24-16851,01/22/1978,22:00:04,497
(29)-18-80277,(43)-22-84513,01/23/1978,06:42:45,746
(70)-11-65799,(58)-04-28218,01/23/1978,10:32:24,2205
(59)-18-53407,(72)-07-18029,01/23/1978,10:42:57,237
(52)-03-04505,(23)-16-04753,01/23/1978,12:03:26,515
(48)-13-84173,(46)-24-84967,01/23/1978,17:05:46,786
(30)-08-23723,(21)-22-95792,01/23/1978,19:22:00,290
(37)-17-71406,(59)-10-86188,01/24/1978,00:42:30,231
(25)-24-71034,(25)-24-46176,01/24/1978,02:14:47,261
(63)-12-80829,(31)-05-85437,01/24/1978,03:19:43,961
(77)-06-88587,(37)-27-40941,01/24/1978,12:25:09,7
(48)-23-08095,(29)-25-53622,01/25/1978,04:35:56,91
(62)-06-18268,(68)-13-33697,01/25/1978,05:20:24,2211
(74)-08-75741,(56)-16-89982,01/25/1978,22:46:48,256
(24)-21-96833,(48)-19-93734,01/26/1978,02:17:48,253
(42)-10-96737,(54)-15-59788,01/26/1978,16:01:45,231
(51)-13-17271,(69)-09-74843,01/26/1978,19:51:12,67
(77)-10-10894,(23)-01-58363,01/26/1978,21:03:15,827
(40)-00-19324,(43)-15-45020,01/27/1978,04:24:35,259
(27)-29-72559,(49)-17-45797,01/27/1978,05:58:33,2227
(47)-05-11994,(78)-03-99119,01/27/1978,17:44:30,105
(70)-05-51882,(75)-00-55670,01/28/1978,01:21:27,653
(37)-13-34917,(36)-22-59691,01/28/1978,02:22:32,264
(65)-16-77926,(52)-09-72961,01/28/1978,02:40:05,210
(66)-07-91868,(28)-25-30366,01/28/1978,04:03:08,482
(24)-00-63070,(39)-05-61624,01/28/1978,10:08:36,713
(28)-26-34831,(50)-06-99097,01/28/1978,11:18:35,613
(73)-02-60888,(78)-02-39077,01/28/1978,13:53:56,257
(70)-04-60286,(47)-01-37240,01/28/1978,19:32:04,773
(26)-29-32335,(49)-12-33059,01/28/1978,21:14:53,510
(21)-07-02088,(33)-25-51004,01/29/1978,01:35:50,251
(48)-09-41437,(26)-21-12427,01/29/1978,06:44:52,876
(26)-04-65787,(61)-02-58063,01/29/1978,06:57:33,65
(66)-01-09527,(24)-23-28728,01/29/1978,08:27:05,107
(70)-04-76525,(26)-24-09956,01/29/1978,13:42:21,1779
(75)-07-55026,(39)-08-93346,01/29/1978,15:26:22,386
(62)-15-71528,(23)-28-50386,01/29/1978,20:26:56,141
(45)-11-34126,(21)-17-34640,01/29/1978,21:28:48,17
(41)-01-67843,(39)-17-98367,01/30/1978,00:07:36,48
(37)-10-51615,(72)-12-24062,01/30/1978,05:01:51,1651
(60)-16-91413,(63)-06-09851,01/30/1978,07:50:50,340
(68)-04-00635,(60)-16-14217,01/30/1978,09:48:24,168
(27)-16-83814,(46)-22-96509,01/30/1978,15:31:32,1082
(42)-20-78428,(21)-02-26758,01/30/1978,17:36:30,842
(29)-27-70745,(62)-09-76031,01/30/1978,19:27:38,869
(45)-23-73155,(44)-22-92465,01/30/1978,19:56:09,377
(45)-00-42926,(79)-05-82972,01/30/1978,23:14:07,85
(37)-14-88822,(62)-16-76641,01/31/1978,05:32:25,319
(63)-15-00878,(64)-14-85959,01/31/1978,09:44:20,174
(61)-00-46595,(29)-10-50813,01/31/1978,19:10:24,59
(72)-01-11845,(30)-06-16841,01/31/1978,20:56:06,288
(30)-19-30074,(50)-21-04676,01/31/1978,23:13:34,15
(27)-13-59614,(30)-01-75875,02/01/1978,01:20:58,189
(50)-23-03222,(20)-17-00528,02/01/1978,01:22:59,775
(60)-02-15597,(23)-24-56619,02/01/1978,03:07:10,25
(34)-19-24140,(58)-06-05210,02/01/1978,03:59:48,1335
(27)-15-81148,(21)-30-20164,02/01/1978,05:28:37,16
(34)-26-69986,(53)-07-38664,02/01/1978,16:37:27,291
(20)-21-41880,(51)-10-30644,02/01/1978,16:58:03,199
(28)-03-39715,(73)-03-44543,02/01/1978,18:01:57,275
(48)-12-10093,(22)-28-77149,02/01/1978,21:37:04,883
(56)-14-23043,(38)-13-88879,02/02/1978,10:11:45,140
(29)-11-62524,(45)-09-01516,02/02/1978,11:06:48,210
(30)-25-54737,(59)-14-14769,02/02/1978,12:39:15,366
(34)-06-67593,(60)-19-02034,02/02/1978,16:55:22,493
(71)-01-76422,(21)-31-85789,02/02/1978,20:47:36,243
(23)-30-48281,(43)-22-76185,02/02/1978,21:55:58,3082
(57)-17-05008,(77)-06-90046,02/03/1978,06:32:00,843
(23)-18-23836,(37)-19-29586,02/03/1978,08:49:41,683
(29)-12-09224,(63)-01-36249,02/03/1978,11:06:05,879
(78)-07-74388,(60)-06-39791,02/03/1978,13:01:49,2106
(71)-16-30022,(26)-13-67248,02/03/1978,16:39:13,338
(44)-02-02377,(21)-12-60941,02/04/1978,01:21:51,537
(32)-02-23396,(54)-14-97592,02/04/1978,09:45:13,84
(51)-05-61843,(37)-06-76955,02/04/1978,11:33:18,3095
(20)-27-68414,(41)-09-73188,02/04/1978,16:57:24,850
(46)-16-28152,(64)-16-82656,02/04/1978,19:58:40,717
(71)-02-92328,(54)-01-27367,02/04/1978,20:56:56,2326
(25)-05-97230,(48)-08-55954,02/04/1978,22:27:31,1914
(31)-01-94253,(42)-05-11665,02/04/1978,23:01:20,632
(40)-04-40858,(30)-15-90272,02/05/1978,02:33:26,3822
(78)-12-24459,(43)-11-93922,02/05/1978,21:14:39,210
(73)-06-90516,(50)-22-02996,02/06/1978,02:06:20,715
(70)-07-09812,(66)-02-91994,02/06/1978,05:48:28,56
(47)-08-43674,(35)-23-67127,02/06/1978,06:40:25,905
(27)-20-69886,(48)-17-62228,02/06/1978,14:32:31,1936
(46)-16-24743,(43)-00-94306,02/06/1978,17:15:54,436
(46)-03-61942,(30)-00-65998,02/06/1978,22:27:30,362
(57)-10-97696,(54)-01-10635,02/07/1978,01:05:48,741
(70)-06-87356,(76)-03-89141,02/07/1978,02:34:04,777
(27)-14-60175,(60)-13-21982,02/07/1978,09:53:12,187
(62)-15-96677,(51)-06-98060,02/07/1978,12:55:56,242
(70)-15-68712,(75)-10-18738,02/07/1978,14:36:12,392
(68)-05-11402,(70)-09-75077,02/07/1978,18:49:31,836
(45)-22-26433,(56)-19-41456,02/07/1978,18:50:43,72
(26)-18-98402,(54)-07-56692,02/08/1978,00:30:28,753
(24)-05-41367,(41)-03-39290,02/08/1978,16:48:25,116
(36)-14-03671,(57)-16-79986,02/08/1978,16:57:19,247
(75)-02-49961,(61)-02-34643,02/09/1978,00:37:04,3342
(42)-24-36657,(41)-02-01880,02/09/1978,00:45:56,444
(37)-20-62948,(30)-19-48127,02/09/1978,02:26:22,752
(57)-20-05829,(38)-06-92427,02/09/1978,06:25:28,96
(73)-05-37275,(79)-09-56595,02/09/1978,11:53:49,2360
(47)-11-53439,(24)-11-04076,02/09/1978,13:04:51,67
(23)-14-85163,(71)-16-04120,02/09/1978,15:03:10,37
(24)-18-72602,(76)-09-83927,02/09/1978,21:29:47,277
(78)-11-85985,(38)-23-07336,02/09/1978,22:55:08,2361
(25)-00-05123,(37)-27-67554,02/10/1978,05:17:01,384
(28)-02-71690,(46)-21-29921,02/10/1978,07:19:34,170
(53)-06-36101,(54)-19-33197,02/10/1978,10:03:06,719
(22)-20-07563,(64)-00-50374,02/10/1978,19:01:19,140
(41)-00-40557,(45)-13-07196,02/11/1978,08:13:48,336
(79)-00-29659,(31)-10-78160,02/11/1978,10:17:40,677
(63)-07-61905,(35)-06-10737,02/11/1978,14:18:47,2632
(48)-00-21861,(75)-10-28021,02/11/1978,14:27:45,162
(36)-11-10185,(30)-01-83883,02/11/1978,17:48:59,119
(30)-10-21483,(57)-18-90634,02/11/1978,19:00:42,816
(70)-08-70375,(47)-10-25101,02/11/1978,21:20:54,791
(35)-00-86401,(64)-10-58008,02/11/1978,21:24:09,2757
(30)-01-85728,(69)-06-08874,02/12/1978,08:35:08,263
(70)-01-26705,(27)-25-39490,02/12/1978,10:38:05,5064
(52)-00-52184,(67)-12-74383,02/12/1978,12:14:45,498
(52)-10-52001,(68)-13-62938,02/12/1978,17:30:15,879
(74)-08-38915,(51)-05-05232,02/12/1978,20:05:20,2477
(68)-00-83288,(62)-01-14756,02/12/1978,22:48:44,366
(31)-08-70912,(38)-07-45950,02/14/1978,00:35:31,159
(44)-10-95893,(75)-00-12118,02/14/1978,01:53:20,227
(77)-02-93736,(22)-27-65477,02/14/1978,13:25:09,1532
(76)-03-46307,(65)-18-75540,02/15/1978,01:09:22,187
(32)-26-77814,(66)-12-84810,02/15/1978,18:23:57,1779
(66)-07-16901,(63)-11-95349,02/16/1978,06:07:43,20
(54)-01-53248,(61)-06-01689,02/16/1978,06:41:18,384
(40)-07-20495,(50)-08-36706,02/16/1978,11:05:38,9
(36)-02-32102,(27)-25-16410,02/16/1978,11:58:40,177
(67)-15-22195,(77)-10-36570,02/16/1978,12:27:45,139
(57)-13-39347,(71)-11-81057,02/16/1978,17:54:20,830
(25)-13-77204,(20)-27-31618,02/16/1978,20:17:23,2523
(32)-19-04633,(53)-08-74786,02/17/1978,05:33:01,742
(69)-04-32519,(64)-05-95128,02/17/1978,16:02:04,241
(46)-00-49088,(67)-02-59504,02/17/1978,17:32:43,24
(62)-18-23265,(30)-07-05793,02/17/1978,19:04:01,405
(63)-07-80022,(25)-18-11956,02/17/1978,19:26:18,1643
(63)-10-47147,(78)-06-57856,02/17/1978,22:14:04,457
(78)-01-07250,(25)-23-13665,02/18/1978,02:21:20,205
(53)-17-56296,(75)-05-99155,02/18/1978,02:30:00,684
(39)-02-35721,(62)-16-59181,02/18/1978,04:18:48,251
(66)-10-84466,(28)-05-88157,02/18/1978,07:23:18,88
(33)-07-76117,(70)-09-22764,02/18/1978,09:33:01,133
(56)-07-31468,(69)-15-45214,02/19/1978,06:15:19,497
(27)-01-78520,(51)-16-08584,02/19/1978,08:30:56,305
(52)-03-10381,(78)-09-44480,02/19/1978,08:57:28,129
(49)-22-99206,(22)-26-93906,02/19/1978,13:44:35,735
(44)-23-26529,(42)-25-90419,02/19/1978,14:16:49,137
(63)-16-83250,(44)-24-35238,02/19/1978,15:57:10,5485
(42)-18-01947,(73)-08-73010,02/19/1978,17:36:34,41
(25)-04-32270,(40)-03-13547,02/20/1978,03:10:57,298
(22)-16-82769,(40)-00-04079,02/20/1978,14:56:14,111
(26)-15-62280,(68)-14-73783,02/20/1978,16:31:53,887
(56)-12-45391,(72)-00-55619,02/20/1978,17:54:22,165
(53)-00-09354,(65)-01-92064,02/20/1978,19:01:00,264
(64)-14-50660,(29)-14-36334,02/20/1978,23:22:03,235
(23)-23-87164,(54)-00-00248,02/21/1978,13:53:58,196
(62)-04-47776,(42)-10-64246,02/21/1978,19:02:16,109
(44)-07-27688,(44)-25-02453,02/22/1978,02:59:46,203
(42)-19-83212,(67)-14-74667,02/22/1978,04:30:00,538
(28)-30-35313,(67)-08-81943,02/22/1978,09:17:27,114
(28)-28-16055,(41)-23-20925,02/22/1978,10:44:49,2785
(60)-13-83741,(47)-22-51916,02/22/1978,17:18:52,763
(57)-01-12443,(28)-30-55412,02/22/1978,22:20:23,631
(28)-06-56690,(54)-05-96782,02/23/1978,02:08:12,54
(74)-11-23953,(76)-08-77045,02/23/1978,13:25:55,620
(34)-26-82299,(64)-15-23103,02/23/1978,22:34:42,1927
(33)-25-83474,(63)-06-07056,02/24/1978,02:08:43,4485
(53)-02-14081,(56)-19-49731,02/24/1978,05:37:34,754
(62)-00-60078,(67)-06-68648,02/24/1978,18:31:11,44
(25)-09-71669,(56)-19-83328,02/24/1978,19:50:39,257
(26)-27-49750,(69)-13-05537,02/24/1978,20:26:54,2786
(68)-08-62890,(33)-28-59385,02/24/1978,20:33:09,419
(23)-01-71579,(61)-06-01689,02/24/1978,21:21:38,721
(57)-19-85181,(54)-11-13202,02/25/1978,05:11:00,2859
(36)-08-84519,(63)-03-42836,02/25/1978,07:34:16,90
(61)-07-69490,(66)-12-86030,02/25/1978,09:01:38,296
(64)-03-71104,(37)-06-63430,02/25/1978,23:26:25,324
(75)-05-01846,(44)-24-30388,02/26/1978,05:47:57,262
(25)-09-14099,(72)-13-58155,02/26/1978,13:45:58,337
(27)-23-89985,(53)-00-10037,02/26/1978,17:43:46,1388
(74)-11-48771,(40)-23-64739,02/26/1978,20:29:53,732
(31)-09-71122,(47)-09-32987,02/27/1978,00:23:45,100
(57)-18-07756,(29)-22-27389,02/27/1978,01:08:45,546
(69)-02-29017,(46)-08-60607,02/27/1978,02:56:35,513
(46)-17-95745,(26)-29-88548,02/27/1978,03:58:34,748
(29)-16-74368,(66)-06-32263,02/27/1978,19:37:13,2376
(59)-17-32064,(47)-12-82116,02/28/1978,00:13:27,144
(24)-04-94826,(56)-11-02079,02/28/1978,03:48:45,209
(71)-12-39469,(40)-05-21768,02/28/1978,03:56:00,1415
(69)-12-25461,(45)-06-25484,02/28/1978,06:36:36,347
(35)-08-84414,(78)-05-88088,02/28/1978,10:43:34,633
(20)-30-72285,(34)-25-62637,02/28/1978,13:34:38,581
(28)-00-01214,(69)-03-20854,03/01/1978,07:41:56,51
(36)-00-05420,(46)-15-30045,03/01/1978,08:02:09,61
(67)-00-15363,(76)-01-58268,03/01/1978,16:37:56,2623
(21)-31-47044,(34)-03-68880,03/01/1978,23:21:12,210
(67)-15-45012,(25)-20-17851,03/02/1978,07:12:49,104
(43)-18-58590,(64)-05-94135,03/02/1978,10:23:07,155
(60)-16-86182,(57)-01-37923,03/02/1978,12:54:50,626
(77)-05-01862,(44)-02-08975,03/02/1978,13:21:45,227
(70)-09-37088,(28)-26-55775,03/02/1978,15:44:09,717
(20)-26-64226,(27)-19-41214,03/02/1978,18:24:08,744
(38)-22-55794,(68)-02-40525,03/03/1978,04:10:24,308
(55)-11-02474,(44)-12-02312,03/03/1978,05:41:06,258
(67)-10-73740,(22)-08-41500,03/03/1978,16:03:34,607
(41)-11-81769,(27)-21-30137,03/03/1978,17:13:21,713
(77)-05-22769,(26)-17-33110,03/03/1978,23:24:04,15
(24)-11-26365,(41)-00-67370,03/04/1978,02:24:16,106
(76)-14-42792,(78)-03-32756,03/04/1978,05:36:14,108
(49)-05-85567,(35)-22-29690,03/04/1978,08:02:28,168
(65)-05-24344,(45)-01-00725,03/04/1978,09:08:36,48
(66)-11-16159,(38)-15-66384,03/04/1978,11:35:37,8
(44)-08-25534,(24)-13-95580,03/04/1978,12:37:50,196
(56)-06-43744,(57)-18-69967,03/04/1978,13:03:25,3114
(39)-21-03353,(63)-04-65632,03/04/1978,17:45:49,882
(55)-02-91454,(57)-07-36415,03/05/1978,03:45:27,158
(41)-02-31890,(21)-31-75822,03/05/1978,05:27:18,851
(24)-28-16473,(57)-17-05008,03/05/1978,12:48:32,190
(30)-26-86084,(32)-08-67698,03/05/1978,14:24:50,144
(28)-23-50384,(52)-07-30736,03/06/1978,09:47:00,446
(72)-02-17240,(25)-20-87724,03/06/1978,15:27:16,717
(22)-16-68934,(33)-22-58034,03/06/1978,15:44:02,168
(58)-15-16356,(39)-10-05323,03/06/1978,16:07:58,852
(36)-24-19485,(62)-03-46586,03/06/1978,19:30:34,911
(26)-28-21330,(72)-08-85675,03/07/1978,00:46:19,790
(41)-18-47032,(27)-29-30698,03/07/1978,01:41:28,131
(42)-04-31798,(63)-08-09281,03/07/1978,02:03:00,697
(41)-03-40500,(67)-05-31673,03/07/1978,03:43:17,382
(30)-16-93085,(29)-05-03253,03/07/1978,05:31:59,406
(59)-13-89828,(52)-04-08594,03/07/1978,06:41:09,2954
(33)-02-55955,(41)-24-32877,03/07/1978,08:05:00,238
(45)-04-68694,(67)-07-91099,03/07/1978,17:48:41,213
(76)-02-66412,(74)-09-22025,03/07/1978,19:30:04,395
(59)-14-77683,(61)-08-23694,03/07/1978,22:53:00,257
(44)-07-12618,(52)-02-69393,03/08/1978,05:46:23,833
(66)-10-63950,(32)-16-36106,03/08/1978,15:35:05,164
(76)-04-55236,(35)-04-24321,03/08/1978,20:16:07,241
(47)-17-30245,(44)-23-56136,03/09/1978,01:36:15,424
(50)-01-31227,(45)-24-66232,03/09/1978,03:38:52,184
(71)-06-30300,(43)-03-20238,03/09/1978,05:17:31,620
(74)-04-55961,(73)-09-67723,03/09/1978,06:00:43,3089
(56)-12-31289,(69)-08-60140,03/09/1978,14:33:39,231
(29)-26-88014,(36)-13-74631,03/09/1978,16:07:41,521
(53)-21-31506,(28)-24-70510,03/09/1978,17:04:37,35
(62)-01-39429,(73)-14-23678,03/09/1978,19:49:27,67
(70)-05-30446,(48)-05-85608,03/09/1978,21:57:06,71
(44)-04-04822,(22)-05-81043,03/10/1978,00:07:15,255
(30)-18-90831,(51)-12-89515,03/10/1978,02:16:17,270
(38)-07-60411,(64)-04-86385,03/10/1978,20:03:29,123
(25)-21-13249,(51)-07-61615,03/10/1978,20:44:10,246
(29)-17-71233,(75)-00-55670,03/10/1978,23:18:27,291
(48)-05-56337,(68)-12-09698,03/11/1978,07:04:17,243
(64)-08-40389,(56)-03-93452,03/11/1978,07:30:37,843
(29)-16-46824,(35)-17-71727,03/11/1978,15:47:28,255
(49)-10-46304,(44)-24-16035,03/11/1978,16:20:51,752
(31)-18-38633,(67)-00-50262,03/11/1978,17:44:07,397
(70)-12-79356,(51)-09-77868,03/11/1978,21:59:54,219
(46)-01-95722,(65)-14-36548,03/12/1978,02:10:10,59
(57)-14-05085,(56)-13-32114,03/12/1978,03:39:11,55
(33)-19-28001,(78)-12-26954,03/12/1978,12:20:28,1287
(28)-07-79393,(52)-22-20961,03/13/1978,00:36:24,15
(54)-11-72349,(21)-28-00142,03/13/1978,03:17:40,509
(58)-20-77190,(59)-01-50181,03/13/1978,03:41:46,3586
(50)-03-94837,(31)-02-59683,03/13/1978,13:13:45,54
(58)-13-30265,(55)-12-34881,03/13/1978,16:33:12,332
(49)-06-19950,(57)-07-31863,03/13/1978,22:32:01,28
(72)-13-23922,(28)-02-95106,03/13/1978,23:37:31,240
(60)-01-95788,(49)-00-08133,03/14/1978,07:53:48,222
(62)-10-77990,(71)-14-98468,03/14/1978,12:19:44,1184
(52)-10-63486,(37)-16-64058,03/14/1978,20:16:54,201
(37)-02-96677,(27)-02-58672,03/14/1978,23:59:40,32
(34)-26-01582,(57)-08-64581,03/15/1978,07:10:28,312
(38)-01-27377,(63)-14-11360,03/15/1978,08:26:06,2664
(46)-18-02134,(63)-02-84538,03/15/1978,09:00:57,155
(42)-02-96446,(64)-08-91846,03/15/1978,09:28:33,526
(77)-04-19861,(39)-17-75251,03/15/1978,11:00:28,799
(61)-12-56906,(48)-18-17915,03/15/1978,11:46:40,73
(25)-20-87724,(21)-20-97873,03/15/1978,12:04:15,1818
(39)-22-42250,(72)-11-82096,03/15/1978,13:17:46,629
(36)-25-70225,(62)-06-21419,03/16/1978,00:09:53,4003
(45)-22-42827,(44)-21-93404,03/16/1978,17:28:29,703
(47)-07-00652,(24)-10-32938,03/16/1978,22:39:10,90
(56)-03-58116,(29)-28-92631,03/17/1978,08:36:18,626
(35)-05-96460,(43)-16-64187,03/17/1978,14:56:16,3416
(62)-17-61711,(34)-19-11984,03/17/1978,17:37:24,552
(47)-01-79074,(66)-16-37589,03/18/1978,01:39:40,116
(41)-17-07807,(42)-05-00741,03/18/1978,07:09:03,5226
(77)-00-77482,(58)-01-10213,03/18/1978,08:19:09,610
(48)-13-54092,(29)-10-09796,03/18/1978,16:09:52,414
(26)-02-19359,(35)-03-34240,03/18/1978,17:15:55,591
(74)-07-69578,(40)-16-47476,03/18/1978,21:12:28,29
(53)-06-70172,(30)-08-89423,03/18/1978,22:24:39,559
(24)-27-58265,(22)-00-53028,03/19/1978,01:36:00,47
(28)-19-06885,(59)-07-66691,03/19/1978,02:18:33,118
(23)-01-56745,(64)-05-13292,03/19/1978,02:30:14,274
(63)-01-60850,(31)-22-79121,03/19/1978,06:38:16,462
(65)-14-06458,(66)-13-15149,03/19/1978,09:16:33,190
(61)-12-66225,(64)-11-78327,03/19/1978,11:27:50,1373
(69)-06-39108,(39)-03-11175,03/19/1978,13:44:00,132
(42)-06-49846,(61)-18-38511,03/19/1978,14:52:41,52
(79)-06-23392,(59)-16-71627,03/19/1978,18:40:35,140
(38)-27-61658,(37)-17-66396,03/19/1978,19:17:27,183
(39)-25-00232,(31)-09-82769,03/19/1978,19:59:33,894
(40)-15-20318,(42)-01-88900,03/19/1978,21:32:26,3164
(53)-18-06464,(59)-07-54857,03/19/1978,23:06:05,379
(28)-13-60065,(61)-07-21091,03/20/1978,06:10:19,554
(43)-04-72695,(59)-04-45250,03/20/1978,08:42:17,71
(28)-01-76287,(30)-02-52566,03/20/1978,12:34:15,78
(69)-06-94817,(39)-06-69368,03/20/1978,15:27:36,662
(42)-08-22307,(49)-20-60392,03/20/1978,23:44:34,20
(66)-15-85668,(71)-12-64557,03/20/1978,23:48:12,32
(48)-06-84068,(27)-08-86293,03/20/1978,23:55:51,447
(25)-05-93383,(20)-28-57077,03/21/1978,00:31:23,134
(66)-15-74989,(72)-02-07231,03/21/1978,05:10:15,206
(78)-06-88330,(63)-16-17212,03/21/1978,11:28:15,288
(58)-09-07906,(58)-15-70241,03/21/1978,12:05:27,419
(33)-17-23383,(25)-27-42734,03/21/1978,13:52:37,150
(60)-03-84645,(75)-05-76174,03/21/1978,16:07:11,2928
(67)-15-00135,(37)-23-33253,03/21/1978,21:23:26,3473
(24)-23-78961,(74)-04-50243,03/21/1978,21:45:30,132
(57)-16-37260,(36)-21-53304,03/22/1978,10:34:42,144
(77)-07-92489,(48)-18-06707,03/22/1978,20:02:55,6
(66)-12-90812,(37)-03-56538,03/22/1978,22:26:00,35
(34)-08-84792,(27)-24-24943,03/23/1978,04:45:54,59
(43)-07-66037,(35)-08-87956,03/23/1978,06:16:21,43
(66)-15-52103,(39)-09-98229,03/23/1978,06:31:05,616
(54)-01-66026,(53)-09-91152,03/23/1978,15:55:18,26
(55)-18-14403,(40)-00-97885,03/23/1978,20:04:04,65
(53)-04-00336,(39)-09-84367,03/24/1978,00:07:15,275
(29)-01-72913,(51)-12-38362,03/24/1978,02:34:04,180
(66)-14-90409,(30)-18-77038,03/24/1978,06:10:15,284
(75)-07-34964,(55)-01-52701,03/24/1978,12:45:43,27
(40)-00-20163,(51)-00-55453,03/24/1978,16:31:10,92
(51)-12-63409,(53)-12-91663,03/25/1978,05:43:07,6982
(59)-00-46382,(29)-30-79846,03/25/1978,13:28:52,205
(28)-03-76543,(77)-09-20915,03/25/1978,16:58:03,867
(29)-07-37023,(42)-24-43008,03/25/1978,17:18:16,269
(39)-03-80012,(50)-08-99477,03/25/1978,17:34:57,264
(47)-16-78509,(62)-05-59313,03/25/1978,18:16:47,162
(21)-27-78120,(54)-18-86515,03/25/1978,20:51:19,1930
(50)-13-46586,(40)-21-58632,03/26/1978,00:13:11,2751
(66)-06-30620,(31)-25-41330,03/26/1978,00:50:11,71
(68)-01-01184,(59)-15-63922,03/26/1978,01:34:22,683
(78)-04-86797,(43)-09-31138,03/26/1978,08:11:37,430
(58)-14-91728,(64)-14-85786,03/26/1978,17:18:37,157
(62)-13-28588,(61)-07-33805,03/27/1978,00:15:01,46
(58)-18-69035,(53)-18-98584,03/27/1978,09:52:26,398
(72)-06-32089,(63)-17-22797,03/27/1978,14:05:53,794
(22)-11-47918,(72)-00-30402,03/27/1978,18:39:44,185
(26)-15-29927,(24)-10-40306,03/27/1978,23:05:09,542
(79)-11-18277,(63)-07-25425,03/28/1978,07:45:17,260
(47)-21-08913,(40)-25-31709,03/28/1978,09:30:19,319
(37)-18-21537,(78)-11-18124,03/28/1978,17:15:12,440
(45)-16-07434,(29)-03-23684,03/28/1978,17:27:39,1170
(59)-07-73233,(22)-02-11126,03/28/1978,19:21:02,245
(49)-18-23187,(24)-10-85171,03/29/1978,00:19:44,234
(43)-04-74669,(62)-05-52645,03/29/1978,04:20:44,495
(71)-00-88082,(57)-00-79062,03/29/1978,07:28:00,23
(62)-18-78206,(64)-16-14638,03/29/1978,12:08:08,200
(38)-17-35260,(45)-08-87745,03/29/1978,14:53:27,548
(32)-13-69217,(46)-07-95066,03/29/1978,20:07:09,139
(67)-15-21569,(45)-12-17684,03/29/1978,21:00:16,513
(62)-15-98521,(23)-25-25585,03/30/1978,03:25:07,102
(39)-14-45260,(20)-20-46983,03/30/1978,12:15:00,277
(57)-03-34557,(67)-09-69108,03/31/1978,05:44:52,223
(76)-00-33315,(77)-04-14517,03/31/1978,09:18:12,81
(48)-18-13606,(74)-00-70280,03/31/1978,14:14:25,517
(71)-06-14297,(76)-06-01149,03/31/1978,23:56:01,227
(26)-20-89064,(21)-06-85155,04/01/1978,07:58:46,781
(46)-06-43010,(45)-12-09286,04/01/1978,12:04:11,448
(47)-00-57876,(34)-24-70567,04/01/1978,16:31:54,183
(70)-13-49209,(24)-10-38659,04/01/1978,17:29:29,3453
(40)-13-42387,(27)-18-72714,04/01/1978,22:16:25,315
(46)-10-45887,(45)-23-87997,04/02/1978,00:27:44,403
(22)-22-32804,(66)-05-20470,04/02/1978,01:09:17,692
(61)-17-74027,(32)-19-35963,04/02/1978,03:44:38,361
(36)-11-13311,(57)-16-30197,04/02/1978,08:01:53,61
(20)-06-36576,(41)-21-00511,04/02/1978,08:20:27,74
(69)-05-85656,(57)-07-55582,04/02/1978,08:54:16,1952
(48)-18-85993,(61)-18-56067,04/02/1978,14:29:54,211
(22)-31-66755,(49)-04-80223,04/02/1978,15:36:47,703
(49)-18-52156,(29)-01-27933,04/02/1978,15:48:20,194
(47)-16-44672,(74)-15-35337,04/02/1978,23:10:03,733
(43)-07-88787,(76)-05-85720,04/03/1978,00:48:14,188
(69)-09-11570,(42)-23-94466,04/03/1978,04:11:07,205
(68)-00-10422,(26)-29-26894,04/03/1978,04:40:32,365
(71)-06-43620,(65)-13-80565,04/03/1978,08:37:43,306
(71)-11-44508,(55)-14-59062,04/03/1978,09:55:13,3135
(71)-03-36944,(33)-06-98334,04/03/1978,13:55:21,104
(50)-16-33352,(78)-05-18259,04/03/1978,18:48:42,1635
(59)-19-46307,(60)-00-78521,04/03/1978,20:05:47,239
(71)-02-59594,(64)-08-66354,04/03/1978,20:51:10,788
(63)-04-70014,(66)-03-12061,04/04/1978,03:29:52,2074
(54)-20-64060,(38)-17-49052,04/04/1978,03:36:01,2757
(66)-13-75983,(62)-01-22421,04/04/1978,06:07:57,456
(72)-10-12981,(58)-19-22568,04/04/1978,06:56:09,103
(42)-03-77876,(32)-04-18764,04/04/1978,08:52:24,211
(42)-21-45532,(71)-12-97361,04/04/1978,14:29:04,605
(56)-16-84927,(24)-31-84225,04/04/1978,20:10:12,153
(46)-16-98072,(60)-00-36539,04/05/1978,05:47:33,898
(31)-01-36698,(25)-16-06523,04/05/1978,08:15:09,61
(58)-00-12527,(72)-02-89279,04/05/1978,13:09:51,1181
(50)-04-70130,(38)-17-53250,04/05/1978,18:16:23,85
(43)-09-95559,(62)-10-47127,04/05/1978,19:08:11,187
(49)-22-65854,(63)-13-50558,04/06/1978,20:49:46,262
(43)-24-91579,(38)-13-44990,04/07/1978,02:40:21,783
(29)-03-35467,(66)-04-78599,04/07/1978,03:04:24,285
(72)-04-35852,(49)-20-66233,04/07/1978,17:13:04,498
(46)-07-35971,(40)-17-83030,04/07/1978,20:39:55,3257
(58)-19-32355,(23)-30-92681,04/08/1978,00:43:52,25
(64)-03-75821,(38)-23-84871,04/08/1978,02:33:25,231
(30)-06-24078,(38)-26-95127,04/08/1978,03:28:52,103
(67)-12-44617,(76)-01-40726,04/08/1978,07:26:14,385
(40)-05-27352,(72)-11-94554,04/08/1978,10:21:33,197
(35)-12-71783,(72)-05-03063,04/09/1978,03:35:50,778
(45)-06-02733,(51)-05-66275,04/09/1978,03:54:59,272
(60)-18-90674,(75)-02-04722,04/09/1978,06:35:20,217
(45)-07-29027,(37)-24-78640,04/09/1978,12:37:04,148
(47)-04-37556,(69)-03-21151,04/09/1978,12:52:04,474
(29)-17-02740,(51)-03-53866,04/10/1978,19:09:39,144
(72)-03-24156,(30)-01-74647,04/10/1978,21:56:29,494
(21)-24-23606,(66)-10-54773,04/11/1978,07:01:00,77
(52)-18-45349,(30)-19-23905,04/11/1978,10:36:50,583
(75)-04-27737,(74)-13-47055,04/11/1978,14:33:23,177
(59)-15-92297,(46)-23-28314,04/11/1978,15:41:57,229
(72)-05-69332,(45)-00-01403,04/11/1978,15:54:11,181
(36)-04-53848,(28)-27-63302,04/11/1978,16:17:57,798
(64)-11-65014,(33)-06-85965,04/11/1978,23:05:29,3544
(59)-08-98212,(45)-19-44724,04/12/1978,00:23:34,292
(73)-08-10440,(34)-05-39369,04/12/1978,00:31:47,625
(58)-08-13839,(67)-11-02855,04/12/1978,04:44:39,58
(38)-21-11976,(41)-05-94420,04/12/1978,14:46:34,42
(62)-08-23971,(72)-08-48780,04/12/1978,15:17:28,275
(50)-16-71615,(23)-19-66913,04/12/1978,18:55:43,3563
(57)-04-36981,(60)-02-43380,04/13/1978,10:56:06,101
(34)-20-68846,(34)-12-09216,04/13/1978,11:07:44,2713
(67)-04-38466,(42)-05-02849,04/13/1978,12:14:38,133
(71)-14-25237,(38)-02-66790,04/13/1978,18:05:32,45
(29)-18-25138,(23)-27-95881,04/13/1978,18:49:55,223
(67)-09-70261,(33)-03-81032,04/14/1978,03:45:35,95
(51)-08-01072,(77)-07-16441,04/14/1978,08:50:20,20
(34)-08-54440,(72)-04-00606,04/14/1978,13:31:58,259
(64)-06-48339,(45)-21-34323,04/14/1978,16:07:13,235
(77)-14-87492,(27)-25-02508,04/15/1978,00:34:17,225
(45)-04-64942,(31)-05-74086,04/15/1978,00:38:24,197
(79)-02-74392,(40)-06-67505,04/15/1978,01:27:47,193
(75)-05-88021,(24)-00-10985,04/15/1978,03:50:24,129
(75)-12-22458,(58)-11-74855,04/15/1978,08:41:41,971
(50)-02-41950,(54)-05-50524,04/15/1978,10:49:54,156
(36)-00-42173,(47)-01-03227,04/15/1978,11:36:38,64
(29)-30-40414,(58)-20-21975,04/15/1978,12:09:26,7
(35)-03-18443,(62)-15-52499,04/15/1978,19:56:08,207
(21)-10-49172,(63)-00-25134,04/16/1978,05:11:44,281
(26)-07-65850,(66)-03-75604,04/16/1978,09:14:11,29
(20)-14-25504,(67)-13-04255,04/16/1978,09:42:34,225
(45)-19-71466,(65)-05-24344,04/16/1978,10:14:53,792
(45)-17-24529,(42)-15-22110,04/16/1978,10:20:08,2096
(45)-22-98056,(45)-14-31127,04/16/1978,11:13:55,5787
(33)-00-09284,(68)-02-17892,04/16/1978,13:59:00,184
(68)-02-89653,(75)-11-77239,04/16/1978,17:27:49,190
(36)-00-29792,(67)-10-66186,04/16/1978,22:47:35,2211
(28)-29-86109,(20)-18-20584,04/16/1978,23:18:48,824
(75)-12-00811,(73)-05-18916,04/17/1978,01:28:50,97
(69)-09-01704,(55)-16-45523,04/17/1978,05:49:52,84
(75)-04-72974,(46)-08-15456,04/17/1978,07:20:49,104
(75)-01-73359,(41)-20-73180,04/17/1978,09:05:57,123
(26)-01-50695,(78)-10-66379,04/17/1978,10:38:38,3077
(34)-09-81645,(67)-11-69574,04/17/1978,18:55:49,12
(41)-13-97554,(21)-05-65561,04/18/1978,01:39:32,288
(43)-12-52153,(76)-08-36683,04/18/1978,02:50:06,274
(51)-17-95501,(25)-23-31042,04/18/1978,04:04:47,14
(78)-11-81191,(20)-10-91545,04/18/1978,05:10:34,102
(28)-00-63223,(45)-11-59021,04/18/1978,05:24:49,3260
(79)-01-12787,(55)-15-08830,04/19/1978,03:49:12,2889
(73)-02-15645,(37)-19-61724,04/19/1978,11:42:18,310
(60)-13-20280,(21)-02-51434,04/19/1978,13:35:32,633
(44)-09-41393,(58)-19-44716,04/19/1978,17:37:01,77
(50)-23-14330,(39)-21-44092,04/19/1978,23:58:37,127
(49)-10-08255,(41)-14-23023,04/20/1978,05:47:01,95
(79)-08-05122,(55)-20-18155,04/20/1978,11:27:27,3427
(62)-13-04219,(73)-12-39704,04/20/1978,12:28:33,274
(27)-01-33268,(54)-08-80866,04/20/1978,16:15:50,277
(61)-18-02697,(76)-02-12620,04/20/1978,22:26:15,2234
(69)-05-43995,(21)-28-51207,04/21/1978,10:30:31,654
(71)-07-28567,(22)-04-12987,04/21/1978,12:23:23,275
(69)-06-36712,(64)-07-60901,04/21/1978,20:56:40,694
(51)-18-70588,(63)-14-36618,04/21/1978,21:52:31,3965
(46)-13-80306,(57)-12-38101,04/22/1978,02:51:50,2477
(41)-15-85077,(72)-00-77944,04/22/1978,05:18:42,248
(60)-07-11228,(24)-00-98599,04/22/1978,07:25:41,32
(30)-28-97164,(62)-18-12936,04/22/1978,10:39:37,221
(39)-05-59204,(41)-19-75333,04/22/1978,13:47:09,3405
(48)-22-74521,(38)-16-98198,04/22/1978,15:35:44,288
(41)-00-29330,(40)-10-04338,04/22/1978,16:44:34,592
(57)-03-19330,(37)-15-69275,04/22/1978,18:27:56,875
(47)-01-08075,(46)-03-97065,04/22/1978,21:40:48,311
(35)-05-06964,(22)-14-98614,04/23/1978,01:02:16,14
(70)-11-19302,(31)-21-67365,04/23/1978,02:03:29,1598
(54)-19-56385,(48)-18-96514,04/23/1978,05:06:42,224
(25)-06-25335,(30)-05-83486,04/23/1978,05:16:38,3568
(78)-00-57182,(37)-19-35591,04/23/1978,08:57:56,24
(34)-00-11164,(32)-08-35301,04/23/1978,16:34:34,353
(36)-24-83224,(77)-12-31656,04/24/1978,09:00:50,584
(45)-11-43514,(66)-17-70877,04/24/1978,11:52:44,749
(48)-19-06546,(29)-11-11145,04/24/1978,17:54:43,3381
(48)-09-73561,(22)-04-30285,04/24/1978,20:34:45,73
(40)-00-93753,(50)-21-04948,04/24/1978,20:54:12,349
(32)-06-55855,(20)-32-99973,04/25/1978,03:59:07,1180
(54)-14-13333,(34)-27-91371,04/25/1978,05:52:32,648
(55)-21-96994,(31)-02-63055,04/25/1978,07:47:21,233
(78)-04-10057,(77)-14-60528,04/25/1978,09:52:56,172
(58)-07-48304,(46)-07-45452,04/25/1978,13:31:09,138
(78)-00-92903,(53)-04-50967,04/25/1978,15:11:21,173
(74)-15-21977,(46)-16-26463,04/25/1978,19:34:41,1804
(77)-10-15592,(44)-19-80583,04/26/1978,03:00:03,168
(74)-06-01569,(37)-18-24969,04/26/1978,12:08:54,249
(42)-00-43102,(62)-10-49466,04/26/1978,19:24:36,179
(20)-05-18317,(61)-13-49199,04/26/1978,21:12:43,143
(33)-27-28105,(68)-17-72348,04/26/1978,22:10:47,721
(45)-10-05907,(30)-14-36527,04/26/1978,22:33:10,26
(78)-12-49856,(38)-06-71833,04/27/1978,06:53:31,567
(24)-27-58265,(72)-11-06629,04/27/1978,10:06:34,17
(39)-21-11466,(36)-23-26394,04/27/1978,13:26:34,123
(66)-10-75623,(24)-28-69993,04/27/1978,18:40:23,454
(34)-14-25092,(32)-28-20923,04/27/1978,23:55:30,168
(61)-13-42875,(75)-07-23208,04/28/1978,02:49:16,258
(25)-03-53066,(79)-00-29659,04/28/1978,03:01:25,1429
(56)-03-51138,(78)-04-98002,04/28/1978,03:51:20,288
(40)-12-80651,(51)-13-25637,04/28/1978,04:15:12,309
(43)-20-74815,(41)-08-88738,04/28/1978,15:48:37,243
(39)-21-59711,(66)-12-19626,04/28/1978,23:36:18,68
(72)-14-98961,(35)-01-88517,04/29/1978,15:17:45,591
(57)-10-13923,(38)-12-18438,04/29/1978,21:29:59,2059
(32)-08-56786,(37)-00-17364,04/30/1978,00:36:28,275
(60)-13-02763,(75)-03-14069,04/30/1978,00:42:15,238
(59)-10-28146,(30)-27-25292,04/30/1978,03:21:33,2484
(32)-08-55492,(54)-01-34889,04/30/1978,06:21:39,286
(66)-05-27992,(26)-29-08852,04/30/1978,06:38:01,44
(20)-29-13912,(28)-17-65856,04/30/1978,07:59:34,233
(77)-01-39142,(53)-22-01205,04/30/1978,09:07:41,61
(59)-20-99872,(79)-02-41107,04/30/1978,11:36:42,12
(40)-15-76043,(23)-28-99064,04/30/1978,13:45:51,159
(77)-04-09365,(25)-12-40671,04/30/1978,18:23:13,3123
(76)-11-34524,(41)-06-82764,04/30/1978,20:28:47,285
(37)-15-54198,(74)-11-44518,04/30/1978,20:50:33,627
(63)-00-22821,(23)-27-32512,05/01/1978,02:37:35,871
(31)-11-81651,(20)-07-31655,05/01/1978,11:08:48,71
(54)-07-15726,(38)-07-63327,05/01/1978,18:32:25,287
(70)-05-54362,(68)-00-06362,05/01/1978,21:48:36,229
(47)-21-62860,(72)-02-89524,05/02/1978,00:24:39,232
(64)-10-04434,(24)-01-19786,05/02/1978,02:04:26,3480
(25)-10-37413,(70)-04-99867,05/02/1978,03:19:40,152
(47)-12-50911,(46)-07-43032,05/02/1978,06:45:46,855
(52)-06-00507,(20)-18-76169,05/02/1978,10:29:55,247
(59)-16-35065,(63)-04-61002,05/02/1978,14:21:52,854
(28)-10-11360,(58)-11-10012,05/02/1978,14:45:23,104
(55)-20-18155,(77)-07-94186,05/02/1978,14:54:36,319
(71)-11-95820,(42)-02-89112,05/02/1978,21:03:52,83
(38)-24-36415,(46)-24-96214,05/03/1978,03:39:16,660
(61)-16-16402,(63)-17-05030,05/03/1978,05:49:23,381
(78)-04-97275,(30)-24-35137,05/03/1978,10:02:24,2608
(64)-13-21677,(51)-20-11857,05/03/1978,13:35:15,780
(49)-21-01288,(58)-16-79067,05/03/1978,14:21:21,84
(40)-03-82138,(37)-27-60348,05/03/1978,16:52:31,139
(40)-04-57924,(46)-00-27666,05/03/1978,22:00:58,38
(60)-04-02350,(41)-16-79373,05/03/1978,22:43:50,877
(52)-15-97611,(58)-01-05724,05/04/1978,02:13:08,41
(47)-11-51869,(68)-08-11923,05/04/1978,09:30:39,708
(32)-02-43856,(43)-01-92081,05/04/1978,13:01:19,651
(62)-15-75453,(22)-07-24630,05/04/1978,13:02:11,21
(23)-10-93552,(76)-05-71766,05/05/1978,00:19:24,511
(38)-24-34294,(20)-12-23322,05/05/1978,02:55:39,278
(54)-10-53973,(76)-12-01930,05/05/1978,03:05:50,49
(33)-06-29894,(52)-13-68705,05/05/1978,05:23:42,148
(30)-03-20537,(34)-12-08867,05/05/1978,14:24:03,1409
(54)-10-49795,(31)-29-79342,05/05/1978,23:02:31,4697
(41)-16-55026,(76)-14-06849,05/05/1978,23:05:16,2235
(74)-01-55290,(73)-12-76829,05/06/1978,01:36:22,132
(64)-10-62103,(55)-09-28384,05/06/1978,16:24:05,279
(74)-13-46629,(34)-27-39958,05/06/1978,20:17:59,1316
(40)-20-19636,(74)-10-39876,05/07/1978,04:32:25,122
(62)-07-22085,(34)-28-96026,05/07/1978,05:44:02,868
(37)-04-19131,(29)-08-66088,05/07/1978,06:02:47,287
(67)-01-81741,(42)-20-96728,05/07/1978,07:09:52,180
(30)-03-67035,(60)-11-78805,05/07/1978,11:05:40,2986
(36)-21-57617,(27)-12-24589,05/07/1978,16:07:34,467
(45)-17-38269,(64)-08-69235,05/07/1978,20:17:33,1071
(70)-04-29474,(24)-12-36458,05/08/1978,02:28:43,862
(57)-11-75882,(26)-21-70454,05/08/1978,02:38:06,49
(69)-09-75345,(51)-18-70588,05/08/1978,05:11:13,1602
(32)-08-55492,(68)-13-65924,05/08/1978,07:19:06,25
(36)-15-63921,(22)-29-73603,05/08/1978,10:21:24,6103
(44)-24-05975,(56)-13-13224,05/08/1978,15:13:54,178
(69)-11-81616,(64)-14-07976,05/09/1978,13:54:51,283
(49)-22-79052,(78)-02-93620,05/09/1978,17:09:25,63
(41)-14-91956,(36)-08-49038,05/09/1978,18:10:09,2331
(74)-08-25249,(50)-10-94409,05/10/1978,00:53:05,828
(43)-06-94477,(20)-33-18852,05/10/1978,02:46:27,706
(48)-09-46375,(79)-11-02182,05/10/1978,09:37:37,2474
(65)-07-27091,(57)-18-63777,05/10/1978,10:08:35,295
(71)-11-43473,(29)-29-22532,05/10/1978,11:13:13,180
(56)-08-12350,(49)-13-75404,05/10/1978,15:35:50,157
(47)-01-05686,(59)-02-66180,05/10/1978,19:52:11,1967
(76)-11-67902,(25)-04-03446,05/11/1978,06:04:55,2346
(55)-16-74689,(49)-04-29052,05/11/1978,06:43:54,35
(36)-06-43126,(39)-18-84693,05/11/1978,11:32:07,146
(28)-05-36607,(76)-14-88283,05/11/1978,12:08:42,790
(47)-10-70623,(28)-27-48477,05/11/1978,14:08:41,323
(47)-08-63908,(46)-09-17450,05/11/1978,15:14:53,406
(34)-04-54562,(25)-31-52135,05/11/1978,16:44:50,664
(20)-09-35904,(70)-00-62647,05/12/1978,03:36:12,128
(48)-04-23485,(70)-09-41034,05/12/1978,06:05:03,483
(63)-05-75238,(22)-07-91880,05/12/1978,12:30:36,265
(40)-16-57098,(32)-15-35450,05/12/1978,22:12:21,507
(49)-23-00428,(73)-08-30416,05/13/1978,08:17:56,332
(35)-15-66601,(77)-10-72207,05/13/1978,12:42:20,193
(64)-03-65277,(54)-11-78812,05/14/1978,08:02:33,849
(67)-06-16494,(42)-01-57241,05/14/1978,08:42:41,202
(62)-16-16161,(45)-23-91069,05/14/1978,11:38:28,207
(47)-16-65718,(64)-09-73350,05/14/1978,12:17:11,463
(56)-00-19110,(55)-11-38433,05/14/1978,23:00:45,155
(60)-06-61027,(55)-12-47322,05/15/1978,17:33:10,506
(52)-15-27909,(78)-02-55447,05/16/1978,16:07:30,1460
(31)-16-91423,(43)-15-66330,05/17/1978,00:54:04,696
(54)-09-66992,(46)-16-31235,05/17/1978,01:24:21,110
(22)-25-28122,(75)-14-42124,05/17/1978,02:00:28,53
(53)-18-74958,(23)-27-72210,05/17/1978,07:17:46,232
(39)-25-74725,(70)-09-65988,05/18/1978,09:22:38,4208
(78)-11-33616,(48)-17-42590,05/18/1978,11:47:07,286
(58)-07-57829,(59)-13-66975,05/18/1978,21:39:16,60
(79)-02-08487,(60)-10-78519,05/18/1978,23:16:29,268
(54)-11-05154,(63)-10-73648,05/19/1978,00:33:56,153
(54)-17-02295,(42)-16-06035,05/19/1978,02:08:15,50
(57)-19-82791,(32)-04-87550,05/19/1978,04:16:59,9
(53)-13-10885,(47)-13-29121,05/19/1978,08:50:45,326
(77)-04-93121,(36)-04-25953,05/19/1978,11:05:19,437
(28)-28-16055,(62)-16-30115,05/19/1978,16:00:04,472
(41)-09-36550,(25)-00-11876,05/19/1978,21:49:54,892
(72)-11-54360,(55)-15-58301,05/19/1978,22:14:32,71
(20)-05-22113,(66)-10-00786,05/20/1978,10:53:14,378
(62)-19-47169,(50)-20-25799,05/20/1978,12:47:37,241
(77)-14-35802,(26)-25-92329,05/20/1978,15:15:02,66
(79)-04-50248,(60)-19-35123,05/20/1978,15:46:58,1268
(57)-02-76905,(56)-04-60529,05/20/1978,23:58:28,271
(22)-16-07936,(65)-10-04924,05/21/1978,07:54:48,170
(44)-05-97107,(22)-05-45932,05/21/1978,13:22:32,3226
(30)-09-40891,(79)-08-18298,05/21/1978,19:22:51,3003
(27)-12-73161,(36)-11-39735,05/21/1978,22:22:17,239
(20)-08-92306,(53)-12-70381,05/22/1978,18:18:41,142
(38)-27-55572,(57)-03-87746,05/23/1978,03:11:58,787
(37)-23-88227,(57)-05-64066,05/23/1978,03:16:22,23
(27)-30-11876,(41)-18-10769,05/23/1978,04:16:28,160
(67)-10-80896,(37)-02-67388,05/23/1978,04:56:05,198
(49)-05-56515,(67)-02-93700,05/23/1978,04:56:22,274
(50)-13-37425,(71)-09-06040,05/23/1978,08:48:38,240
(73)-04-87440,(52)-22-40080,05/23/1978,17:53:33,213
(59)-05-06230,(70)-15-66792,05/24/1978,23:49:52,148
(78)-04-31109,(75)-03-66733,05/25/1978,17:31:02,124
(54)-03-80755,(39)-12-75455,05/25/1978,18:42:41,408
(46)-02-30439,(45)-04-33515,05/25/1978,19:16:43,167
(31)-16-20023,(54)-04-66916,05/26/1978,02:49:21,203
(34)-06-95993,(48)-19-93734,05/26/1978,04:40:16,55
(52)-22-77309,(26)-12-83295,05/26/1978,06:03:27,644
(37)-11-51972,(57)-14-10427,05/26/1978,07:43:24,244
(40)-21-74364,(68)-14-46811,05/26/1978,08:52:06,30
(60)-04-84238,(66)-15-06441,05/26/1978,16:14:24,82
(74)-12-81799,(20)-30-50696,05/26/1978,23:57:51,86
(74)-06-12777,(52)-08-04360,05/27/1978,07:43:15,139
(74)-14-97493,(34)-09-02342,05/27/1978,09:16:53,690
(46)-09-21490,(42)-07-82422,05/27/1978,12:47:05,501
(51)-10-89335,(31)-11-72104,05/27/1978,13:55:25,73
(44)-16-70123,(34)-11-14457,05/27/1978,14:42:57,810
(75)-11-96166,(24)-18-85958,05/28/1978,03:56:29,566
(55)-09-38122,(79)-05-36619,05/28/1978,06:09:25,1645
(33)-18-37015,(73)-00-19504,05/28/1978,06:19:36,83
(45)-19-34577,(59)-14-98528,05/28/1978,07:23:26,129
(66)-11-81046,(40)-14-27796,05/28/1978,11:46:15,17
(56)-04-97803,(44)-17-47902,05/28/1978,12:16:11,565
(61)-02-28922,(67)-17-68262,05/28/1978,13:33:00,145
(29)-19-42553,(31)-07-57329,05/28/1978,17:50:44,273
(58)-11-13762,(56)-09-10451,05/28/1978,18:19:15,255
(69)-10-95660,(74)-06-27372,05/29/1978,01:32:49,171
(53)-08-25916,(66)-15-59908,05/29/1978,03:27:02,1063
(58)-03-98809,(55)-08-97208,05/29/1978,07:41:32,400
(68)-17-72348,(58)-15-22240,05/29/1978,10:30:45,402
(74)-14-63384,(34)-12-38259,05/29/1978,14:15:37,177
(65)-03-47650,(58)-05-50416,05/29/1978,16:20:37,318
(60)-03-72731,(41)-03-45071,05/29/1978,16:38:42,6308
(44)-00-98839,(52)-09-71672,05/29/1978,20:56:50,364
(27)-12-35558,(51)-00-80832,05/30/1978,01:51:00,221
(24)-16-85740,(35)-15-94818,05/30/1978,02:26:25,591
(53)-09-15312,(73)-07-91227,05/30/1978,02:29:27,285
(49)-22-52644,(59)-14-84578,05/30/1978,11:37:36,790
(31)-14-33126,(47)-16-90075,05/30/1978,14:47:00,800
(63)-12-80970,(78)-07-44972,05/30/1978,15:38:09,694
(47)-24-74947,(74)-04-36644,05/30/1978,16:37:56,214
(52)-22-68940,(47)-22-76128,05/30/1978,17:03:56,563
(38)-05-34110,(44)-02-53011,05/31/1978,09:45:24,377
(69)-13-42967,(68)-04-42597,05/31/1978,11:21:27,152
(74)-03-89471,(36)-13-22648,05/31/1978,17:23:27,550
(34)-05-81884,(54)-05-73421,05/31/1978,19:24:56,109
(32)-14-65732,(44)-20-91382,05/31/1978,21:03:52,220
(43)-11-59928,(28)-11-18899,05/31/1978,22:56:11,76
(70)-02-84536,(28)-03-49633,05/31/1978,23:20:45,53
(36)-04-88252,(60)-19-15471,06/01/1978,00:45:04,92
(74)-03-23257,(33)-21-47059,06/01/1978,03:14:38,3348
(59)-01-55502,(39)-11-58484,06/01/1978,06:47:44,62
(30)-00-97995,(29)-25-00516,06/01/1978,12:25:54,104
(31)-06-37892,(62)-17-90369,06/02/1978,02:03:26,2976
(20)-25-30427,(26)-12-65180,06/02/1978,12:38:08,718
(29)-22-74803,(43)-07-63839,06/03/1978,04:58:02,209
(76)-08-06119,(68)-10-11733,06/03/1978,08:29:15,22
(55)-11-64047,(59)-17-30010,06/03/1978,21:48:18,295
(65)-04-14786,(48)-01-81136,06/04/1978,03:13:53,20
(47)-04-82691,(58)-10-37029,06/04/1978,03:22:41,799
(33)-07-32668,(56)-04-19280,06/04/1978,08:04:16,592
(77)-00-61883,(63)-17-98463,06/04/1978,10:36:05,529
(73)-15-44453,(39)-21-37568,06/04/1978,11:42:49,221
(49)-23-82846,(43)-17-67763,06/04/1978,19:44:47,337
(46)-10-79122,(56)-07-31795,06/05/1978,14:54:34,890
(49)-06-75510,(79)-13-54206,06/05/1978,16:58:15,264
(20)-16-38043,(32)-26-09209,06/05/1978,23:26:40,98
(45)-09-21334,(79)-09-94612,06/06/1978,02:25:13,1907
(52)-14-79171,(43)-09-86642,06/06/1978,07:23:04,5
(30)-09-55736,(53)-00-47767,06/06/1978,11:32:49,120
(53)-07-09443,(24)-27-45677,06/06/1978,21:28:54,2030
(32)-09-97672,(71)-04-76436,06/07/1978,02:05:11,83
(50)-09-31231,(20)-33-36661,06/07/1978,04:02:29,233
(25)-00-02513,(75)-04-27737,06/07/1978,05:45:19,5965
(58)-16-82850,(59)-17-65025,06/07/1978,07:31:47,159
(58)-13-07034,(35)-00-60066,06/07/1978,10:03:24,2278
(23)-15-83948,(77)-11-43741,06/07/1978,15:27:43,142
(55)-12-17035,(64)-07-43645,06/07/1978,18:08:18,841
(43)-14-02462,(77)-09-98228,06/07/1978,23:03:59,589
(40)-22-25509,(37)-19-31648,06/08/1978,00:50:43,254
(79)-13-19350,(39)-25-93461,06/08/1978,07:08:29,3739
(68)-08-68176,(61)-18-75253,06/08/1978,22:27:17,2291
(78)-03-90390,(28)-12-87128,06/09/1978,00:11:50,823
(35)-12-66963,(78)-00-41462,06/09/1978,02:59:37,325
(31)-29-46645,(34)-13-02226,06/09/1978,14:01:54,2138
(69)-04-37199,(77)-02-31498,06/09/1978,18:58:39,39
(60)-15-60588,(32)-02-27298,06/09/1978,19:49:16,663
(40)-24-33483,(43)-13-02579,06/09/1978,20:57:49,535
(24)-02-60895,(41)-03-39943,06/09/1978,23:27:41,239
(41)-25-74406,(46)-10-79025,06/10/1978,04:52:23,363
(33)-07-44767,(48)-23-27623,06/10/1978,06:13:28,843
(37)-05-56117,(24)-09-48805,06/10/1978,13:07:33,735
(48)-00-85242,(73)-13-49213,06/10/1978,18:04:55,202
(50)-20-84600,(31)-06-06004,06/10/1978,20:00:40,681
(23)-20-31167,(21)-08-57704,06/10/1978,22:09:59,291
(47)-03-31745,(59)-14-98528,06/10/1978,22:50:04,332
(39)-18-50302,(49)-13-76652,06/11/1978,00:22:05,798
(50)-08-75377,(74)-06-56205,06/11/1978,04:58:32,284
(57)-17-80324,(30)-17-33410,06/11/1978,09:27:27,215
(58)-11-96942,(74)-13-17351,06/11/1978,09:52:46,2302
(35)-01-75759,(41)-15-17655,06/11/1978,12:42:53,270
(61)-06-38713,(75)-01-46692,06/11/1978,15:48:07,821
(28)-22-78165,(50)-14-81081,06/11/1978,16:45:01,622
(42)-16-68050,(57)-13-31322,06/11/1978,17:26:35,1294
(45)-00-69949,(28)-24-72469,06/12/1978,11:38:36,219
(66)-09-10199,(68)-14-80405,06/12/1978,11:40:03,209
(54)-09-28443,(42)-22-06132,06/12/1978,15:32:53,81
(67)-11-15454,(57)-05-05854,06/13/1978,02:05:58,626
(73)-02-76379,(58)-05-61854,06/13/1978,03:15:47,2096
(25)-22-21792,(55)-11-15175,06/13/1978,09:53:36,78
(54)-07-35409,(53)-11-05908,06/13/1978,17:15:31,187
(67)-10-44374,(42)-19-69717,06/14/1978,13:43:53,603
(62)-19-40443,(55)-06-98263,06/14/1978,20:31:57,106
(43)-12-52153,(56)-01-08195,06/15/1978,06:24:07,1171
(52)-11-24429,(75)-00-28339,06/15/1978,13:15:27,470
(66)-00-75847,(41)-17-68069,06/15/1978,19:43:39,8
(21)-05-07421,(69)-07-91237,06/15/1978,20:38:35,361
(21)-32-49405,(78)-04-60112,06/15/1978,22:55:46,56
(33)-12-94016,(47)-20-75151,06/16/1978,08:59:19,491
(58)-07-79930,(57)-06-41846,06/16/1978,11:03:01,781
(65)-04-95764,(28)-03-76543,06/16/1978,16:17:11,3437
(58)-02-48796,(48)-16-63119,06/16/1978,19:01:03,207
(56)-12-78726,(71)-02-01431,06/16/1978,23:38:02,275
(45)-09-58743,(22)-20-57412,06/17/1978,01:47:27,138
(61)-04-56005,(54)-15-06254,06/17/1978,10:33:21,88
(25)-12-37578,(30)-11-27715,06/17/1978,12:54:34,639
(47)-18-23176,(73)-11-85482,06/17/1978,15:33:20,559
(45)-17-97579,(72)-07-01361,06/17/1978,17:35:58,590
(61)-19-42973,(74)-07-96879,06/17/1978,19:29:24,3449
(66)-02-96618,(47)-19-12460,06/18/1978,02:06:33,225
(28)-28-29628,(20)-26-64226,06/18/1978,10:02:41,293
(64)-08-40896,(63)-16-38701,06/18/1978,17:41:02,87
(62)-16-77657,(49)-05-43591,06/18/1978,18:20:59,288
(51)-22-17370,(61)-06-72981,06/18/1978,18:37:23,395
(49)-22-00249,(26)-30-13773,06/18/1978,20:36:33,7
(49)-13-75209,(29)-02-90296,06/18/1978,21:17:39,880
(31)-18-17279,(78)-07-14733,06/18/1978,21:21:32,252
(62)-07-70118,(45)-05-03910,06/18/1978,22:59:08,152
(33)-27-11053,(36)-21-46086,06/19/1978,08:54:57,590
(70)-14-98551,(29)-27-03566,06/19/1978,22:36:06,785
(61)-12-92482,(40)-00-66813,06/20/1978,05:49:01,862
(33)-01-14640,(52)-22-61910,06/20/1978,08:41:03,148
(20)-18-86253,(20)-19-26141,06/20/1978,12:08:37,48
(39)-02-49765,(39)-23-08416,06/20/1978,14:56:26,294
(68)-00-16740,(49)-09-63371,06/20/1978,15:06:06,91
(77)-11-43741,(32)-25-11186,06/20/1978,23:50:08,291
(47)-21-42348,(65)-11-29224,06/21/1978,04:47:45,231
(27)-27-72866,(60)-19-02675,06/21/1978,12:36:00,275
(53)-21-78856,(37)-19-31648,06/21/1978,19:52:58,134
(79)-07-78744,(45)-22-44060,06/22/1978,01:27:55,2381
(52)-03-44847,(35)-11-49427,06/22/1978,05:21:52,882
(53)-07-09594,(73)-05-11680,06/22/1978,09:56:55,1544
(44)-15-04452,(70)-15-48430,06/22/1978,14:08:01,806
(63)-09-29996,(63)-14-64536,06/22/1978,16:53:22,148
(73)-04-11885,(63)-05-83219,06/22/1978,17:30:50,117
(62)-03-16564,(72)-07-08557,06/22/1978,18:19:56,650
(73)-04-43964,(78)-13-68560,06/22/1978,21:12:23,777
(37)-23-18309,(69)-13-61620,06/23/1978,00:45:22,56
(78)-12-64597,(28)-09-15600,06/23/1978,03:55:41,109
(47)-01-39328,(77)-03-22591,06/23/1978,12:00:58,2092
(36)-17-27374,(63)-03-54651,06/23/1978,15:53:13,224
(79)-05-13675,(45)-00-81135,06/23/1978,19:45:14,275
(35)-04-79884,(38)-18-51169,06/23/1978,20:15:13,699
(78)-10-02422,(26)-30-96557,06/24/1978,10:53:30,1259
(62)-11-43244,(25)-15-90222,06/24/1978,13:30:07,239
(68)-15-42117,(57)-20-31485,06/24/1978,15:09:26,564
(35)-20-94511,(78)-03-21690,06/24/1978,15:59:02,2627
(45)-16-70902,(21)-10-39222,06/24/1978,16:46:33,423
(25)-14-01086,(44)-16-69130,06/24/1978,20:22:43,2079
(66)-03-06197,(31)-06-29234,06/24/1978,21:39:15,434
(41)-03-00659,(25)-21-06022,06/24/1978,22:49:33,266
(30)-24-74361,(28)-09-84189,06/25/1978,05:07:44,356
(30)-05-34089,(45)-05-01963,06/25/1978,11:22:28,618
(36)-11-62365,(62)-13-74798,06/25/1978,16:30:42,127
(34)-03-98469,(68)-05-95217,06/25/1978,21:47:32,247
(65)-07-51753,(30)-00-43266,06/26/1978,00:08:15,53
(41)-11-42247,(74)-09-54372,06/26/1978,00:08:56,224
(23)-29-91953,(42)-25-76792,06/26/1978,14:04:27,588
(66)-13-81741,(71)-15-22906,06/26/1978,14:59:15,398
(39)-03-17241,(61)-17-59005,06/26/1978,20:34:16,225
(32)-11-36512,(70)-08-57461,06/26/1978,21:44:25,147
(64)-08-50393,(50)-07-16507,06/26/1978,22:10:28,569
(50)-01-13525,(52)-16-55802,06/26/1978,23:36:43,7085
(38)-20-25011,(29)-21-99099,06/27/1978,00:12:16,530
(32)-29-28689,(57)-05-14030,06/27/1978,06:04:01,18
(78)-07-38921,(70)-12-53128,06/27/1978,10:20:01,720
(43)-18-10174,(33)-15-13025,06/27/1978,10:44:10,3245
(69)-11-62121,(60)-10-89459,06/27/1978,13:17:32,642
(32)-08-44968,(55)-06-37352,06/27/1978,21:59:46,83
(38)-24-03428,(56)-03-84710,06/28/1978,04:04:35,224
(45)-18-68497,(35)-13-14618,06/28/1978,21:52:30,231
(69)-07-36179,(53)-18-90800,06/28/1978,23:28:00,731
(25)-14-64264,(37)-19-70728,06/29/1978,00:20:34,134
(26)-29-21992,(32)-21-80590,06/29/1978,01:55:24,1221
(65)-13-78432,(56)-12-90647,06/29/1978,02:42:47,263
(70)-03-25054,(77)-08-63569,06/29/1978,07:18:09,157
(42)-09-53476,(23)-16-36535,06/29/1978,08:10:27,676
(68)-12-50533,(59)-10-13136,06/29/1978,14:01:15,84
(52)-11-60233,(28)-08-52533,06/29/1978,18:17:41,204
(61)-01-52482,(72)-01-80970,06/29/1978,19:25:54,848
(44)-17-35703,(32)-25-57003,06/29/1978,23:07:52,223
(55)-07-94463,(72)-11-15605,06/30/1978,07:01:15,90
(47)-06-76519,(60)-01-96945,06/30/1978,08:09:56,381
(50)-01-29015,(54)-02-87031,06/30/1978,20:18:31,710
(59)-13-38201,(63)-13-14318,06/30/1978,22:20:39,491
(72)-14-76476,(26)-14-25307,07/01/1978,02:02:48,421
(76)-10-13048,(33)-28-23055,07/01/1978,03:33:07,1112
(42)-04-09898,(43)-18-65781,07/01/1978,09:33:29,43
(59)-16-49247,(49)-04-63441,07/01/1978,12:38:41,2625
(20)-14-45568,(74)-12-16652,07/01/1978,13:00:12,594
(30)-19-96955,(76)-07-87928,07/01/1978,17:20:06,55
(78)-12-98468,(21)-13-38154,07/02/1978,01:04:42,321
(38)-08-47045,(78)-01-23405,07/02/1978,02:07:49,2721
(69)-14-58006,(34)-15-16428,07/02/1978,02:48:25,932
(78)-01-51045,(25)-12-07030,07/02/1978,04:32:22,169
(58)-02-98022,(42)-02-85589,07/02/1978,05:33:38,5852
(46)-07-55522,(77)-11-46515,07/02/1978,09:46:28,170
(29)-22-94125,(35)-02-77772,07/02/1978,10:11:38,247
(51)-03-13518,(56)-04-46854,07/02/1978,15:35:47,802
(50)-22-73424,(51)-12-48283,07/02/1978,17:38:31,1057
(24)-04-99190,(24)-13-54766,07/02/1978,18:22:57,4916
(50)-18-28804,(73)-07-99463,07/02/1978,18:32:26,17
(50)-02-41982,(52)-00-64561,07/02/1978,19:11:58,160
(30)-07-26409,(59)-20-27413,07/02/1978,20:02:06,137
(25)-09-65518,(63)-07-75072,07/02/1978,20:02:27,2524
(34)-07-90090,(66)-06-74797,07/02/1978,20:57:50,421
(35)-16-15378,(36)-16-02168,07/03/1978,00:25:59,608
(65)-08-66367,(69)-12-51351,07/03/1978,06:30:59,266
(69)-02-07655,(53)-09-92329,07/03/1978,16:09:23,194
(41)-20-35597,(25)-27-33704,07/04/1978,01:50:53,267
(30)-03-84743,(59)-13-84057,07/04/1978,03:54:58,532
(30)-12-17220,(76)-13-14013,07/04/1978,04:20:26,178
(29)-23-58911,(55)-03-27845,07/04/1978,04:21:16,201
(61)-13-65359,(53)-11-05224,07/04/1978,06:35:27,522
(70)-07-78363,(28)-23-19438,07/04/1978,14:52:57,40
(38)-20-65433,(69)-03-13451,07/04/1978,17:38:27,1774
(53)-04-77090,(43)-07-10786,07/05/1978,00:00:36,58
(20)-02-84045,(39)-18-14733,07/05/1978,00:55:10,1302
(40)-07-29725,(40)-00-00276,07/05/1978,05:36:50,117
(61)-02-27369,(41)-06-97509,07/05/1978,14:59:40,41
(74)-10-31778,(56)-09-53639,07/05/1978,18:51:00,38
(23)-18-46926,(61)-18-80781,07/05/1978,20:18:11,193
(79)-13-87105,(43)-01-83571,07/06/1978,02:19:52,7
(61)-07-71771,(78)-12-09471,07/06/1978,03:39:12,1726
(53)-14-93650,(71)-03-35718,07/06/1978,05:54:08,514
(65)-12-95867,(62)-10-62774,07/06/1978,07:23:00,505
(79)-00-46661,(28)-20-84865,07/06/1978,13:57:16,675
(54)-19-54264,(75)-05-55737,07/06/1978,14:02:43,189
(45)-14-41304,(57)-12-80089,07/07/1978,05:11:21,278
(20)-13-23065,(59)-09-23229,07/07/1978,07:25:16,11
(34)-02-21299,(34)-19-97490,07/07/1978,07:47:13,149
(25)-20-42149,(57)-01-85707,07/07/1978,10:43:14,739
(52)-04-64245,(55)-20-75940,07/07/1978,15:55:30,330
(66)-00-72623,(69)-13-61620,07/07/1978,16:54:49,89
(65)-04-72288,(28)-29-37544,07/07/1978,17:02:32,3556
(46)-07-94614,(36)-11-96734,07/07/1978,19:30:36,277
(58)-13-21181,(60)-12-36426,07/07/1978,23:20:31,706
(38)-04-92957,(44)-22-07117,07/08/1978,04:55:20,172
(28)-18-20137,(39)-16-59948,07/08/1978,08:29:31,569
(54)-07-09934,(20)-09-05609,07/08/1978,12:08:46,591
(51)-03-17970,(61)-06-69409,07/08/1978,12:14:36,201
(72)-10-02674,(69)-11-99010,07/08/1978,19:08:55,186
(52)-12-12608,(47)-09-31760,07/09/1978,00:46:22,608
(56)-12-45678,(68)-04-59290,07/09/1978,14:00:56,2887
(44)-04-66251,(63)-14-40622,07/09/1978,16:56:38,151
(63)-07-74803,(41)-22-89363,07/09/1978,20:41:49,112
(56)-03-56493,(44)-05-45354,07/09/1978,21:17:12,167
(62)-10-06018,(78)-10-94004,07/10/1978,15:26:42,258
(26)-09-95314,(75)-12-24452,07/10/1978,22:33:06,108
(56)-00-97950,(43)-17-67763,07/11/1978,01:10:32,2453
(53)-18-05954,(43)-03-04228,07/11/1978,01:17:31,94
(25)-25-23012,(59)-05-97107,07/11/1978,02:57:18,175
(59)-15-78529,(27)-28-23004,07/11/1978,08:20:50,232
(60)-07-89975,(46)-08-12256,07/11/1978,10:00:37,761
(45)-04-68694,(67)-01-75201,07/11/1978,11:53:47,526
(24)-17-71243,(53)-07-81754,07/11/1978,22:43:14,206
(58)-11-42636,(34)-09-92023,07/12/1978,07:05:00,285
(79)-10-95378,(69)-08-33668,07/12/1978,07:27:01,228
(24)-30-64040,(41)-01-35390,07/12/1978,07:32:03,286
(34)-04-45794,(38)-27-88560,07/12/1978,07:46:34,161
(79)-11-27760,(77)-13-20660,07/12/1978,13:37:58,26
(42)-02-85091,(31)-20-78067,07/12/1978,18:34:23,5
(28)-02-65422,(26)-11-41168,07/12/1978,22:45:51,64
(45)-14-11168,(72)-09-62193,07/13/1978,00:20:31,547
(41)-11-64651,(56)-07-10123,07/13/1978,02:03:02,194
(58)-13-44436,(77)-10-36782,07/13/1978,04:35:56,55
(27)-30-88080,(58)-05-48852,07/13/1978,04:37:36,1052
(61)-04-97280,(65)-02-45716,07/13/1978,05:34:22,434
(45)-08-50152,(22)-22-13528,07/13/1978,21:54:20,399
(78)-09-95054,(30)-19-86769,07/13/1978,23:31:19,10
(39)-14-87843,(30)-28-24249,07/14/1978,03:23:19,534
(59)-09-32594,(60)-07-28708,07/14/1978,03:47:57,310
(60)-11-65819,(72)-08-80288,07/14/1978,03:57:43,1280
(24)-18-08198,(62)-18-95362,07/14/1978,04:09:22,527
(79)-13-95031,(37)-05-62543,07/14/1978,05:07:07,205
(37)-07-35744,(74)-08-26418,07/14/1978,08:29:53,1607
(39)-13-15427,(50)-00-81834,07/14/1978,10:37:53,1530
(40)-05-72452,(76)-11-42393,07/15/1978,04:57:32,134
(50)-01-15355,(65)-05-37704,07/15/1978,08:30:20,2063
(65)-16-18720,(20)-31-64180,07/15/1978,13:12:12,396
(62)-01-94442,(64)-09-30237,07/15/1978,14:24:22,24
(67)-08-32047,(67)-15-82665,07/15/1978,15:03:42,5652
(71)-07-36503,(49)-23-78587,07/15/1978,20:16:18,235
(75)-06-89771,(35)-24-14051,07/16/1978,00:27:11,239
(23)-25-23415,(22)-13-48110,07/16/1978,03:25:41,265
(79)-13-34019,(22)-09-30961,07/16/1978,11:49:00,9
(79)-09-94612,(29)-11-82236,07/16/1978,12:06:31,1557
(74)-13-13791,(76)-00-17081,07/16/1978,20:54:57,95
(62)-18-84361,(62)-06-70592,07/17/1978,00:10:33,734
(33)-27-33679,(22)-10-61578,07/17/1978,04:20:29,3288
(47)-14-19171,(38)-21-86407,07/17/1978,07:21:54,586
(20)-05-33303,(36)-23-48128,07/17/1978,09:25:33,83
(57)-02-65251,(55)-21-13829,07/17/1978,09:42:50,3140
(23)-07-34750,(58)-17-90701,07/17/1978,12:35:04,1934
(56)-11-89841,(23)-21-62616,07/17/1978,13:50:25,256
(43)-02-14431,(44)-15-98139,07/17/1978,14:22:03,343
(45)-24-57172,(70)-01-18992,07/17/1978,19:51:23,308
(56)-05-84866,(66)-07-67715,07/18/1978,04:49:21,1672
(66)-09-67465,(36)-00-74852,07/18/1978,06:12:37,167
(34)-11-54654,(45)-19-69975,07/18/1978,09:36:58,2559
(38)-20-13381,(23)-09-50623,07/18/1978,13:51:35,124
(34)-23-97721,(35)-07-97218,07/18/1978,17:13:43,167
(77)-10-53503,(54)-10-67784,07/18/1978,19:02:53,270
(21)-26-08925,(59)-20-05591,07/18/1978,19:53:03,757
(44)-06-36146,(35)-20-52102,07/19/1978,02:28:38,62
(36)-25-85095,(43)-03-21486,07/19/1978,06:59:09,525
(79)-00-60178,(30)-11-42656,07/19/1978,07:20:19,180
(36)-05-04791,(50)-14-76318,07/19/1978,11:20:49,111
(50)-15-53761,(43)-01-30839,07/19/1978,12:17:55,859
(29)-28-05222,(68)-05-43553,07/20/1978,04:42:09,266
(55)-04-11871,(73)-05-11632,07/20/1978,14:42:28,626
(34)-05-88078,(25)-28-93107,07/20/1978,15:02:51,212
(33)-20-65986,(33)-28-42553,07/21/1978,13:30:09,189
(50)-20-55386,(40)-19-37810,07/22/1978,08:04:31,110
(30)-11-71262,(56)-17-09492,07/22/1978,10:01:45,735
(41)-04-52878,(41)-21-85967,07/22/1978,18:40:12,5551
(65)-10-90354,(72)-12-72992,07/23/1978,15:10:15,3524
(77)-06-08043,(61)-08-52359,07/23/1978,16:59:52,197
(60)-16-50391,(64)-10-05905,07/23/1978,20:13:36,3074
(68)-05-60656,(72)-01-35661,07/24/1978,02:22:31,80
(57)-05-47931,(76)-12-95103,07/24/1978,08:01:25,1398
(38)-15-40655,(27)-01-63130,07/24/1978,10:55:44,3352
(33)-19-49997,(58)-10-39030,07/24/1978,22:54:19,288
(35)-00-56649,(46)-23-79127,07/25/1978,01:33:39,3441
(77)-04-08314,(58)-03-02436,07/25/1978,11:10:19,289
(32)-13-29736,(61)-15-99428,07/25/1978,12:32:22,533
(35)-03-64535,(43)-15-27614,07/25/1978,12:52:23,64
(50)-03-65137,(59)-12-97079,07/25/1978,15:20:32,283
(32)-03-78315,(37)-05-36388,07/25/1978,16:34:29,17
(57)-05-04806,(57)-10-69988,07/25/1978,21:34:48,207
(30)-09-85338,(22)-25-55098,07/25/1978,23:50:34,119
(29)-21-36232,(37)-21-57335,07/26/1978,19:23:38,147
(48)-02-96267,(53)-02-27258,07/26/1978,23:49:14,95
(52)-06-14116,(79)-01-83032,07/27/1978,03:22:58,778
(61)-18-12765,(21)-00-21233,07/27/1978,03:59:57,504
(71)-11-11282,(28)-23-19778,07/27/1978,04:17:11,941
(76)-11-31573,(58)-04-91558,07/27/1978,08:21:10,3189
(25)-10-64160,(43)-23-35799,07/27/1978,16:11:46,657
(71)-07-28567,(60)-10-69735,07/27/1978,18:13:12,2639
(56)-15-05068,(26)-11-83541,07/28/1978,00:50:10,296
(68)-04-92242,(35)-17-88435,07/28/1978,03:53:20,1703
(36)-24-50267,(37)-19-89546,07/28/1978,05:47:53,109
(60)-00-42619,(37)-21-81894,07/28/1978,12:03:42,212
(46)-24-96005,(25)-19-64928,07/28/1978,12:08:33,1575
(75)-06-57992,(43)-22-22818,07/28/1978,14:28:35,265
(72)-05-40616,(74)-07-18627,07/28/1978,21:40:36,336
(22)-01-28166,(22)-07-48932,07/28/1978,22:28:03,132
(49)-16-50466,(28)-03-41921,07/29/1978,04:51:00,527
(68)-05-11466,(75)-11-03110,07/29/1978,07:48:49,260
(52)-08-68561,(29)-17-74445,07/29/1978,10:40:45,1923
(59)-04-18994,(77)-08-66396,07/29/1978,13:38:55,2781
(31)-28-34754,(47)-02-06462,07/29/1978,16:19:57,482
(20)-03-78375,(37)-03-21147,07/29/1978,18:56:20,2811
(20)-27-68911,(55)-05-77315,07/29/1978,19:09:43,1366
(64)-16-10135,(79)-02-12335,07/29/1978,21:31:21,889
(51)-02-70820,(74)-11-66699,07/30/1978,13:59:54,397
(58)-20-68607,(59)-18-83822,07/30/1978,18:55:06,151
(32)-02-08067,(61)-12-19790,07/30/1978,23:22:15,10
(56)-20-72951,(39)-03-05716,07/30/1978,23:25:55,189
(58)-20-75012,(76)-08-42343,07/31/1978,12:27:14,241
(27)-01-01141,(31)-18-52264,07/31/1978,12:28:22,46
(31)-02-46049,(71)-12-15298,07/31/1978,13:07:39,2416
(70)-01-71843,(62)-14-21581,07/31/1978,14:45:09,1620
(47)-02-06676,(57)-09-75564,07/31/1978,21:48:38,225
(43)-03-68963,(47)-10-61549,08/01/1978,00:19:20,74
(60)-16-61258,(39)-03-99654,08/01/1978,05:04:51,770
(45)-14-51003,(59)-15-75298,08/01/1978,14:04:15,870
(64)-05-99094,(70)-00-06624,08/01/1978,21:21:09,294
(74)-13-15999,(52)-04-32562,08/01/1978,23:30:17,101
(73)-00-14039,(25)-19-12439,08/02/1978,07:36:15,945
(60)-02-00409,(62)-16-41638,08/02/1978,16:40:07,226
(70)-09-12695,(40)-22-16028,08/02/1978,18:07:32,2594
(31)-11-87484,(63)-06-13317,08/03/1978,04:01:31,195
(28)-17-21335,(79)-03-02327,08/03/1978,06:29:43,739
(37)-12-16356,(60)-02-07574,08/03/1978,09:47:42,84
(66)-16-63324,(77)-08-77186,08/03/1978,11:42:54,297
(65)-17-46356,(44)-25-22196,08/03/1978,13:04:47,755
(67)-04-01559,(27)-28-06200,08/03/1978,13:08:37,3370
(57)-20-59784,(69)-15-40188,08/03/1978,16:10:24,1260
(32)-07-78446,(47)-12-77790,08/03/1978,17:17:17,111
(73)-06-51457,(33)-00-91651,08/04/1978,05:35:14,5948
(22)-26-25467,(64)-08-58378,08/04/1978,08:59:43,202
(50)-16-31247,(72)-03-31308,08/04/1978,15:59:43,3484
(68)-15-74653,(45)-20-33322,08/04/1978,23:36:18,103
(37)-12-05262,(40)-01-90367,08/05/1978,03:45:35,680
(39)-11-00025,(59)-08-46949,08/05/1978,15:15:45,884
(74)-02-83053,(57)-13-00462,08/05/1978,17:45:59,291
(64)-01-28082,(46)-13-94988,08/05/1978,22:46:27,594
(74)-02-76989,(36)-22-96548,08/06/1978,04:14:53,30
(25)-10-14177,(71)-14-02928,08/06/1978,09:06:38,358
(53)-20-25209,(46)-24-17193,08/06/1978,11:06:06,2839
(52)-16-53402,(53)-18-96963,08/06/1978,12:30:20,617
(77)-09-21065,(24)-08-75400,08/06/1978,13:04:33,294
(57)-17-13644,(21)-32-36812,08/06/1978,14:50:26,216
(41)-16-49922,(55)-15-38724,08/06/1978,15:31:14,1473
(40)-22-89788,(37)-02-90044,08/06/1978,16:27:54,62
(32)-08-34430,(31)-16-18537,08/07/1978,04:53:03,972
(64)-03-65277,(41)-18-27368,08/07/1978,11:45:18,2619
(65)-11-00239,(65)-04-39582,08/07/1978,20:56:44,183
(54)-17-75755,(34)-05-38945,08/07/1978,23:53:05,1732
(37)-13-16631,(27)-18-70593,08/08/1978,12:16:50,563
(58)-19-15261,(66)-08-25320,08/08/1978,19:09:00,184
(58)-09-38988,(35)-18-83704,08/09/1978,04:18:06,206
(78)-00-09844,(55)-11-48381,08/09/1978,09:51:49,2279
(54)-02-26238,(25)-13-91594,08/09/1978,21:04:56,47
(34)-25-75845,(47)-16-61146,08/09/1978,21:59:12,413
(56)-17-25143,(28)-08-68099,08/09/1978,23:01:04,611
(56)-05-69442,(65)-00-78807,08/10/1978,01:41:41,721
(62)-05-70913,(30)-05-62848,08/10/1978,10:50:03,116
(64)-09-04556,(35)-03-35601,08/10/1978,12:18:23,2625
(35)-16-92410,(48)-20-97913,08/10/1978,23:37:04,3164
(23)-02-78630,(32)-03-69950,08/11/1978,02:29:04,770
(27)-20-51426,(58)-12-69291,08/11/1978,04:31:44,4471
(55)-17-92936,(64)-14-48884,08/11/1978,12:26:52,253
(54)-16-91619,(53)-04-88609,08/11/1978,17:48:46,668
(65)-13-49527,(31)-04-70204,08/11/1978,18:28:31,246
(34)-09-58537,(25)-10-49784,08/11/1978,23:43:54,580
(48)-13-49514,(67)-05-93671,08/12/1978,05:23:13,694
(69)-09-30942,(22)-11-27268,08/12/1978,14:28:28,239
(39)-20-03431,(32)-24-25571,08/12/1978,16:22:13,1864
(72)-01-82000,(76)-12-82105,08/12/1978,16:38:26,681
(50)-23-07370,(22)-16-66479,08/12/1978,17:00:33,5120
(22)-00-78533,(57)-20-06261,08/12/1978,23:16:54,878
(29)-03-06605,(54)-09-07115,08/13/1978,04:23:36,168
(32)-22-79051,(61)-03-74199,08/13/1978,07:27:10,1252
(67)-06-75863,(41)-12-55601,08/13/1978,08:25:24,735
(24)-04-91446,(42)-21-12115,08/13/1978,09:52:27,40
(41)-20-33553,(26)-09-45692,08/13/1978,11:49:24,320
(26)-03-87320,(23)-16-99361,08/13/1978,14:08:53,214
(48)-14-05302,(72)-11-46034,08/13/1978,14:14:39,259
(59)-04-15085,(35)-19-84775,08/13/1978,14:20:15,500
(51)-06-69785,(77)-10-53503,08/13/1978,17:33:31,2889
(73)-15-81860,(56)-19-19874,08/13/1978,19:48:26,2321
(52)-09-17537,(65)-18-28146,08/14/1978,07:28:41,793
(79)-07-14511,(32)-20-96889,08/14/1978,14:22:15,194
(76)-10-99455,(36)-07-21837,08/14/1978,15:48:30,62
(69)-00-56074,(56)-16-20143,08/15/1978,05:05:15,239
(60)-06-04306,(26)-02-00698,08/15/1978,10:29:17,730
(25)-11-60212,(57)-07-74954,08/15/1978,10:51:38,1325
(69)-06-16989,(24)-10-40306,08/15/1978,14:40:30,566
(67)-13-51605,(27)-19-25702,08/15/1978,19:53:50,140
(29)-25-19782,(78)-02-53832,08/16/1978,10:02:09,145
(71)-16-47789,(71)-15-67010,08/16/1978,11:19:22,599
(55)-17-52961,(45)-09-53086,08/16/1978,12:37:05,48
(61)-11-86900,(26)-29-65392,08/16/1978,20:54:50,332
(40)-07-29725,(20)-24-86656,08/16/1978,21:45:16,138
(51)-13-29604,(65)-18-30009,08/17/1978,01:37:11,222
(60)-18-43360,(76)-10-03699,08/17/1978,07:18:03,734
(41)-26-32006,(68)-08-71444,08/17/1978,19:03:06,219
(42)-21-81000,(68)-10-69502,08/18/1978,02:01:15,1075
(77)-03-27866,(78)-04-19380,08/18/1978,04:30:40,270
(54)-02-26360,(36)-00-42173,08/18/1978,06:49:03,64
(52)-21-31688,(62)-16-91572,08/18/1978,13:27:20,5032
(26)-05-81969,(64)-02-02969,08/18/1978,22:13:42,24
(40)-02-82260,(49)-02-41573,08/18/1978,23:54:04,720
(27)-24-44478,(67)-08-94197,08/19/1978,09:57:45,505
(66)-09-95893,(23)-05-06253,08/19/1978,19:44:05,2469
(31)-01-31891,(36)-21-16009,08/19/1978,23:32:37,268
(62)-09-89157,(43)-25-21769,08/20/1978,00:40:58,55
(59)-18-55791,(66)-01-42075,08/20/1978,10:35:29,772
(24)-16-00799,(41)-02-26230,08/20/1978,15:30:43,384
(45)-02-97648,(29)-10-42735,08/20/1978,18:15:40,61
(51)-05-42181,(74)-11-42072,08/21/1978,03:51:27,420
(72)-05-63597,(50)-11-56185,08/21/1978,07:03:05,2371
(44)-22-05959,(46)-12-66345,08/21/1978,09:43:29,653
(40)-19-35562,(56)-07-30132,08/21/1978,10:08:50,194
(57)-07-33841,(61)-16-01131,08/21/1978,10:21:31,6977
(79)-06-22389,(28)-20-45401,08/21/1978,11:07:00,110
(56)-11-21860,(70)-14-39094,08/21/1978,18:07:52,667
(23)-20-73595,(64)-16-96653,08/22/1978,00:08:26,97
(68)-07-26758,(69)-13-60203,08/22/1978,01:24:58,1575
(58)-14-10139,(64)-12-70799,08/22/1978,02:01:46,3141
(76)-10-92215,(28)-24-93891,08/22/1978,14:52:15,189
(33)-13-06668,(29)-21-10599,08/22/1978,17:36:12,688
(24)-04-22436,(54)-03-97830,08/22/1978,17:38:37,2632
(24)-09-27651,(75)-06-87673,08/22/1978,23:18:47,188
(34)-15-11849,(56)-05-72887,08/23/1978,01:22:27,7
(76)-07-50674,(74)-08-26418,08/23/1978,06:12:04,581
(41)-13-28354,(34)-21-89049,08/23/1978,07:44:52,89
(27)-07-48901,(44)-06-36298,08/23/1978,08:17:14,201
(68)-07-48466,(41)-13-32326,08/23/1978,08:30:38,681
(57)-06-58171,(61)-16-86766,08/23/1978,12:34:38,248
(76)-13-27235,(72)-08-65157,08/23/1978,18:53:17,673
(67)-01-83688,(53)-10-05460,08/23/1978,19:39:25,111
(73)-02-75003,(51)-10-70248,08/23/1978,20:41:09,162
(68)-15-36801,(24)-09-71246,08/23/1978,21:18:48,2368
(30)-23-81386,(27)-23-89962,08/23/1978,23:23:38,686
(63)-06-08686,(20)-33-68471,08/24/1978,12:26:52,239
(62)-01-57528,(55)-01-22411,08/24/1978,13:57:59,2437
(50)-05-42831,(56)-08-12350,08/24/1978,14:19:01,459
(78)-02-14545,(55)-05-35872,08/24/1978,16:35:07,1245
(26)-06-03525,(37)-08-64819,08/24/1978,22:40:53,492
(55)-17-52961,(51)-13-29660,08/25/1978,00:24:31,14
(76)-06-06075,(28)-04-65960,08/25/1978,05:48:06,708
(24)-11-94138,(51)-01-57616,08/25/1978,10:45:49,134
(21)-14-45522,(76)-14-34631,08/25/1978,13:42:08,270
(45)-15-39269,(76)-10-89309,08/25/1978,15:24:14,295
(41)-11-27545,(26)-31-96328,08/25/1978,15:44:19,21
(28)-25-24127,(62)-05-93395,08/25/1978,15:47:21,74
(72)-14-77723,(60)-12-39824,08/25/1978,18:37:21,38
(51)-15-65252,(76)-06-76210,08/25/1978,19:49:37,2360
(72)-09-58416,(71)-04-30125,08/25/1978,20:47:08,781
(40)-23-06626,(42)-05-72894,08/26/1978,05:04:56,2994
(41)-24-12733,(65)-08-99041,08/26/1978,06:56:28,367
(78)-04-25200,(64)-06-00448,08/26/1978,14:46:41,142
(37)-11-60880,(67)-16-08715,08/26/1978,15:00:35,35
(35)-05-46426,(66)-06-19785,08/26/1978,20:49:56,176
(45)-06-51486,(46)-08-26766,08/26/1978,20:53:00,3815
(61)-00-90062,(27)-15-62237,08/27/1978,05:06:46,245
(26)-25-40717,(48)-10-70982,08/27/1978,05:07:50,2994
(20)-29-61237,(72)-03-08594,08/27/1978,06:20:14,848
(29)-17-57953,(76)-00-55206,08/27/1978,12:47:57,7
(63)-02-70589,(29)-19-46295,08/27/1978,16:56:55,51
(36)-11-34304,(75)-14-94817,08/27/1978,18:25:52,102
(78)-11-09125,(22)-17-90042,08/27/1978,19:06:19,128
(28)-17-45921,(34)-24-14976,08/27/1978,19:11:20,290
(35)-04-75585,(64)-13-29561,08/27/1978,21:47:42,109
(42)-22-19514,(25)-23-18563,08/28/1978,00:43:13,355
(73)-01-65583,(49)-12-23821,08/28/1978,06:52:37,322
(20)-01-19441,(48)-17-46578,08/28/1978,17:28:59,683
(54)-13-32500,(38)-20-50585,08/28/1978,23:59:26,1226
(41)-24-97762,(62)-00-74611,08/29/1978,00:09:22,556
(60)-10-69952,(68)-16-67437,08/29/1978,03:49:17,294
(21)-23-99264,(60)-05-18427,08/29/1978,06:35:06,430
(66)-07-29158,(40)-07-48204,08/29/1978,11:20:03,152
(61)-08-10360,(59)-16-69010,08/29/1978,14:20:38,2255
(41)-18-35303,(55)-02-10231,08/29/1978,15:01:01,508
(61)-03-14782,(32)-09-00456,08/29/1978,15:58:56,254
(59)-02-82410,(22)-18-32219,08/29/1978,18:00:23,3215
(75)-05-88064,(76)-04-77406,08/29/1978,18:42:56,79
(61)-05-68447,(39)-11-37720,08/29/1978,19:54:19,195
(54)-20-26754,(72)-02-61485,08/29/1978,20:41:42,51
(71)-15-29954,(70)-00-56876,08/30/1978,01:34:42,465
(58)-17-89938,(32)-08-00489,08/30/1978,02:01:32,174
(66)-11-87616,(58)-07-27125,08/30/1978,12:36:13,191
(25)-08-94278,(60)-07-82580,08/30/1978,14:35:54,48
(25)-30-00075,(31)-23-49838,08/30/1978,20:19:22,117
(20)-15-62625,(61)-00-88808,08/30/1978,22:31:29,146
(43)-09-11389,(38)-05-84172,08/31/1978,07:49:29,1018
(47)-02-98138,(59)-01-10775,08/31/1978,11:17:58,600
(47)-18-99890,(63)-09-38595,08/31/1978,12:00:53,256
(50)-13-29103,(71)-16-59242,08/31/1978,15:20:46,815
(64)-04-42647,(55)-21-61784,08/31/1978,16:12:40,620
(29)-08-09794,(56)-06-07009,08/31/1978,18:45:12,293
(76)-06-59001,(25)-09-04252,09/01/1978,01:11:23,319
(36)-08-53519,(23)-22-30567,09/01/1978,03:32:02,228
(65)-01-62258,(59)-12-60737,09/01/1978,06:07:12,124
(40)-11-67034,(47)-09-55095,09/01/1978,16:54:32,648
(77)-10-92762,(70)-06-59758,09/01/1978,21:33:18,1554
(23)-08-47457,(61)-02-84138,09/02/1978,02:58:39,6505
(48)-19-38584,(55)-17-97802,09/02/1978,04:23:11,142
(33)-12-04497,(21)-04-17702,09/02/1978,13:31:51,4162
(72)-08-92159,(34)-27-19234,09/02/1978,18:17:46,67
(45)-24-63904,(77)-05-35987,09/03/1978,09:59:55,1173
(44)-21-23912,(77)-03-74096,09/03/1978,16:15:25,206
(38)-21-13520,(25)-17-26054,09/03/1978,20:02:05,1974
(41)-16-38057,(65)-01-59785,09/04/1978,00:31:00,509
(62)-08-97616,(58)-09-89292,09/04/1978,04:39:38,159
(79)-12-39310,(25)-08-33231,09/04/1978,13:10:22,91
(73)-15-20902,(51)-19-86713,09/04/1978,14:11:50,3198
(27)-29-53809,(55)-17-98220,09/04/1978,21:54:37,3083
(32)-27-27858,(70)-03-42653,09/05/1978,00:56:23,142
(43)-18-15343,(72)-14-69331,09/05/1978,07:15:53,13
(54)-16-63621,(63)-18-35104,09/05/1978,08:08:35,79
(30)-08-25055,(69)-13-39389,09/05/1978,09:54:24,247
(25)-15-92862,(40)-26-10769,09/05/1978,13:21:05,3887
(64)-08-25903,(29)-24-30930,09/05/1978,20:19:29,1308
(41)-08-30403,(47)-21-71614,09/05/1978,23:15:28,751
(59)-06-99031,(48)-06-16305,09/06/1978,02:33:25,18
(20)-13-87295,(29)-13-88987,09/06/1978,03:15:17,779
(21)-10-90498,(79)-07-26621,09/06/1978,04:32:35,1774
(33)-01-14640,(76)-10-38484,09/06/1978,08:44:01,436
(73)-08-79359,(78)-08-51272,09/06/1978,12:34:19,339
(55)-07-23827,(31)-16-85116,09/06/1978,13:02:43,248
(46)-00-94676,(69)-07-92817,09/06/1978,14:37:12,618
(63)-10-30423,(52)-10-13515,09/06/1978,18:12:42,888
(46)-19-77447,(60)-02-47475,09/06/1978,19:16:31,1228
(41)-12-89919,(29)-27-18945,09/06/1978,19:18:16,49
(21)-12-04609,(29)-13-79486,09/06/1978,22:35:28,2091
(70)-02-45824,(75)-14-09635,09/07/1978,00:02:52,215
(78)-01-17682,(45)-01-96515,09/07/1978,05:19:55,38
(74)-04-56716,(21)-27-37942,09/07/1978,06:52:56,688
(41)-19-06965,(43)-10-83796,09/07/1978,21:21:58,77
(34)-07-64246,(71)-10-74640,09/07/1978,21:39:28,133
(77)-04-08799,(58)-19-01373,09/07/1978,23:06:47,1265
(55)-10-48520,(63)-13-91441,09/08/1978,03:46:47,4154
(50)-16-20524,(41)-21-85967,09/08/1978,10:12:38,1269
(78)-01-18920,(78)-05-45472,09/08/1978,12:18:02,19
(47)-02-14361,(35)-15-14255,09/08/1978,17:46:54,87
(31)-10-90291,(56)-08-12350,09/08/1978,20:19:19,17
(38)-18-08428,(55)-17-45169,09/08/1978,23:42:09,1361
(47)-20-94859,(55)-04-97377,09/09/1978,13:37:21,2145
(43)-13-42942,(45)-04-95011,09/09/1978,15:44:25,2723
(20)-01-48292,(43)-08-60230,09/09/1978,23:40:16,557
(34)-26-68076,(62)-05-09866,09/10/1978,09:47:24,6483
(54)-00-33163,(32)-18-96911,09/10/1978,10:15:28,333
(57)-15-69927,(61)-13-45644,09/10/1978,13:57:55,908
(59)-17-07611,(38)-21-99418,09/10/1978,21:20:37,363
(51)-01-61480,(27)-28-17333,09/10/1978,22:52:13,507
(25)-21-26153,(67)-09-83579,09/10/1978,22:52:58,520
(64)-17-41258,(25)-13-47338,09/11/1978,05:43:11,130
(46)-23-77062,(34)-24-18353,09/11/1978,11:32:58,143
(79)-12-70462,(25)-23-07652,09/11/1978,13:12:21,3802
(61)-14-13718,(67)-12-63347,09/12/1978,02:18:30,852
(50)-04-02211,(75)-04-83560,09/12/1978,05:21:24,8
(45)-24-00841,(44)-12-41116,09/12/1978,05:36:15,451
(72)-08-46498,(64)-06-28919,09/12/1978,05:53:14,212
(52)-18-43144,(39)-03-05716,09/12/1978,07:14:25,576
(64)-06-80730,(27)-22-55019,09/12/1978,16:45:47,39
(58)-20-55774,(20)-08-81187,09/12/1978,17:43:26,2480
(46)-22-23231,(74)-00-23388,09/12/1978,22:38:28,11
(69)-01-69325,(67)-16-64436,09/13/1978,11:49:44,2137
(69)-03-94878,(25)-29-51726,09/13/1978,13:23:44,23
(31)-11-15040,(20)-24-38828,09/13/1978,20:25:51,185
(46)-13-21999,(74)-08-98267,09/13/1978,21:35:50,517
(46)-17-31595,(38)-16-74261,09/14/1978,10:03:51,97
(24)-08-42840,(28)-12-40839,09/14/1978,13:55:16,591
(27)-13-08161,(33)-15-38786,09/14/1978,23:44:19,440
(74)-06-10219,(50)-08-92036,09/15/1978,00:27:02,321
(36)-19-35105,(67)-00-85093,09/15/1978,01:17:58,1067
(22)-13-36569,(72)-12-99674,09/15/1978,03:40:28,2074
(22)-23-32343,(29)-10-47653,09/15/1978,09:37:51,214
(54)-16-39224,(49)-10-98375,09/15/1978,10:25:49,304
(43)-03-77016,(76)-11-75765,09/15/1978,11:56:15,253
(65)-12-56449,(60)-00-06943,09/15/1978,14:27:39,196
(40)-13-44903,(56)-00-46646,09/15/1978,19:00:40,39
(60)-09-23928,(66)-17-06635,09/15/1978,21:08:57,423
(51)-01-64763,(38)-09-03518,09/16/1978,01:31:22,173
(78)-08-13255,(21)-32-58905,09/16/1978,03:38:09,562
(57)-11-14435,(77)-02-90717,09/16/1978,12:01:48,84
(37)-17-37423,(28)-22-94220,09/16/1978,12:41:27,145
(46)-09-69327,(61)-16-13336,09/16/1978,13:12:06,82
(31)-06-38933,(22)-24-99557,09/16/1978,15:37:07,41
(59)-20-05591,(39)-25-20742,09/16/1978,15:48:05,299
(79)-03-44410,(63)-16-17212,09/16/1978,16:59:07,8
(57)-07-70319,(39)-21-94415,09/16/1978,17:23:39,740
(66)-04-92481,(47)-12-60721,09/17/1978,00:44:57,806
(34)-01-45237,(58)-15-84042,09/17/1978,01:27:53,1928
(29)-12-87391,(27)-17-83512,09/17/1978,02:26:22,576
(67)-13-57261,(58)-16-77519,09/17/1978,03:56:06,280
(41)-05-21770,(24)-19-11775,09/17/1978,05:16:11,39
(69)-01-34592,(29)-04-21127,09/17/1978,11:06:05,23
(54)-14-74359,(63)-04-36534,09/17/1978,16:00:18,48
(76)-11-30069,(65)-04-50235,09/17/1978,22:31:26,872
(59)-02-55536,(51)-08-11955,09/18/1978,00:18:50,59
(76)-02-35506,(63)-07-38885,09/18/1978,08:25:49,3302
(31)-27-02033,(46)-21-28016,09/18/1978,19:19:19,1917
(77)-04-19861,(56)-19-84928,09/19/1978,02:07:31,590
(36)-27-57754,(26)-16-05177,09/19/1978,03:05:16,1470
(58)-01-08274,(56)-19-60408,09/19/1978,10:03:40,580
(40)-17-64285,(51)-00-38815,09/19/1978,18:49:35,2781
(58)-17-31518,(64)-08-69235,09/20/1978,16:05:39,391
(55)-02-62860,(38)-09-07377,09/20/1978,17:22:34,660
(23)-20-50805,(29)-17-17649,09/20/1978,21:36:14,551
(37)-24-90332,(49)-17-37650,09/20/1978,22:11:37,115
(67)-08-16021,(72)-09-21617,09/20/1978,22:56:18,4549
(58)-04-91377,(75)-04-41377,09/21/1978,06:09:20,636
(46)-10-44493,(70)-00-25051,09/21/1978,14:04:49,275
(63)-14-01261,(43)-16-90635,09/21/1978,16:44:24,287
(22)-27-57979,(50)-21-49577,09/21/1978,16:58:48,266
(66)-10-45428,(54)-19-54264,09/21/1978,21:45:27,30
(42)-13-71993,(50)-08-88806,09/21/1978,21:59:10,32
(56)-19-97384,(38)-25-45503,09/22/1978,06:10:43,137
(66)-10-09174,(74)-08-81876,09/22/1978,07:15:58,151
(57)-06-01722,(68)-17-89912,09/22/1978,08:30:24,13
(45)-19-19282,(44)-21-74952,09/22/1978,19:44:40,406
(77)-06-16310,(59)-19-40987,09/22/1978,23:28:50,709
(50)-22-51674,(60)-19-13854,09/23/1978,02:08:09,241
(64)-06-39467,(73)-13-55493,09/23/1978,07:24:25,116
(52)-17-64676,(28)-25-23574,09/23/1978,08:54:01,211
(77)-14-47316,(48)-20-39606,09/23/1978,09:30:10,161
(78)-08-46721,(37)-01-25718,09/23/1978,12:34:02,168
(39)-10-99754,(27)-08-79239,09/23/1978,15:29:21,84
(51)-11-03558,(56)-03-34676,09/23/1978,16:51:59,800
(52)-16-41585,(44)-10-98487,09/23/1978,17:09:47,448
(29)-16-90518,(46)-18-51402,09/24/1978,17:32:03,49
(20)-22-93439,(78)-11-75556,09/25/1978,06:34:46,3451
(75)-01-47430,(57)-01-08412,09/25/1978,09:32:25,114
(67)-07-98871,(42)-20-03015,09/25/1978,10:22:27,753
(59)-12-27262,(59)-10-25954,09/25/1978,11:16:32,354
(42)-04-85520,(44)-23-91680,09/25/1978,20:20:48,252
(76)-05-09224,(24)-06-52360,09/26/1978,00:01:21,116
(43)-12-40825,(27)-16-61329,09/26/1978,00:31:12,6456
(36)-03-40729,(53)-01-32059,09/26/1978,09:22:43,44
(70)-07-70129,(50)-10-06772,09/27/1978,03:12:34,13
(40)-17-49253,(21)-30-77824,09/27/1978,08:19:19,715
(47)-06-70721,(74)-03-31773,09/27/1978,12:45:16,247
(79)-03-17420,(68)-01-68966,09/27/1978,13:14:22,492
(23)-21-93180,(22)-14-85057,09/27/1978,21:03:48,2489
(64)-11-62607,(37)-05-59944,09/27/1978,21:19:08,3536
(49)-18-84348,(67)-13-91561,09/27/1978,23:15:04,217
(54)-00-52022,(72)-05-20801,09/27/1978,23:49:11,105
(74)-06-58877,(75)-14-27625,09/28/1978,14:45:10,180
(44)-23-83855,(65)-04-89013,09/28/1978,15:36:58,45
(30)-00-72171,(65)-16-12621,09/28/1978,18:32:19,111
(33)-05-85451,(58)-19-67656,09/28/1978,18:33:14,373
(23)-04-48990,(77)-00-08432,09/29/1978,01:20:17,599
(56)-21-34305,(34)-18-19219,09/29/1978,21:47:06,2885
(26)-05-09473,(53)-13-78366,09/29/1978,22:22:29,248
(58)-04-38942,(70)-04-30678,09/30/1978,03:58:03,690
(66)-02-97966,(53)-10-11916,09/30/1978,07:48:47,615
(42)-13-23100,(76)-10-60776,09/30/1978,12:24:35,668
(52)-07-23417,(71)-16-21263,09/30/1978,18:31:04,717
(46)-08-66954,(38)-14-78806,09/30/1978,19:12:04,69
(40)-26-96868,(41)-24-13780,09/30/1978,20:00:24,55
(72)-14-86715,(61)-01-53553,10/01/1978,01:00:44,261
(44)-20-91803,(41)-16-12001,10/01/1978,02:17:13,288
(66)-13-10976,(26)-12-43759,10/01/1978,02:51:02,20
(33)-27-24491,(35)-05-58895,10/01/1978,04:55:26,701
(56)-06-18235,(34)-09-90466,10/01/1978,11:38:10,403
(32)-01-03903,(66)-02-17019,10/01/1978,14:58:41,2811
(47)-01-37240,(59)-13-20275,10/01/1978,16:39:23,232
(72)-01-16942,(34)-20-09909,10/01/1978,21:32:30,198
(44)-20-36502,(77)-01-84849,10/02/1978,09:31:19,174
(47)-13-56403,(47)-17-95025,10/02/1978,10:22:31,380
(34)-20-99681,(65)-07-16894,10/02/1978,20:58:40,34
(29)-24-11805,(35)-14-39190,10/03/1978,01:15:09,612
(65)-12-53495,(72)-00-45953,10/03/1978,09:19:29,603
(68)-02-89604,(22)-13-59250,10/03/1978,15:52:55,279
(41)-04-16431,(44)-22-27295,10/03/1978,22:18:40,147
(40)-14-10206,(72)-06-20844,10/04/1978,01:46:01,76
(41)-05-02982,(63)-04-54765,10/04/1978,04:17:02,356
(34)-27-31232,(47)-02-06676,10/04/1978,06:20:31,273
(46)-15-67117,(74)-03-56958,10/04/1978,08:04:11,4183
(20)-25-13265,(65)-15-20021,10/04/1978,10:34:49,3711
(21)-20-20707,(70)-04-57977,10/04/1978,11:09:40,3407
(73)-06-89355,(24)-06-25940,10/04/1978,13:41:33,312
(68)-02-42344,(32)-09-65728,10/04/1978,15:26:47,159
(29)-13-11821,(57)-17-19153,10/04/1978,17:38:44,170
(35)-25-41747,(22)-01-71023,10/05/1978,00:42:06,1471
(44)-03-83095,(32)-27-05571,10/05/1978,04:54:52,485
(23)-04-28147,(45)-19-42813,10/05/1978,11:23:52,63
(72)-02-88448,(39)-08-39173,10/05/1978,14:53:52,125
(77)-06-83598,(33)-25-20534,10/05/1978,15:22:27,2704
(54)-13-50789,(31)-22-15930,10/05/1978,17:48:07,885
(45)-03-88579,(28)-24-55638,10/05/1978,19:34:08,77
(53)-11-83724,(48)-07-34729,10/06/1978,00:49:34,24
(65)-08-37983,(28)-10-14137,10/06/1978,10:49:32,295
(48)-18-86373,(71)-07-48167,10/06/1978,18:08:47,10
(71)-06-98957,(53)-20-87283,10/07/1978,04:54:22,257
(66)-08-90006,(74)-11-54214,10/07/1978,05:58:04,1564
(65)-11-23469,(27)-27-34732,10/07/1978,17:59:58,358
(23)-31-30117,(27)-26-69743,10/07/1978,23:35:23,182
(53)-08-59229,(28)-18-15827,10/07/1978,23:43:57,238
(49)-04-54932,(65)-16-66440,10/08/1978,01:38:25,253
(38)-04-35270,(66)-11-03179,10/08/1978,02:14:42,9
(68)-12-81399,(36)-09-88469,10/08/1978,08:11:53,480
(69)-07-16588,(20)-14-12905,10/08/1978,23:01:59,279
(32)-19-23009,(63)-12-88022,10/09/1978,07:10:10,90
(40)-16-86121,(73)-06-48716,10/09/1978,10:07:48,241
(45)-18-89325,(31)-22-01945,10/09/1978,14:41:06,160
(79)-00-16685,(74)-08-08644,10/09/1978,23:42:10,302
(33)-09-10515,(21)-03-70557,10/10/1978,09:05:27,270
(22)-29-24894,(63)-18-44374,10/10/1978,16:22:44,862
(57)-05-20861,(64)-08-50393,10/10/1978,18:06:10,242
(46)-00-45534,(35)-28-18454,10/10/1978,19:59:55,59
(35)-03-68267,(57)-20-21232,10/10/1978,21:13:35,294
(47)-18-54186,(51)-08-02363,10/10/1978,22:56:44,733
(62)-10-88810,(40)-09-87361,10/11/1978,01:50:57,3576
(52)-01-02853,(22)-20-82632,10/11/1978,01:58:25,2538
(60)-14-65970,(59)-02-17282,10/11/1978,05:04:09,107
(67)-11-25284,(57)-09-23900,10/11/1978,10:30:40,68
(65)-09-45635,(31)-17-93123,10/11/1978,11:46:52,1664
(38)-03-16108,(34)-00-21029,10/11/1978,13:41:35,256
(75)-04-51312,(69)-16-62234,10/11/1978,20:29:07,156
(30)-13-66468,(76)-05-46280,10/11/1978,22:03:21,685
(39)-13-77795,(51)-15-54434,10/12/1978,00:11:55,2570
(74)-13-45569,(68)-02-33211,10/12/1978,08:42:40,490
(39)-22-56096,(76)-05-15666,10/12/1978,13:45:32,169
(78)-03-73233,(74)-02-62277,10/12/1978,14:29:20,21
(33)-22-32582,(69)-01-63955,10/12/1978,20:06:48,262
(39)-01-17992,(61)-15-57404,10/12/1978,21:37:31,75
(75)-11-56033,(27)-19-13027,10/13/1978,04:47:51,706
(36)-15-13815,(24)-13-13819,10/14/1978,00:06:39,235
(58)-01-85976,(72)-12-16777,10/14/1978,00:07:35,706
(69)-00-91711,(22)-13-42530,10/14/1978,08:53:15,226
(74)-04-36068,(76)-02-53770,10/14/1978,14:37:59,2710
(44)-06-82063,(27)-30-75034,10/15/1978,00:54:42,2066
(59)-13-70630,(24)-31-45734,10/15/1978,02:28:43,724
(72)-07-70186,(53)-07-06994,10/15/1978,03:24:08,89
(75)-04-70074,(21)-26-81218,10/15/1978,08:39:16,177
(57)-15-69922,(77)-05-30251,10/15/1978,09:39:55,293
(78)-11-21542,(54)-01-17923,10/15/1978,16:59:20,166
(74)-05-16501,(41)-19-53321,10/15/1978,19:35:59,213
(68)-09-72817,(38)-12-20261,10/16/1978,01:55:51,2000
(29)-21-49474,(42)-05-72581,10/16/1978,10:12:28,1946
(75)-09-16745,(59)-14-98275,10/16/1978,22:52:30,210
(54)-08-76207,(53)-15-62019,10/17/1978,00:56:45,435
(33)-19-77189,(46)-13-88176,10/17/1978,02:04:08,497
(54)-18-40483,(42)-25-73553,10/17/1978,02:38:08,236
(52)-17-69176,(44)-00-79268,10/17/1978,08:17:10,953
(55)-18-56972,(44)-03-73242,10/17/1978,10:00:30,3255
(65)-17-18047,(63)-00-85782,10/17/1978,10:16:04,204
(51)-01-19476,(73)-07-33161,10/17/1978,11:00:55,95
(52)-07-91003,(46)-21-38278,10/17/1978,21:00:40,283
(41)-11-51977,(68)-10-27331,10/17/1978,21:33:46,136
(44)-22-01429,(50)-21-08338,10/17/1978,22:21:02,721
(55)-21-34396,(55)-16-64390,10/18/1978,03:11:31,3058
(71)-12-19831,(43)-14-38210,10/18/1978,12:05:31,29
(52)-14-89586,(32)-20-96889,10/18/1978,13:20:06,19
(71)-07-69331,(60)-19-02167,10/18/1978,17:41:56,279
(26)-14-41501,(50)-09-47164,10/18/1978,21:20:05,191
(75)-05-35733,(50)-02-13251,10/18/1978,21:34:05,278
(55)-02-64873,(30)-22-59130,10/19/1978,05:04:39,79
(37)-01-57691,(26)-07-60712,10/19/1978,13:34:15,261
(22)-16-73337,(50)-23-11602,10/19/1978,14:21:21,382
(49)-23-62649,(66)-04-23705,10/20/1978,18:03:00,1748
(32)-13-73815,(48)-17-01406,10/21/1978,04:00:18,449
(61)-05-19639,(29)-28-32974,10/21/1978,09:41:08,4374
(20)-01-42401,(74)-05-90893,10/21/1978,14:37:14,3484
(29)-29-12389,(78)-11-22906,10/21/1978,15:52:38,684
(71)-11-73528,(22)-04-12987,10/21/1978,22:21:30,482
(75)-11-69419,(46)-12-47032,10/22/1978,04:30:14,411
(43)-14-44261,(72)-02-65574,10/22/1978,10:07:23,2363
(65)-17-18047,(77)-03-17544,10/22/1978,13:31:42,172
(54)-17-02284,(57)-15-83148,10/22/1978,15:48:24,213
(51)-02-74373,(32)-24-84471,10/22/1978,16:30:52,796
(58)-19-22568,(28)-21-77672,10/22/1978,17:37:20,230
(58)-11-74855,(49)-13-09417,10/22/1978,21:25:03,261
(49)-23-74532,(30)-05-55883,10/22/1978,21:47:09,63
(78)-01-04150,(37)-17-82142,10/23/1978,08:29:21,182
(43)-05-85309,(26)-25-20169,10/23/1978,17:14:20,3882
(65)-09-09071,(48)-00-22562,10/23/1978,17:17:32,633
(64)-16-62840,(60)-04-58144,10/23/1978,18:27:37,140
(39)-14-96284,(25)-10-44865,10/24/1978,06:24:57,2694
(41)-14-20067,(27)-16-87285,10/24/1978,07:56:45,133
(48)-08-25631,(59)-17-32064,10/24/1978,08:47:40,5474
(75)-09-41210,(55)-21-94848,10/24/1978,14:16:03,633
(24)-07-00826,(50)-23-67428,10/25/1978,03:48:40,156
(39)-23-82348,(43)-00-50585,10/25/1978,08:42:53,67
(41)-03-46662,(50)-21-56343,10/25/1978,19:20:45,154
(36)-04-20139,(41)-15-73978,10/25/1978,22:31:44,194
(49)-15-34173,(50)-06-29879,10/26/1978,03:14:54,860
(32)-09-82104,(50)-15-30949,10/26/1978,03:27:37,229
(62)-13-95900,(58)-03-22563,10/26/1978,09:09:07,154
(24)-17-29997,(38)-01-85314,10/26/1978,11:57:22,657
(76)-09-16854,(76)-14-58223,10/27/1978,00:11:49,2041
(32)-18-72418,(36)-09-50980,10/27/1978,03:51:02,234
(30)-22-70635,(73)-11-40832,10/27/1978,07:03:54,111
(31)-07-52495,(76)-08-83129,10/27/1978,08:57:04,885
(22)-13-95454,(69)-14-41089,10/27/1978,09:01:51,712
(66)-16-32440,(28)-12-98367,10/27/1978,12:53:21,311
(45)-14-00523,(79)-04-19348,10/28/1978,12:11:00,2208
(79)-13-36417,(22)-16-68934,10/28/1978,14:10:30,70
(50)-20-72408,(39)-12-13806,10/28/1978,14:54:26,532
(45)-13-88148,(29)-26-73907,10/28/1978,15:42:45,166
(41)-11-55659,(59)-04-49099,10/29/1978,10:22:53,37
(76)-08-79063,(34)-09-50983,10/29/1978,12:27:13,279
(65)-11-41870,(27)-14-03689,10/29/1978,13:45:03,626
(55)-10-33669,(67)-15-73800,10/29/1978,16:51:28,857
(73)-13-26651,(42)-20-94227,10/29/1978,19:30:38,872
(63)-08-53091,(65)-05-42366,10/29/1978,19:54:17,199
(29)-15-65248,(41)-15-20459,10/29/1978,21:38:26,878
(27)-09-42717,(39)-15-10255,10/30/1978,02:47:26,4637
(33)-22-75358,(30)-26-62200,10/30/1978,04:59:35,222
(59)-19-69226,(24)-09-27651,10/30/1978,05:03:01,1922
(40)-10-84678,(43)-14-42543,10/30/1978,10:54:34,169
(29)-11-75896,(22)-20-24819,10/30/1978,11:08:57,157
(78)-09-45268,(20)-10-91154,10/30/1978,18:56:00,84
(24)-13-95580,(52)-16-40741,10/31/1978,12:07:15,500
(74)-15-99052,(50)-20-19454,10/31/1978,17:09:58,530
(44)-24-91773,(62)-01-59559,10/31/1978,22:36:26,595
(33)-25-66615,(38)-19-45357,11/01/1978,02:32:13,102
(49)-13-69918,(64)-13-51031,11/01/1978,05:55:43,134
(30)-01-81491,(24)-18-27515,11/01/1978,07:07:30,275
(64)-11-82251,(68)-00-99453,11/01/1978,17:00:29,20
(42)-25-62785,(56)-00-62780,11/01/1978,18:46:06,2919
(79)-00-56931,(45)-02-39638,11/01/1978,21:13:22,610
(24)-14-97915,(34)-10-66856,11/02/1978,04:39:05,508
(78)-13-63605,(57)-04-87003,11/02/1978,05:23:43,2594
(44)-13-51160,(36)-20-52050,11/02/1978,09:58:20,173
(45)-15-38096,(67)-08-94197,11/02/1978,12:19:51,1265
(52)-11-46631,(70)-12-81601,11/02/1978,16:28:56,1452
(31)-07-88953,(28)-16-91476,11/02/1978,17:15:28,198
(61)-07-10658,(58)-11-48836,11/03/1978,03:31:14,525
(46)-16-40004,(33)-01-47094,11/03/1978,03:45:46,1019
(38)-23-98852,(22)-28-69544,11/03/1978,06:04:36,97
(71)-03-82039,(44)-08-32630,11/03/1978,10:22:30,334
(29)-29-13780,(54)-14-00688,11/03/1978,11:48:32,86
(41)-03-78744,(42)-21-84337,11/03/1978,12:32:41,340
(37)-13-94727,(76)-00-60640,11/03/1978,18:20:05,2436
(66)-00-41731,(37)-18-50719,11/04/1978,01:23:43,113
(68)-03-40158,(34)-11-15949,11/04/1978,06:59:42,874
(38)-05-36708,(64)-12-07901,11/05/1978,04:28:24,2260
(62)-02-37754,(57)-20-13160,11/05/1978,05:54:46,73
(58)-00-80025,(26)-05-34637,11/05/1978,19:33:55,74
(67)-10-75912,(79)-06-41970,11/05/1978,23:52:20,6008
(35)-17-98080,(76)-06-47397,11/06/1978,00:37:32,530
(64)-04-32929,(44)-02-11485,11/06/1978,11:50:07,504
(26)-25-58589,(33)-00-25129,11/06/1978,13:13:44,95
(52)-21-51428,(45)-16-02337,11/06/1978,18:03:34,288
(26)-21-50683,(68)-15-90215,11/06/1978,19:40:57,521
(64)-14-59972,(62)-05-48498,11/06/1978,19:43:48,3371
(38)-26-85433,(20)-25-10484,11/07/1978,09:49:32,163
(74)-03-38857,(23)-03-87366,11/07/1978,09:52:50,813
(79)-07-81887,(43)-07-21803,11/07/1978,13:59:15,5
(61)-18-02697,(55)-06-31262,11/07/1978,18:11:54,404
(72)-13-08690,(28)-23-05423,11/07/1978,19:18:37,283
(58)-11-56106,(46)-13-58005,11/07/1978,23:41:09,10
(65)-08-65758,(24)-19-64234,11/08/1978,00:51:25,301
(26)-16-55840,(72)-11-57477,11/08/1978,12:20:33,185
(69)-14-01782,(76)-07-12573,11/08/1978,19:19:27,2791
(63)-04-88676,(41)-04-72236,11/09/1978,07:19:07,866
(77)-04-31749,(61)-03-21961,11/09/1978,11:11:39,189
(55)-21-60037,(70)-04-84099,11/09/1978,15:08:50,222
(22)-11-63862,(59)-02-55405,11/09/1978,21:52:57,3430
(45)-20-84325,(26)-19-51692,11/10/1978,03:08:41,149
(74)-04-02601,(63)-14-58766,11/10/1978,03:26:12,97
(57)-04-18395,(30)-25-46773,11/10/1978,18:22:31,2048
(50)-00-28200,(77)-14-27569,11/10/1978,18:50:36,2950
(42)-03-47642,(65)-07-64078,11/10/1978,18:52:00,2382
(44)-12-74019,(28)-04-10538,11/11/1978,07:31:33,171
(44)-14-85052,(46)-08-12256,11/11/1978,12:00:10,5955
(46)-07-08552,(54)-10-07092,11/11/1978,20:27:31,172
(75)-08-98400,(72)-04-70028,11/11/1978,20:59:58,257
(45)-07-03231,(44)-09-63613,11/11/1978,21:51:55,113
(47)-22-22206,(77)-04-64426,11/12/1978,01:03:14,744
(76)-13-32076,(27)-03-02888,11/12/1978,04:06:00,652
(27)-04-21684,(69)-05-20678,11/12/1978,20:54:21,325
(69)-08-99524,(77)-08-31418,11/13/1978,00:06:18,4410
(59)-07-62686,(28)-22-92348,11/13/1978,01:30:51,149
(77)-01-74252,(29)-16-36763,11/13/1978,03:41:04,255
(38)-00-30775,(30)-13-43230,11/13/1978,04:00:20,144
(28)-23-68405,(75)-11-33978,11/13/1978,09:36:08,19
(53)-22-52545,(78)-11-59616,11/13/1978,13:29:37,55
(71)-12-84268,(23)-00-89906,11/13/1978,16:42:30,299
(53)-09-62757,(50)-15-23097,11/13/1978,16:55:38,2870
(21)-32-36812,(74)-08-88787,11/13/1978,17:09:35,273
(69)-07-67396,(74)-02-76989,11/13/1978,17:27:56,12
(68)-03-13654,(75)-10-40631,11/13/1978,17:30:22,51
(31)-27-05041,(32)-03-50287,11/13/1978,19:52:45,295
(70)-07-60244,(67)-17-48259,11/14/1978,01:24:55,142
(42)-24-71085,(34)-00-93743,11/14/1978,01:37:49,117
(53)-03-64156,(65)-17-81172,11/14/1978,08:49:33,252
(36)-07-26700,(29)-05-87365,11/14/1978,10:02:07,411
(52)-02-28852,(27)-20-65255,11/14/1978,14:36:33,458
(78)-08-25709,(75)-07-20023,11/14/1978,17:15:16,733
(58)-16-21985,(60)-08-26260,11/15/1978,07:32:20,838
(32)-27-95598,(37)-19-62313,11/15/1978,09:43:16,3384
(45)-15-86555,(40)-08-30446,11/15/1978,10:03:15,107
(65)-13-83928,(64)-16-13334,11/15/1978,14:28:43,877
(57)-02-50619,(60)-14-93034,11/15/1978,19:23:01,443
(66)-09-68675,(22)-17-83376,11/15/1978,21:27:12,776
(67)-02-37631,(31)-22-50341,11/16/1978,06:48:18,242
(79)-06-84808,(48)-03-27827,11/16/1978,11:42:56,762
(79)-08-95397,(45)-03-43416,11/16/1978,13:46:56,154
(56)-11-44266,(47)-04-16035,11/16/1978,15:16:31,87
(72)-07-01543,(41)-18-97958,11/16/1978,22:30:19,1724
(60)-18-84259,(35)-25-27654,11/16/1978,22:33:16,262
(20)-28-08986,(75)-11-94479,11/16/1978,23:42:48,2455
(65)-10-65115,(78)-12-25582,11/17/1978,01:23:03,272
(23)-06-37216,(76)-13-96880,11/17/1978,17:18:22,439
(44)-14-83956,(77)-04-99390,11/17/1978,17:56:01,425
(44)-19-36895,(35)-04-75585,11/17/1978,20:46:15,176
(74)-15-18460,(44)-24-07472,11/18/1978,08:55:44,801
(49)-08-69345,(26)-20-79852,11/18/1978,15:04:37,12
(79)-02-92093,(37)-15-25159,11/18/1978,18:57:23,694
(74)-01-98198,(61)-13-59616,11/18/1978,20:43:58,97
(48)-11-86488,(57)-06-24141,11/18/1978,20:55:14,636
(26)-03-66782,(24)-15-44470,11/19/1978,01:34:47,274
(77)-12-23545,(50)-23-67816,11/19/1978,01:58:37,791
(25)-00-27215,(21)-01-90384,11/19/1978,09:54:47,80
(56)-19-11975,(39)-23-66946,11/19/1978,10:10:50,74
(72)-11-96788,(21)-18-64625,11/19/1978,12:34:39,3351
(65)-13-35358,(70)-04-59138,11/19/1978,13:46:54,151
(39)-12-51636,(69)-11-85006,11/19/1978,21:24:16,64
(74)-13-85056,(58)-06-23435,11/19/1978,21:43:01,884
(76)-04-43283,(36)-26-47337,11/20/1978,03:08:03,227
(53)-11-28039,(74)-12-85052,11/20/1978,03:43:55,260
(57)-04-81195,(24)-17-56166,11/20/1978,04:50:47,3574
(64)-08-63194,(48)-05-58870,11/21/1978,09:45:17,564
(37)-19-35591,(44)-24-19495,11/21/1978,14:50:11,247
(22)-06-27083,(78)-10-18085,11/21/1978,16:36:01,19
(78)-04-24617,(65)-04-23207,11/21/1978,18:54:39,45
(26)-30-87657,(78)-13-04171,11/22/1978,03:13:23,7156
(49)-17-43689,(72)-05-17286,11/22/1978,09:27:19,15
(55)-17-82142,(36)-20-05053,11/22/1978,10:29:50,226
(34)-04-86214,(44)-24-28822,11/22/1978,12:14:08,2984
(68)-11-56578,(66)-09-65581,11/22/1978,14:14:14,837
(39)-12-72815,(34)-06-87710,11/22/1978,20:29:48,1926
(40)-03-11995,(59)-10-02387,11/23/1978,04:33:14,92
(41)-01-91259,(32)-07-86299,11/23/1978,12:12:11,3042
(21)-30-40827,(49)-17-03227,11/23/1978,12:14:58,146
(47)-12-77790,(44)-04-70498,11/23/1978,16:48:59,90
(29)-05-50429,(66)-13-84516,11/23/1978,19:44:46,674
(20)-08-55550,(23)-00-10950,11/23/1978,19:45:19,439
(59)-05-11036,(40)-21-98995,11/23/1978,21:22:27,3323
(33)-27-98580,(70)-07-81021,11/23/1978,21:41:31,66
(65)-01-82811,(59)-08-02886,11/24/1978,02:46:56,809
(41)-10-87502,(27)-04-18984,11/24/1978,07:00:53,86
(23)-20-02937,(67)-12-35006,11/24/1978,10:05:35,137
(28)-03-63468,(75)-14-91985,11/24/1978,14:52:02,717
(36)-15-32760,(25)-12-92071,11/24/1978,14:53:46,170
(24)-17-09168,(37)-05-37016,11/24/1978,17:34:34,17
(77)-09-66534,(32)-18-16369,11/24/1978,19:43:49,2046
(41)-17-31726,(70)-11-36231,11/24/1978,22:17:13,35
(68)-00-29400,(24)-06-31779,11/24/1978,22:42:23,815
(20)-21-85145,(74)-10-06736,11/24/1978,23:58:05,808
(28)-11-65542,(35)-15-00888,11/25/1978,06:54:39,508
(56)-15-68835,(70)-06-24175,11/25/1978,10:30:08,72
(41)-19-04115,(31)-23-19761,11/25/1978,11:07:38,22
(58)-06-80662,(49)-06-53577,11/25/1978,16:43:48,3236
(57)-18-34834,(29)-06-04844,11/25/1978,22:14:28,297
(55)-08-13594,(30)-16-23770,11/26/1978,04:58:33,295
(78)-00-55744,(74)-04-77572,11/26/1978,12:08:35,179
(50)-12-46393,(57)-12-81700,11/26/1978,19:03:47,9
(38)-14-28038,(36)-16-20630,11/26/1978,21:26:25,908
(30)-14-07916,(42)-24-29968,11/26/1978,21:41:04,249
(20)-24-82511,(39)-08-59811,11/27/1978,01:59:30,124
(51)-18-70588,(48)-23-02562,11/27/1978,05:09:15,24
(75)-08-44149,(65)-06-56126,11/27/1978,05:15:45,185
(33)-09-17139,(69)-14-50123,11/27/1978,10:17:00,224
(74)-02-41097,(69)-13-60150,11/27/1978,11:58:59,290
(69)-00-23484,(73)-01-98845,11/27/1978,12:23:09,316
(48)-20-59045,(69)-05-52707,11/27/1978,13:11:07,84
(33)-02-41587,(29)-13-16916,11/27/1978,14:04:29,641
(61)-09-53754,(72)-05-23350,11/27/1978,23:42:57,30
(59)-10-32903,(60)-00-87058,11/28/1978,00:58:48,857
(36)-16-22745,(75)-06-24559,11/28/1978,05:51:32,148
(41)-11-12139,(49)-11-16654,11/28/1978,08:13:58,261
(41)-24-08224,(64)-15-27508,11/28/1978,22:37:18,176
(78)-04-50648,(40)-23-97556,11/29/1978,03:19:50,272
(70)-06-65566,(40)-17-48805,11/29/1978,04:05:41,153
(36)-09-42019,(45)-00-69043,11/29/1978,04:47:31,203
(50)-12-27598,(28)-26-04422,11/29/1978,10:36:06,696
(20)-00-67479,(32)-10-86062,11/29/1978,11:23:15,259
(57)-11-58871,(75)-01-52308,11/29/1978,16:24:09,2709
(61)-17-38664,(49)-04-93547,11/29/1978,21:05:54,165
(45)-12-02214,(29)-26-68660,11/29/1978,23:51:24,347
(24)-27-36320,(77)-04-42547,11/30/1978,05:37:36,47
(58)-05-50803,(73)-10-10419,11/30/1978,06:56:12,281
(77)-03-62125,(41)-13-73206,11/30/1978,07:50:17,1529
(25)-14-35424,(33)-18-68210,11/30/1978,12:27:10,491
(20)-03-19477,(66)-07-51503,11/30/1978,16:40:20,2448
(55)-07-80359,(39)-17-28979,11/30/1978,16:50:21,203
(74)-15-84543,(59)-02-87805,11/30/1978,21:12:29,254
(67)-12-03480,(37)-15-95820,12/01/1978,01:44:39,260
(43)-21-89689,(78)-10-02314,12/01/1978,09:00:49,3499
(77)-03-63508,(68)-15-21206,12/01/1978,13:15:18,153
(50)-23-73147,(60)-03-50162,12/02/1978,01:09:02,2740
(45)-16-48882,(77)-03-96757,12/02/1978,04:30:09,177
(25)-12-61313,(75)-06-15136,12/02/1978,06:35:46,42
(75)-09-93267,(68)-16-86251,12/02/1978,11:25:42,113
(59)-05-01154,(26)-28-77985,12/02/1978,12:29:43,6904
(41)-04-57469,(67)-14-28778,12/02/1978,12:55:18,18
(43)-19-67192,(34)-17-73384,12/02/1978,19:21:00,58
(30)-08-25055,(71)-11-51612,12/02/1978,21:31:46,96
(42)-03-17263,(24)-08-32191,12/03/1978,03:10:34,1704
(51)-21-51124,(77)-01-87530,12/03/1978,11:03:41,2400
(43)-01-42777,(28)-30-84710,12/03/1978,11:33:15,64
(46)-05-52233,(72)-06-75025,12/03/1978,15:03:40,296
(45)-12-17684,(76)-14-19336,12/03/1978,22:24:29,2552
(46)-14-06167,(28)-29-56263,12/04/1978,12:08:12,686
(53)-00-52853,(53)-08-11016,12/04/1978,19:38:51,164
(47)-18-29625,(52)-05-12744,12/04/1978,23:37:41,899
(69)-15-95929,(68)-00-27115,12/05/1978,00:07:02,531
(72)-13-12720,(41)-22-01178,12/05/1978,13:30:25,39
(24)-14-11028,(29)-25-19512,12/05/1978,15:03:57,144
(23)-03-50010,(56)-13-14699,12/05/1978,15:22:43,52
(35)-02-56091,(47)-24-38641,12/05/1978,15:33:59,147
(20)-01-47913,(33)-07-81093,12/05/1978,16:57:54,2960
(66)-15-18280,(58)-02-28200,12/06/1978,02:36:32,848
(42)-02-24397,(28)-05-34185,12/06/1978,02:45:02,129
(79)-11-30190,(30)-16-09801,12/06/1978,07:00:56,292
(61)-11-56736,(45)-14-65838,12/06/1978,07:09:24,150
(25)-00-29901,(52)-05-74478,12/06/1978,08:35:10,543
(74)-00-23742,(42)-03-17882,12/06/1978,10:55:12,163
(36)-12-13284,(60)-02-06360,12/06/1978,13:21:42,1943
(73)-01-31246,(34)-25-38145,12/06/1978,14:46:45,1913
(57)-02-62403,(45)-01-00725,12/06/1978,19:02:18,535
(60)-09-11899,(64)-05-86599,12/06/1978,19:25:45,855
(69)-16-28860,(52)-21-40388,12/07/1978,02:52:35,3320
(24)-29-39224,(73)-08-61907,12/07/1978,07:23:27,882
(56)-01-18542,(23)-28-52881,12/07/1978,07:46:46,384
(50)-15-59200,(79)-08-21617,12/07/1978,08:00:23,794
(65)-10-44276,(20)-31-31125,12/07/1978,16:26:32,1052
(40)-09-93384,(53)-08-42446,12/07/1978,17:06:08,437
(41)-10-50280,(79)-13-33483,12/08/1978,00:56:01,158
(45)-22-42827,(67)-03-29387,12/08/1978,04:33:46,754
(64)-07-06306,(57)-14-91124,12/08/1978,06:03:49,803
(63)-11-95157,(23)-09-81082,12/08/1978,11:54:27,23
(40)-05-82957,(59)-11-23138,12/08/1978,12:21:18,269
(62)-01-22421,(21)-15-19539,12/08/1978,20:14:36,403
(48)-01-93144,(46)-10-79025,12/08/1978,22:42:56,212
(44)-21-80835,(68)-02-80944,12/08/1978,23:40:45,193
(62)-11-43541,(33)-11-53349,12/09/1978,01:41:39,335
(38)-19-53094,(50)-11-94842,12/09/1978,09:42:53,302
(38)-03-00927,(24)-25-76586,12/09/1978,15:56:50,1319
(21)-25-35695,(23)-00-44759,12/09/1978,16:29:18,3490
(39)-22-43628,(63)-10-28762,12/09/1978,17:05:53,696
(28)-07-28199,(55)-05-00365,12/09/1978,20:46:08,196
(70)-10-11644,(54)-12-72909,12/09/1978,23:31:47,61
(61)-05-30518,(40)-04-22472,12/10/1978,06:16:56,800
(38)-11-02879,(59)-19-05203,12/10/1978,07:49:23,255
(71)-03-39809,(34)-18-86215,12/10/1978,08:41:56,200
(35)-11-40589,(39)-14-47442,12/10/1978,09:20:17,1695
(71)-16-47789,(65)-11-38174,12/10/1978,11:50:59,248
(31)-29-54366,(70)-02-43921,12/10/1978,12:44:22,863
(63)-01-76162,(61)-06-39459,12/10/1978,21:29:53,226
(45)-23-25944,(48)-23-00882,12/11/1978,07:56:08,844
(79)-00-48301,(37)-06-83005,12/11/1978,09:33:20,2354
(48)-14-19777,(60)-07-25818,12/11/1978,15:42:07,868
(21)-21-38780,(38)-01-51996,12/12/1978,01:31:55,11
(58)-17-82405,(76)-10-53506,12/12/1978,06:25:36,3493
(49)-21-36143,(67)-16-64304,12/12/1978,08:59:48,214
(76)-06-80712,(42)-11-00155,12/12/1978,09:14:33,44
(68)-02-18630,(72)-06-97190,12/12/1978,19:27:21,219
(32)-22-83175,(37)-04-84204,12/12/1978,19:30:28,2924
(76)-08-22434,(39)-22-55651,12/12/1978,22:49:03,131
(60)-13-69746,(71)-00-39343,12/12/1978,23:35:54,311
(40)-22-04357,(42)-09-78834,12/12/1978,23:48:24,1854
(26)-16-23410,(32)-12-18435,12/13/1978,01:11:02,701
(41)-07-08307,(20)-20-77629,12/13/1978,02:47:48,867
(62)-01-06924,(69)-04-49876,12/13/1978,04:54:11,443
(62)-11-15103,(49)-06-29014,12/13/1978,09:46:32,1461
(55)-00-21056,(55)-18-69915,12/13/1978,13:27:37,288
(64)-15-49043,(35)-14-54818,12/14/1978,00:01:48,417
(75)-08-76054,(32)-13-50695,12/14/1978,06:58:20,690
(21)-28-32182,(25)-11-58998,12/14/1978,14:23:50,264
(68)-00-85676,(39)-01-47098,12/15/1978,03:19:29,197
(38)-27-29993,(78)-07-04237,12/15/1978,09:45:00,281
(73)-01-21310,(46)-11-32702,12/15/1978,15:26:46,542
(24)-27-38803,(38)-01-12272,12/15/1978,21:50:26,2867
(64)-18-53082,(58)-04-26180,12/16/1978,00:44:08,164
(26)-12-77383,(79)-00-86426,12/16/1978,04:09:14,7
(62)-18-92842,(26)-07-58548,12/16/1978,04:48:51,270
(44)-03-61283,(77)-08-06355,12/16/1978,14:33:51,98
(21)-25-31234,(51)-07-16309,12/16/1978,15:39:05,78
(56)-10-89557,(29)-26-79886,12/16/1978,16:05:48,590
(46)-19-23873,(28)-04-31225,12/16/1978,17:50:03,260
(23)-11-70440,(73)-06-73045,12/16/1978,18:48:55,803
(51)-14-67351,(38)-01-50530,12/16/1978,22:43:24,171
(29)-29-12389,(24)-13-84723,12/17/1978,02:24:40,312
(66)-02-17019,(34)-00-52813,12/17/1978,07:43:21,106
(39)-08-49607,(34)-03-27907,12/17/1978,12:13:16,260
(53)-19-89102,(79)-02-12335,12/17/1978,12:52:25,299
(62)-16-77482,(46)-17-56379,12/17/1978,22:19:37,108
(72)-12-07848,(38)-04-64449,12/18/1978,03:15:45,826
(33)-04-90238,(32)-11-86017,12/18/1978,08:44:16,361
(24)-11-63300,(65)-06-13859,12/18/1978,10:23:48,572
(43)-24-96823,(40)-05-27352,12/18/1978,20:51:05,141
(60)-19-04806,(31)-21-29554,12/19/1978,01:01:22,202
(40)-07-00037,(21)-27-57099,12/19/1978,06:41:01,674
(60)-13-45351,(21)-26-65125,12/19/1978,06:52:39,819
(28)-01-86506,(37)-08-97262,12/19/1978,07:34:05,531
(61)-02-22610,(55)-16-31237,12/19/1978,09:54:36,651
(67)-16-52078,(73)-02-21971,12/19/1978,16:50:20,1436
(58)-08-02846,(58)-08-13225,12/19/1978,17:43:09,276
(48)-07-35823,(47)-02-82777,12/19/1978,17:45:33,24
(52)-11-97014,(32)-13-88008,12/19/1978,23:36:50,400
(48)-00-57273,(27)-02-80373,12/20/1978,03:02:07,656
(48)-10-45794,(43)-06-79922,12/20/1978,04:06:53,3479
(36)-16-40225,(66)-13-47672,12/20/1978,06:06:57,195
(21)-24-61128,(42)-21-84376,12/20/1978,07:52:02,175
(69)-16-98019,(69)-06-73201,12/20/1978,12:07:39,289
(54)-18-80500,(69)-08-51968,12/20/1978,14:31:51,3337
(54)-13-40181,(53)-13-78366,12/20/1978,19:00:11,432
(79)-09-65371,(30)-26-73257,12/20/1978,20:26:03,338
(63)-04-01166,(38)-13-50037,12/20/1978,21:23:49,873
(48)-01-85891,(55)-04-19922,12/21/1978,05:32:42,358
(77)-11-41659,(71)-11-43197,12/21/1978,07:22:29,240
(78)-07-42735,(72)-09-84420,12/21/1978,09:35:34,366
(35)-10-34162,(72)-07-63245,12/21/1978,11:15:10,764
(62)-00-11324,(26)-07-68169,12/21/1978,13:16:09,2990
(59)-03-94339,(41)-09-44621,12/21/1978,13:52:46,838
(43)-06-94477,(56)-03-00458,12/21/1978,19:46:50,241
(69)-11-60286,(52)-01-35521,12/22/1978,14:37:50,137
(21)-05-02383,(49)-12-67613,12/22/1978,15:11:57,1830
(46)-16-29651,(41)-23-72607,12/22/1978,17:37:26,845
(47)-03-21322,(27)-25-75717,12/22/1978,20:24:52,163
(57)-15-84877,(36)-13-09209,12/22/1978,22:34:07,785
(79)-08-18605,(61)-06-01982,12/23/1978,00:15:31,729
(68)-05-08729,(77)-14-78944,12/23/1978,06:15:27,133
(40)-19-96692,(51)-11-92012,12/23/1978,11:54:55,5843
(21)-30-67589,(72)-10-48036,12/23/1978,15:53:04,550
(32)-28-19855,(33)-08-91078,12/23/1978,17:47:07,2936
(73)-05-68406,(71)-14-37693,12/23/1978,22:16:44,148
(65)-14-71504,(64)-18-36238,12/23/1978,23:20:46,890
(57)-05-13541,(25)-07-70594,12/24/1978,02:11:34,3149
(60)-16-61920,(44)-14-05516,12/24/1978,06:14:54,235
(20)-09-75319,(27)-08-52725,12/24/1978,07:58:01,776
(23)-18-20179,(78)-07-77002,12/24/1978,08:42:06,64
(25)-02-43381,(46)-09-62133,12/24/1978,08:54:31,205
(30)-14-61001,(66)-09-56755,12/24/1978,15:06:43,543
(74)-07-01306,(46)-13-74166,12/24/1978,21:00:52,673
(55)-02-44847,(57)-00-77269,12/25/1978,01:09:52,91
(73)-02-19841,(62)-00-63723,12/25/1978,02:44:39,1000
(72)-05-03189,(31)-06-52482,12/25/1978,03:49:28,2763
(32)-25-05927,(73)-12-85068,12/25/1978,06:19:00,554
(42)-17-42057,(28)-14-14124,12/25/1978,08:52:39,975
(60)-04-33119,(52)-13-13255,12/25/1978,09:54:26,372
(52)-09-76671,(52)-20-32945,12/25/1978,11:23:44,356
(25)-18-43784,(28)-26-29233,12/25/1978,11:25:02,403
(23)-03-36180,(25)-20-36104,12/25/1978,17:01:52,816
(75)-03-68584,(25)-19-96267,12/26/1978,06:32:40,503
(32)-03-84478,(50)-08-67144,12/26/1978,07:27:05,2678
(34)-08-66453,(30)-20-12605,12/26/1978,13:38:41,596
(70)-04-50112,(54)-04-45648,12/26/1978,13:48:18,56
(45)-08-72729,(28)-11-18899,12/26/1978,16:07:16,44
(46)-05-19037,(56)-09-91155,12/27/1978,05:00:31,2053
(64)-05-89407,(57)-13-12962,12/27/1978,05:53:07,6
(55)-12-66168,(30)-15-65352,12/27/1978,08:11:43,290
(77)-05-43071,(74)-02-27125,12/27/1978,11:26:57,575
(32)-14-51781,(20)-10-93257,12/27/1978,13:48:35,138
(29)-23-02416,(47)-10-73526,12/28/1978,06:30:24,97
(33)-16-63097,(24)-22-96284,12/28/1978,07:10:59,709
(24)-17-35771,(69)-13-56563,12/28/1978,21:10:25,243
(54)-21-06113,(39)-13-80017,12/28/1978,22:11:56,3335
(59)-12-39268,(53)-17-88623,12/29/1978,00:59:41,230
(27)-09-49028,(53)-17-87939,12/29/1978,02:48:41,240
(54)-07-09498,(32)-18-82229,12/29/1978,12:15:33,240
(37)-19-29586,(20)-07-41123,12/29/1978,14:00:20,1574
(42)-14-31081,(45)-06-59749,12/29/1978,15:48:31,24
(23)-18-72005,(31)-29-91662,12/29/1978,20:09:43,210
(68)-07-69272,(46)-00-82694,12/29/1978,22:17:48,68
(45)-10-89754,(78)-03-87922,12/30/1978,03:45:29,760
(43)-19-56985,(63)-18-83588,12/30/1978,14:30:46,766
(73)-07-44994,(27)-16-15568,12/30/1978,20:16:36,555
(72)-07-02814,(53)-13-16265,12/31/1978,01:56:19,600
(22)-26-08259,(79)-10-63297,12/31/1978,09:26:42,690
(39)-21-94415,(62)-16-25786,12/31/1978,17:16:48,492
(66)-13-61706,(28)-19-45143,12/31/1978,19:41:59,6869
(40)-16-87777,(31)-18-31924,01/01/1979,06:13:57,84
(72)-12-15721,(27)-19-73629,01/01/1979,08:38:41,1526
(48)-12-01338,(31)-09-91026,01/01/1979,09:23:14,272
(59)-13-64355,(30)-07-66846,01/01/1979,11:59:16,149
(37)-15-74581,(60)-12-54072,01/01/1979,12:03:50,293
(77)-12-46097,(76)-11-32823,01/01/1979,16:56:18,249
(57)-09-67482,(78)-06-52447,01/02/1979,11:14:31,663
(43)-09-23358,(29)-09-95131,01/02/1979,15:35:22,569
(52)-01-08028,(23)-28-17427,01/02/1979,22:26:57,702
(35)-13-58017,(55)-10-35833,01/03/1979,01:16:50,3062
(46)-16-15978,(76)-00-88649,01/03/1979,03:19:46,2515
(50)-21-06430,(66)-11-98651,01/03/1979,03:26:16,163
(53)-06-98960,(49)-22-83665,01/03/1979,09:50:37,1329
(73)-10-34452,(65)-10-18530,01/03/1979,18:15:41,84
(65)-02-07598,(53)-07-84062,01/04/1979,04:19:04,1563
(75)-10-35837,(22)-16-47914,01/04/1979,12:29:59,610
(55)-01-28803,(66)-11-49303,01/04/1979,13:55:46,45
(73)-07-63868,(46)-19-23559,01/04/1979,14:31:37,885
(38)-25-75473,(39)-18-31255,01/04/1979,18:05:17,270
(21)-29-01008,(28)-28-17907,01/04/1979,18:20:33,272
(25)-00-91604,(35)-03-65873,01/04/1979,23:21:17,215
(64)-16-06307,(72)-05-55371,01/05/1979,03:36:41,736
(29)-14-28781,(34)-06-63171,01/05/1979,06:21:43,181
(34)-26-44782,(52)-08-80473,01/05/1979,06:43:19,548
(27)-03-11465,(75)-00-12564,01/05/1979,11:30:30,2061
(20)-07-02203,(35)-24-15213,01/05/1979,12:33:17,55
(25)-18-10888,(70)-00-51391,01/05/1979,14:54:35,1673
(47)-23-70315,(71)-08-87476,01/05/1979,16:57:11,729
(44)-06-93384,(36)-25-45718,01/05/1979,19:22:15,3613
(79)-08-11232,(47)-09-73885,01/06/1979,04:30:16,2149
(49)-15-19151,(74)-04-05493,01/06/1979,06:57:18,698
(38)-11-86746,(34)-11-15949,01/06/1979,21:53:30,2731
(46)-05-81087,(40)-21-61868,01/06/1979,22:11:32,524
(25)-11-31602,(75)-14-43654,01/06/1979,23:50:47,109
(37)-05-06731,(49)-18-28626,01/07/1979,00:45:04,201
(27)-06-95024,(61)-04-63729,01/07/1979,03:30:35,279
(69)-10-84639,(45)-12-41636,01/07/1979,03:32:21,759
(70)-03-50647,(74)-11-23953,01/07/1979,14:26:37,290
(51)-14-33482,(22)-08-14953,01/07/1979,20:26:56,1555
(38)-19-41060,(71)-13-85497,01/08/1979,05:30:11,170
(55)-21-62750,(75)-09-87545,01/08/1979,06:08:44,2232
(46)-02-62093,(46)-02-68978,01/08/1979,06:10:51,526
(30)-00-66970,(41)-18-37791,01/08/1979,06:45:15,351
(51)-01-87882,(31)-07-97285,01/08/1979,09:30:13,469
(20)-18-91222,(23)-10-56080,01/08/1979,10:22:26,2474
(39)-07-76270,(27)-24-24943,01/08/1979,11:16:12,305
(71)-13-80030,(63)-09-37550,01/08/1979,13:45:14,343
(43)-04-53999,(57)-02-05122,01/09/1979,00:25:21,107
(43)-23-97475,(56)-02-24343,01/09/1979,03:12:00,372
(75)-10-78990,(68)-13-86175,01/09/1979,04:10:29,1899
(36)-20-96681,(43)-04-04825,01/09/1979,13:26:08,217
(76)-01-64791,(25)-07-38812,01/09/1979,15:50:44,50
(74)-14-23610,(68)-13-09164,01/09/1979,17:45:54,786
(32)-00-48981,(24)-24-55170,01/10/1979,05:03:02,286
(40)-06-53138,(52)-05-45501,01/10/1979,09:06:37,235
(37)-15-25267,(46)-08-92996,01/10/1979,14:17:34,192
(29)-21-08679,(25)-18-70850,01/10/1979,15:07:49,171
(77)-11-16191,(57)-10-37361,01/10/1979,18:23:17,127
(38)-04-02034,(32)-10-07954,01/10/1979,22:33:45,1655
(26)-26-19806,(60)-09-69680,01/11/1979,07:29:45,747
(47)-23-72457,(41)-09-46035,01/11/1979,16:36:22,373
(29)-08-01756,(67)-16-23011,01/11/1979,17:12:48,148
(47)-03-69429,(57)-06-70859,01/11/1979,17:26:02,69
(68)-02-64465,(72)-11-31590,01/11/1979,22:51:26,515
(35)-12-33640,(26)-29-13651,01/12/1979,17:17:47,166
(23)-18-16028,(53)-03-41044,01/12/1979,23:47:02,558
(69)-16-11379,(63)-13-12935,01/13/1979,07:45:30,3095
(23)-05-75675,(79)-07-65032,01/13/1979,09:07:27,1092
(46)-18-45073,(67)-05-31673,01/13/1979,22:14:16,268
(40)-04-84270,(51)-01-39184,01/13/1979,23:22:00,1323
(68)-12-79625,(74)-14-55878,01/14/1979,01:34:05,2976
(73)-00-97823,(68)-14-77027,01/14/1979,12:19:25,1830
(60)-16-87599,(53)-07-33603,01/14/1979,14:24:54,594
(71)-16-03235,(44)-16-10122,01/14/1979,15:00:49,266
(45)-18-32504,(74)-06-06593,01/14/1979,15:52:02,490
(69)-01-30983,(32)-07-26425,01/14/1979,20:14:18,191
(64)-05-25602,(65)-03-97562,01/15/1979,00:54:44,826
(52)-01-78896,(70)-00-56876,01/15/1979,02:05:36,841
(22)-19-27238,(56)-12-96344,01/15/1979,03:10:01,25
(50)-16-57591,(26)-00-38382,01/15/1979,13:47:11,752
(42)-23-51227,(45)-13-86645,01/15/1979,14:37:27,86
(36)-17-86002,(27)-19-41214,01/15/1979,18:40:24,559
(22)-22-04385,(38)-22-80288,01/16/1979,04:05:24,227
(28)-21-94101,(29)-13-11774,01/16/1979,05:03:24,539
(33)-28-31173,(27)-25-37652,01/16/1979,05:20:28,203
(77)-03-89106,(70)-11-48129,01/16/1979,05:32:58,6160
(66)-15-12634,(22)-26-25467,01/16/1979,19:16:30,42
(27)-25-15136,(39)-06-89934,01/17/1979,02:39:18,174
(49)-07-29469,(49)-14-15896,01/17/1979,03:34:28,1725
(22)-31-67998,(30)-29-39941,01/17/1979,04:54:39,16
(44)-19-77440,(49)-00-78942,01/17/1979,06:49:27,746
(44)-00-19801,(60)-04-84238,01/17/1979,07:51:45,88
(78)-05-89487,(77)-00-23839,01/17/1979,13:13:06,708
(42)-11-92346,(35)-26-34198,01/17/1979,15:28:54,299
(57)-07-14701,(70)-08-81642,01/17/1979,16:05:34,138
(54)-06-47339,(71)-11-31769,01/17/1979,17:10:23,246
(54)-19-34347,(60)-00-71068,01/17/1979,21:16:49,86
(46)-13-06466,(34)-11-67879,01/18/1979,02:18:07,695
(42)-17-86252,(75)-00-44895,01/18/1979,04:55:41,722
(63)-18-41244,(42)-01-89328,01/18/1979,09:48:16,164
(36)-15-23404,(73)-00-35362,01/18/1979,12:16:09,237
(55)-15-14933,(41)-20-86173,01/18/1979,18:53:25,180
(77)-07-16523,(22)-00-44569,01/18/1979,21:10:34,48
(69)-02-13012,(39)-12-04633,01/19/1979,19:11:33,146
(37)-23-51710,(53)-10-69716,01/20/1979,07:16:43,2958
(42)-21-76965,(72)-01-46081,01/20/1979,18:52:18,456
(57)-13-27228,(24)-13-27326,01/21/1979,01:09:13,622
(65)-07-46539,(58)-00-00022,01/21/1979,01:32:53,54
(49)-23-38229,(57)-03-46530,01/21/1979,04:07:59,345
(54)-08-61953,(75)-14-46293,01/21/1979,06:09:19,795
(31)-07-96280,(44)-15-85879,01/21/1979,15:36:56,816
(74)-03-49352,(50)-19-46410,01/21/1979,18:34:03,203
(31)-10-59058,(37)-26-57783,01/22/1979,03:24:32,191
(74)-05-16469,(51)-02-86877,01/22/1979,03:30:25,1804
(41)-03-69479,(71)-09-57087,01/22/1979,05:08:04,640
(49)-05-18732,(67)-16-74250,01/22/1979,06:52:02,865
(67)-13-34956,(53)-07-99418,01/22/1979,18:21:49,197
(35)-21-05224,(46)-07-61913,01/22/1979,23:52:21,317
(40)-16-05894,(41)-08-51678,01/23/1979,03:12:39,143
(70)-08-36180,(46)-12-31049,01/23/1979,07:37:59,3113
(27)-27-20028,(21)-24-89830,01/23/1979,11:40:42,721
(67)-17-67590,(40)-16-59688,01/23/1979,12:19:27,178
(50)-10-75629,(25)-14-35424,01/23/1979,13:16:21,775
(72)-03-92164,(52)-09-24377,01/23/1979,22:17:25,267
(31)-14-35436,(31)-10-36005,01/24/1979,15:38:56,2486
(71)-11-86799,(44)-13-92176,01/24/1979,17:39:42,33
(50)-01-02545,(25)-23-42933,01/24/1979,18:43:24,763
(75)-11-42957,(45)-17-98471,01/24/1979,19:29:22,260
(32)-24-03016,(72)-03-22072,01/24/1979,19:50:36,84
(24)-22-20124,(24)-04-13292,01/24/1979,21:03:26,2571
(53)-01-76760,(70)-03-14259,01/24/1979,21:20:14,282
(63)-18-03826,(25)-06-65234,01/25/1979,07:18:46,372
(67)-00-35187,(52)-05-74478,01/25/1979,14:46:42,278
(42)-06-62870,(34)-02-15274,01/25/1979,16:27:25,56
(30)-21-04232,(41)-19-60960,01/25/1979,19:59:35,1564
(41)-18-64197,(36)-07-78355,01/26/1979,09:06:52,46
(30)-26-31679,(30)-25-82817,01/26/1979,17:01:28,878
(25)-17-76525,(76)-06-15987,01/27/1979,00:12:18,198
(41)-09-75287,(64)-14-32590,01/27/1979,05:11:40,104
(23)-28-51238,(78)-00-25663,01/27/1979,16:26:32,122
(78)-06-82770,(28)-29-22765,01/27/1979,18:28:04,5133
(78)-04-00279,(20)-12-05850,01/27/1979,19:28:26,620
(44)-15-94163,(35)-10-88986,01/27/1979,20:38:26,536
(52)-16-21182,(41)-21-61199,01/28/1979,05:30:26,230
(56)-16-37753,(65)-08-26511,01/28/1979,06:19:51,787
(27)-13-58657,(55)-21-28047,01/28/1979,07:01:14,441
(20)-10-42553,(41)-12-21733,01/28/1979,07:25:39,140
(51)-21-77609,(23)-15-40536,01/28/1979,07:54:10,867
(61)-01-31694,(66)-14-57130,01/28/1979,09:55:20,246
(65)-00-82011,(33)-05-15444,01/28/1979,14:13:46,345
(59)-19-77791,(75)-07-35864,01/28/1979,14:28:41,3099
(30)-16-56281,(28)-09-31848,01/29/1979,04:06:04,179
(55)-18-94907,(71)-03-13697,01/29/1979,05:39:31,100
(66)-00-57872,(55)-10-10633,01/29/1979,14:08:07,174
(69)-02-25664,(66)-03-04594,01/29/1979,18:04:30,231
(27)-23-05024,(71)-08-63309,01/29/1979,22:19:38,230
(53)-17-29245,(71)-14-02871,01/29/1979,23:23:05,18
(32)-26-15084,(24)-01-69670,01/30/1979,04:56:20,742
(69)-02-54196,(20)-09-24278,01/30/1979,11:58:50,749
(44)-05-40026,(72)-03-30238,01/30/1979,14:32:41,624
(49)-09-92112,(36)-23-26394,01/30/1979,18:33:30,149
(39)-15-52231,(54)-05-67930,01/31/1979,10:10:23,485
(63)-15-69393,(50)-22-07264,01/31/1979,10:51:47,560
(50)-09-07566,(46)-05-56219,01/31/1979,11:43:50,299
(79)-05-61048,(31)-21-78567,01/31/1979,18:40:18,508
(64)-14-07523,(76)-08-75952,02/01/1979,05:27:39,240
(55)-04-40853,(57)-00-29098,02/01/1979,10:22:07,971
(20)-10-31856,(25)-13-75004,02/01/1979,12:30:59,161
(41)-04-98237,(50)-10-56335,02/01/1979,13:12:25,288
(40)-07-85671,(70)-07-39455,02/01/1979,19:46:20,626
(75)-09-70714,(42)-23-35653,02/01/1979,20:51:13,836
(52)-08-97864,(36)-16-26564,02/02/1979,02:35:47,108
(56)-10-66362,(36)-02-13070,02/02/1979,03:56:55,234
(40)-25-11642,(37)-14-84591,02/02/1979,11:27:14,108
(55)-10-10633,(27)-23-83083,02/02/1979,14:51:14,691
(67)-03-54696,(78)-06-75687,02/02/1979,21:00:51,37
(77)-09-79374,(55)-15-46574,02/02/1979,21:12:45,607
(66)-17-72303,(63)-05-04880,02/02/1979,22:40:50,550
(32)-11-03107,(45)-14-54910,02/02/1979,23:59:19,256
(74)-06-56052,(30)-08-08043,02/03/1979,07:01:06,128
(65)-17-88931,(51)-17-20793,02/03/1979,20:51:30,336
(27)-23-65662,(75)-01-92038,02/03/1979,22:37:54,34
(77)-12-48621,(47)-02-43636,02/04/1979,16:13:58,425
(73)-14-10601,(52)-09-26437,02/05/1979,02:02:26,30
(57)-18-99945,(40)-08-20029,02/05/1979,11:30:23,130
(24)-27-63952,(35)-16-82083,02/05/1979,11:51:40,399
(69)-11-83702,(42)-10-42987,02/05/1979,16:42:03,440
(58)-02-94193,(74)-13-14643,02/05/1979,18:04:11,114
(55)-17-49334,(37)-14-88822,02/05/1979,20:39:08,1080
(45)-16-99324,(70)-12-69866,02/06/1979,00:45:41,199
(79)-04-16211,(23)-02-81677,02/06/1979,04:26:45,193
(29)-29-65794,(76)-01-72514,02/06/1979,07:51:26,579
(72)-08-55693,(47)-01-37011,02/06/1979,08:34:00,388
(58)-08-76422,(45)-22-48085,02/06/1979,15:00:26,250
(44)-12-46203,(43)-15-62046,02/06/1979,15:04:32,819
(61)-03-25314,(20)-22-88980,02/06/1979,15:05:52,77
(32)-02-53962,(46)-09-73897,02/06/1979,16:28:30,74
(45)-17-84813,(52)-00-01669,02/06/1979,17:56:40,65
(28)-08-36386,(43)-25-16560,02/06/1979,18:36:56,168
(72)-14-66050,(56)-06-37787,02/06/1979,21:04:36,267
(37)-02-78174,(65)-10-29316,02/06/1979,21:16:44,5737
(57)-08-07434,(37)-21-28680,02/06/1979,23:05:17,1915
(44)-15-69178,(69)-08-65982,02/07/1979,00:20:14,457
(56)-13-22405,(52)-14-41592,02/07/1979,01:20:34,5892
(73)-01-36264,(28)-27-17871,02/07/1979,01:23:08,120
(40)-21-39788,(40)-00-29752,02/07/1979,02:48:26,246
(33)-17-06549,(60)-02-16451,02/07/1979,04:31:16,927
(50)-07-89129,(71)-02-08991,02/07/1979,04:57:19,713
(22)-22-88554,(67)-07-38391,02/07/1979,11:05:37,436
(77)-10-23488,(52)-10-34638,02/07/1979,20:15:54,499
(22)-23-20665,(46)-14-01929,02/08/1979,00:07:46,201
(67)-15-35195,(70)-03-36446,02/08/1979,00:44:50,6478
(49)-04-16563,(50)-21-06142,02/08/1979,02:42:13,269
(57)-13-92344,(26)-16-33227,02/08/1979,13:14:02,579
(52)-15-03291,(42)-09-57915,02/08/1979,15:12:59,58
(38)-09-68633,(53)-01-99907,02/08/1979,20:43:57,263
(68)-07-35686,(44)-17-45739,02/08/1979,20:48:15,4316
(46)-20-42015,(44)-06-63479,02/08/1979,21:01:54,29
(27)-30-16918,(69)-12-70334,02/08/1979,22:29:51,278
(71)-06-22009,(69)-04-66881,02/08/1979,23:13:09,153
(37)-07-23038,(52)-01-20799,02/09/1979,10:44:53,585
(21)-05-15482,(68)-01-53667,02/09/1979,16:49:54,139
(20)-04-20782,(59)-09-13606,02/09/1979,17:37:01,126
(24)-02-58040,(37)-27-66491,02/09/1979,18:23:18,144
(45)-01-96515,(35)-17-74097,02/09/1979,19:02:48,97
(36)-17-91267,(47)-14-44921,02/10/1979,00:14:22,41
(50)-09-27325,(20)-16-29094,02/10/1979,11:37:27,538
(55)-00-34720,(79)-05-92095,02/10/1979,14:15:02,120
(62)-05-63485,(24)-13-46867,02/10/1979,20:45:03,1301
(49)-12-62003,(52)-08-88516,02/11/1979,11:45:40,2742
(75)-03-58396,(53)-19-04845,02/11/1979,17:57:48,1905
(43)-23-43378,(79)-08-80421,02/12/1979,05:32:09,217
(34)-05-14350,(78)-10-71944,02/12/1979,08:11:59,18
(51)-05-94626,(37)-04-39534,02/12/1979,13:12:58,2388
(57)-20-64255,(28)-19-78551,02/12/1979,16:24:16,123
(65)-00-57427,(32)-02-53962,02/12/1979,17:15:37,220
(48)-04-01556,(50)-20-87795,02/12/1979,21:08:56,517
(44)-06-15186,(37)-11-50565,02/12/1979,23:06:10,3432
(34)-15-13728,(38)-00-42353,02/12/1979,23:28:54,5391
(79)-13-97803,(68)-12-96140,02/13/1979,02:47:51,362
(71)-07-28674,(31)-05-53908,02/13/1979,04:26:09,201
(60)-00-78521,(28)-30-17959,02/13/1979,04:46:59,197
(74)-01-19949,(67)-14-96164,02/13/1979,04:51:26,1146
(51)-06-05998,(34)-04-25542,02/13/1979,05:59:32,246
(28)-21-43229,(46)-23-28314,02/13/1979,15:15:47,46
(50)-22-84084,(33)-06-59561,02/14/1979,04:17:33,61
(22)-27-36294,(53)-19-32223,02/14/1979,10:58:03,860
(57)-08-07696,(61)-09-44682,02/14/1979,12:09:03,248
(55)-09-24789,(77)-14-28146,02/14/1979,12:50:31,278
(32)-16-12561,(49)-15-16452,02/14/1979,12:59:13,290
(40)-06-14359,(47)-03-92899,02/14/1979,13:23:32,204
(39)-12-10398,(45)-03-31197,02/14/1979,19:36:20,2597
(59)-15-84148,(20)-29-03557,02/14/1979,22:39:44,721
(78)-08-65503,(78)-11-39069,02/15/1979,00:21:46,141
(30)-25-19759,(66)-02-65299,02/15/1979,00:42:29,707
(56)-21-88878,(66)-09-76545,02/15/1979,02:29:42,692
(39)-02-38657,(52)-13-90032,02/15/1979,07:01:18,477
(44)-14-31669,(40)-18-21958,02/15/1979,14:43:50,724
(23)-30-72539,(76)-06-99183,02/16/1979,03:36:37,679
(65)-15-73061,(36)-24-38323,02/16/1979,05:12:46,4468
(76)-08-65868,(43)-10-12918,02/16/1979,06:49:12,66
(60)-10-21319,(67)-16-38310,02/16/1979,07:54:21,718
(71)-01-82707,(65)-10-13800,02/16/1979,08:49:41,740
(56)-12-11164,(49)-11-20592,02/16/1979,19:01:53,3484
(53)-21-91774,(37)-12-15565,02/16/1979,19:53:31,11
(58)-20-56124,(73)-10-98010,02/17/1979,07:25:20,114
(73)-14-86915,(59)-09-88785,02/17/1979,17:22:35,1712
(21)-26-00127,(75)-00-38947,02/18/1979,04:45:00,1902
(49)-08-14778,(76)-04-89522,02/18/1979,05:44:28,43
(50)-05-51338,(33)-14-96246,02/18/1979,17:01:21,2543
(43)-04-87123,(79)-13-78180,02/18/1979,19:16:02,433
(51)-06-71470,(27)-15-30051,02/19/1979,03:16:03,68
(49)-13-60273,(59)-17-18985,02/19/1979,03:18:23,207
(32)-10-25638,(59)-15-26838,02/19/1979,03:19:32,481
(70)-03-52358,(47)-12-82116,02/19/1979,07:10:06,142
(51)-06-84337,(30)-16-55368,02/19/1979,09:56:20,602
(48)-05-81220,(49)-10-55930,02/19/1979,11:01:55,91
(75)-04-51806,(50)-08-75377,02/19/1979,13:39:20,149
(70)-08-02809,(35)-25-06828,02/19/1979,20:38:55,152
(73)-02-79013,(35)-19-28674,02/20/1979,01:42:28,207
(49)-02-72329,(20)-01-39755,02/20/1979,04:39:30,686
(71)-03-28751,(42)-04-04182,02/20/1979,08:50:43,539
(21)-25-11141,(49)-23-82377,02/20/1979,10:06:38,725
(62)-18-23384,(47)-19-32026,02/20/1979,19:19:52,3400
(23)-22-66627,(55)-19-47470,02/21/1979,10:18:07,221
(73)-05-93107,(53)-16-81077,02/21/1979,10:45:40,540
(60)-05-74789,(68)-12-32560,02/21/1979,13:16:28,2886
(68)-02-56377,(78)-02-39077,02/21/1979,17:40:53,2618
(32)-23-45832,(69)-16-31605,02/21/1979,21:54:17,184
(52)-15-18308,(53)-17-87939,02/22/1979,12:28:37,749
(67)-11-21030,(76)-06-45795,02/22/1979,13:09:07,90
(69)-09-93241,(76)-04-41766,02/22/1979,16:31:58,3168
(69)-04-56657,(35)-24-47367,02/22/1979,20:02:03,468
(71)-13-39783,(47)-24-90942,02/23/1979,02:53:27,1289
(78)-07-47516,(50)-03-95217,02/23/1979,05:16:09,46
(55)-01-05346,(53)-05-46829,02/23/1979,06:16:05,1729
(49)-01-48236,(35)-18-47755,02/23/1979,08:30:43,453
(38)-25-43344,(75)-09-09629,02/23/1979,11:33:55,688
(33)-06-42703,(55)-15-11300,02/23/1979,14:50:04,1532
(24)-14-10882,(57)-00-44936,02/23/1979,19:03:31,28
(36)-02-84605,(50)-11-08853,02/23/1979,22:01:36,138
(58)-08-73771,(73)-11-14366,02/23/1979,22:41:30,2865
(72)-02-45347,(38)-22-53518,02/24/1979,01:17:15,704
(28)-20-20815,(76)-01-86937,02/24/1979,08:36:09,2856
(76)-03-10047,(25)-30-19611,02/24/1979,12:01:50,50
(52)-19-52463,(40)-18-07896,02/24/1979,21:04:37,614
(42)-04-49181,(32)-20-21495,02/25/1979,05:53:05,107
(54)-03-67010,(49)-06-41095,02/25/1979,08:01:24,424
(60)-12-86682,(20)-05-33303,02/25/1979,16:54:30,100
(51)-11-29391,(50)-02-05329,02/25/1979,21:23:55,138
(26)-02-96986,(66)-04-94118,02/26/1979,00:28:45,206
(48)-23-02449,(42)-23-52962,02/26/1979,00:37:21,2872
(34)-05-47362,(61)-11-78432,02/26/1979,02:11:24,173
(62)-13-04219,(65)-01-02982,02/26/1979,10:07:11,708
(22)-06-92038,(32)-03-81062,02/26/1979,17:52:36,354
(51)-11-98067,(57)-18-22754,02/26/1979,18:35:21,2294
(42)-21-59974,(79)-01-17180,02/26/1979,19:40:42,565
(55)-16-97696,(25)-04-52928,02/26/1979,20:08:18,224
(54)-19-09869,(79)-09-98777,02/26/1979,20:26:51,208
(78)-07-15999,(32)-15-49968,02/27/1979,01:59:55,102
(72)-11-18906,(57)-07-31863,02/27/1979,15:04:07,237
(61)-14-86086,(41)-01-82429,02/27/1979,18:24:43,2895
(28)-02-42985,(50)-05-85108,02/27/1979,19:33:23,64
(76)-08-24496,(24)-14-61231,02/28/1979,00:20:56,216
(62)-12-61319,(44)-12-10547,02/28/1979,02:35:55,379
(72)-05-19027,(57)-18-31009,02/28/1979,10:53:40,189
(45)-14-96886,(42)-18-89452,02/28/1979,12:23:25,636
(25)-23-70268,(43)-20-66781,02/28/1979,23:27:11,145
(65)-05-34718,(29)-22-16680,03/01/1979,02:04:25,222
(32)-01-57376,(53)-20-50864,03/01/1979,02:39:00,59
(62)-18-30155,(75)-07-23208,03/01/1979,06:53:18,590
(79)-06-96163,(49)-15-97659,03/01/1979,08:16:52,190
(67)-14-84189,(37)-01-08573,03/01/1979,11:30:45,791
(72)-15-79462,(47)-08-26905,03/01/1979,12:42:53,185
(49)-23-46939,(61)-08-94084,03/01/1979,22:33:23,628
(49)-10-05813,(49)-17-43689,03/02/1979,03:15:34,230
(59)-19-40403,(20)-30-40194,03/02/1979,04:08:26,601
(72)-14-34850,(57)-13-59936,03/02/1979,10:05:58,243
(77)-07-14666,(25)-12-50604,03/02/1979,11:25:00,406
(44)-25-00677,(57)-13-83170,03/02/1979,12:13:11,275
(55)-16-25295,(46)-21-96302,03/02/1979,17:59:19,2281
(29)-28-92210,(72)-02-45059,03/02/1979,20:43:18,92
(61)-12-70954,(61)-19-34880,03/03/1979,03:41:51,278
(57)-18-58478,(61)-15-67037,03/03/1979,05:51:14,778
(22)-27-74436,(40)-15-35395,03/03/1979,08:32:54,85
(24)-23-49428,(24)-04-45009,03/03/1979,13:32:41,106
(30)-28-47966,(70)-16-28824,03/03/1979,14:35:35,896
(24)-27-79054,(21)-22-47574,03/03/1979,23:13:23,2778
(28)-17-66696,(56)-05-71928,03/04/1979,15:20:18,292
(73)-05-75442,(70)-02-47079,03/04/1979,20:13:06,295
(69)-08-51968,(78)-12-99408,03/04/1979,22:44:54,565
(75)-08-99161,(45)-07-55191,03/05/1979,06:46:29,219
(78)-07-77714,(67)-11-45464,03/05/1979,21:12:46,67
(41)-20-31572,(32)-17-37617,03/06/1979,06:12:06,439
(50)-04-74379,(24)-04-31026,03/06/1979,15:32:18,123
(42)-08-22307,(51)-11-91923,03/06/1979,17:25:01,93
(37)-19-54392,(20)-09-67580,03/07/1979,06:23:43,268
(70)-09-05961,(40)-24-91939,03/07/1979,08:31:53,2718
(57)-20-01049,(29)-11-06431,03/07/1979,09:01:09,704
(74)-01-46466,(60)-18-80995,03/07/1979,11:37:38,115
(69)-02-55579,(48)-12-42625,03/07/1979,13:03:57,672
(54)-11-46753,(54)-12-63377,03/07/1979,13:23:28,848
(52)-06-90732,(30)-05-59151,03/07/1979,16:26:23,299
(74)-00-75568,(60)-02-50434,03/07/1979,19:18:34,120
(48)-16-73476,(58)-10-39030,03/08/1979,03:10:29,27
(70)-05-82970,(51)-10-29010,03/08/1979,06:44:44,2698
(71)-11-99663,(36)-11-13311,03/08/1979,10:31:56,60
(65)-12-72411,(35)-24-57144,03/08/1979,12:57:16,264
(74)-03-75523,(34)-26-04973,03/08/1979,16:13:33,3484
(55)-09-43336,(59)-05-19833,03/08/1979,19:16:55,1175
(76)-09-52160,(49)-01-45146,03/08/1979,20:02:04,28
(52)-09-91167,(58)-17-28418,03/08/1979,20:25:23,182
(59)-00-97380,(48)-17-79476,03/08/1979,21:11:40,106
(28)-27-32736,(37)-00-66314,03/08/1979,23:30:37,353
(77)-10-41616,(34)-05-76384,03/09/1979,03:35:59,84
(45)-05-43950,(74)-10-30830,03/09/1979,05:53:42,26
(58)-14-67491,(23)-16-79821,03/09/1979,10:24:45,52
(75)-14-37078,(66)-11-11352,03/09/1979,14:12:41,229
(73)-02-25434,(20)-24-32920,03/09/1979,19:17:17,799
(58)-00-01126,(34)-07-24989,03/09/1979,19:49:48,180
(75)-03-01400,(59)-13-72074,03/09/1979,21:11:10,379
(48)-05-58053,(48)-06-20966,03/09/1979,21:24:45,879
(63)-03-45854,(64)-07-60901,03/09/1979,21:42:01,470
(67)-03-63817,(57)-14-66440,03/09/1979,22:16:41,411
(55)-13-64371,(49)-10-53799,03/10/1979,01:00:42,533
(27)-12-29282,(28)-20-27678,03/10/1979,08:12:30,494
(68)-14-34158,(68)-02-52975,03/10/1979,13:18:40,818
(37)-09-20968,(54)-19-35611,03/10/1979,20:56:41,5
(72)-07-57524,(52)-12-90358,03/11/1979,12:02:55,66
(46)-07-83738,(51)-12-27035,03/11/1979,13:43:58,854
(52)-15-93990,(20)-10-56151,03/11/1979,15:10:37,1499
(26)-21-49078,(76)-02-69242,03/11/1979,17:17:11,211
(38)-27-55572,(62)-10-22929,03/11/1979,19:10:35,1267
(23)-31-21196,(59)-06-44344,03/11/1979,19:12:54,405
(53)-05-11324,(39)-11-42077,03/11/1979,21:31:52,414
(55)-06-33633,(40)-13-27352,03/11/1979,22:57:24,252
(34)-07-70284,(48)-13-60501,03/11/1979,23:54:53,204
(53)-11-64947,(74)-14-73175,03/12/1979,02:32:06,117
(36)-05-08775,(61)-04-40064,03/12/1979,06:15:50,241
(60)-19-78832,(58)-04-95861,03/12/1979,09:09:38,1200
(20)-16-62286,(79)-11-10019,03/12/1979,11:21:10,83
(52)-01-75728,(51)-17-00453,03/12/1979,16:03:17,882
(59)-10-36306,(24)-07-97865,03/12/1979,19:16:07,188
(27)-09-04222,(61)-01-88624,03/12/1979,21:38:09,33
(51)-01-69321,(56)-07-00671,03/13/1979,02:31:02,286
(59)-01-81816,(62)-14-88870,03/13/1979,02:44:35,881
(41)-05-02824,(30)-25-08385,03/13/1979,06:26:49,71
(51)-08-40140,(42)-03-98025,03/13/1979,07:44:32,283
(29)-06-36544,(32)-15-48148,03/13/1979,13:52:35,1284
(45)-11-01094,(73)-08-26778,03/13/1979,14:07:12,556
(55)-16-41402,(78)-06-56161,03/13/1979,14:38:51,68
(65)-02-27692,(41)-08-71037,03/13/1979,14:50:31,1975
(44)-09-61802,(35)-17-55959,03/14/1979,00:10:07,549
(39)-05-79997,(61)-10-76755,03/14/1979,01:49:20,3147
(75)-04-05959,(38)-13-14832,03/14/1979,06:03:36,203
(77)-05-58435,(23)-18-10637,03/14/1979,07:09:57,260
(51)-01-70175,(53)-01-70179,03/14/1979,07:58:16,3384
(25)-15-33966,(59)-00-62312,03/14/1979,12:12:05,292
(77)-14-47042,(52)-22-95322,03/14/1979,19:50:58,861
(56)-03-45714,(73)-05-22595,03/14/1979,21:20:42,166
(52)-04-53661,(39)-20-58206,03/15/1979,01:52:52,181
(78)-04-27311,(26)-27-17508,03/15/1979,07:29:56,96
(48)-12-01977,(60)-08-24281,03/15/1979,09:01:52,233
(60)-06-04306,(48)-05-77062,03/15/1979,12:25:14,41
(29)-03-49298,(64)-17-44891,03/15/1979,15:21:45,36
(59)-09-83925,(62)-10-97032,03/15/1979,22:48:22,39
(54)-02-84106,(25)-03-96231,03/16/1979,03:36:29,4993
(61)-01-62729,(74)-01-15303,03/16/1979,06:42:32,195
(63)-11-80835,(43)-14-60920,03/16/1979,07:51:14,117
(31)-21-77047,(40)-26-60173,03/16/1979,10:29:41,184
(44)-17-59921,(45)-02-46427,03/16/1979,14:46:12,2857
(34)-22-14941,(24)-10-01277,03/16/1979,16:48:13,3201
(49)-00-54221,(68)-01-75968,03/16/1979,18:35:59,133
(59)-13-71123,(79)-07-10848,03/16/1979,18:46:39,293
(63)-11-80349,(64)-13-07604,03/16/1979,19:03:33,895
(24)-02-58040,(76)-04-59028,03/16/1979,20:57:22,75
(20)-19-19600,(71)-07-15577,03/17/1979,08:15:10,5
(42)-23-41181,(44)-10-17983,03/17/1979,09:09:17,62
(21)-09-81043,(39)-16-26528,03/17/1979,11:01:43,182
(46)-13-24062,(72)-15-22116,03/17/1979,20:48:45,155
(77)-06-51154,(54)-01-79881,03/17/1979,22:28:59,856
(42)-22-92049,(76)-08-29942,03/17/1979,23:55:49,292
(54)-15-24168,(64)-13-39819,03/18/1979,06:47:08,7
(33)-16-63669,(29)-23-06531,03/18/1979,07:42:41,414
(25)-19-35200,(59)-05-96295,03/18/1979,08:38:42,49
(68)-06-10754,(60)-03-73662,03/18/1979,10:07:20,167
(77)-06-58404,(77)-12-36789,03/18/1979,10:12:09,1654
(49)-14-90704,(58)-15-92234,03/18/1979,11:47:45,686
(63)-04-02337,(68)-04-53957,03/19/1979,03:29:44,163
(47)-24-68976,(26)-00-43229,03/19/1979,07:24:43,1706
(65)-04-08004,(59)-01-31621,03/20/1979,03:29:06,289
(78)-09-47015,(38)-07-83501,03/20/1979,05:16:32,894
(59)-18-88859,(56)-01-04688,03/20/1979,10:33:42,565
(20)-33-26538,(48)-22-44018,03/20/1979,12:53:15,154
(69)-06-81683,(31)-03-13738,03/20/1979,17:19:42,2313
(37)-23-56804,(62)-18-17188,03/20/1979,18:03:18,163
(39)-10-18420,(61)-04-40060,03/20/1979,20:10:53,171
(46)-22-37399,(38)-20-36923,03/20/1979,20:45:20,688
(58)-18-57406,(57)-04-36981,03/20/1979,23:05:31,6055
(38)-23-81637,(60)-05-58163,03/21/1979,03:31:58,2514
(51)-11-95476,(28)-25-33245,03/21/1979,10:18:39,523
(66)-02-41267,(22)-13-88150,03/21/1979,12:04:49,192
(46)-07-19202,(63)-16-39220,03/21/1979,13:03:55,425
(36)-21-26944,(26)-26-14965,03/22/1979,07:13:39,145
(23)-04-19446,(28)-18-71025,03/22/1979,08:23:59,40
(31)-00-77416,(57)-11-74345,03/22/1979,08:57:08,6782
(72)-07-01566,(50)-03-85822,03/22/1979,12:37:39,2904
(71)-10-87632,(79)-06-22389,03/22/1979,12:40:18,211
(70)-06-02432,(68)-15-92349,03/22/1979,14:30:33,1105
(39)-19-03975,(63)-13-48102,03/22/1979,18:10:28,12
(39)-22-28139,(26)-20-88240,03/22/1979,18:20:02,190
(28)-19-06885,(40)-13-18360,03/22/1979,22:11:07,523
(28)-10-33311,(35)-11-15046,03/23/1979,01:07:11,820
(57)-02-49783,(54)-06-45907,03/23/1979,04:33:13,4132
(68)-01-01184,(57)-03-55525,03/23/1979,13:22:40,179
(75)-04-32588,(41)-15-55667,03/23/1979,16:49:54,52
(68)-05-48255,(35)-15-75213,03/23/1979,18:17:48,193
(58)-06-78241,(44)-11-19836,03/23/1979,21:59:27,21
(59)-03-24570,(59)-12-03407,03/23/1979,22:47:02,89
(28)-18-13775,(27)-30-58202,03/24/1979,02:31:45,2025
(68)-07-76364,(26)-28-88798,03/24/1979,14:13:45,291
(27)-04-17247,(52)-11-76809,03/24/1979,14:54:53,579
(56)-08-14206,(77)-10-81843,03/24/1979,16:53:15,1768
(36)-12-82931,(28)-10-33566,03/24/1979,20:13:46,184
(28)-16-83196,(28)-05-01708,03/24/1979,21:17:08,154
(20)-33-20560,(74)-09-46900,03/24/1979,23:28:34,174
(38)-19-81154,(20)-28-51821,03/25/1979,01:58:24,518
(64)-10-80821,(20)-04-02451,03/25/1979,16:12:15,1756
(79)-02-79100,(51)-09-67835,03/25/1979,16:33:43,677
(38)-01-82289,(24)-02-72988,03/25/1979,16:40:23,67
(54)-10-11594,(68)-12-69926,03/25/1979,19:38:15,779
(60)-02-72438,(29)-25-32354,03/25/1979,22:40:47,165
(61)-11-09138,(40)-24-05819,03/25/1979,23:11:22,192
(51)-13-95033,(28)-05-65112,03/26/1979,02:26:32,15
(21)-00-98306,(32)-00-26989,03/26/1979,03:21:36,1655
(23)-23-03384,(68)-00-26461,03/26/1979,07:27:19,220
(39)-12-81966,(76)-10-23378,03/26/1979,10:58:09,356
(48)-11-82533,(79)-12-47927,03/26/1979,20:28:24,328
(69)-04-86113,(39)-13-18341,03/26/1979,20:43:51,10
(20)-14-14778,(59)-19-10242,03/26/1979,21:25:30,10
(51)-18-29991,(72)-13-55393,03/27/1979,06:51:34,40
(22)-12-83099,(54)-02-88781,03/27/1979,22:25:25,725
(33)-20-29285,(47)-01-19195,03/28/1979,06:22:12,1843
(52)-04-22826,(66)-02-98540,03/28/1979,06:34:19,637
(47)-01-74267,(53)-06-92362,03/28/1979,07:19:04,298
(73)-00-93822,(25)-21-54571,03/28/1979,12:52:23,3223
(54)-09-47975,(55)-19-47769,03/28/1979,14:35:15,3398
(77)-03-93103,(37)-02-68240,03/28/1979,15:13:35,3516
(67)-07-21944,(31)-29-34650,03/28/1979,20:28:28,2051
(50)-15-28940,(42)-10-54328,03/28/1979,23:56:34,454
(33)-25-67019,(73)-13-60055,03/29/1979,01:04:43,516
(46)-18-32462,(44)-05-25847,03/29/1979,05:12:15,2886
(73)-00-27625,(61)-14-06093,03/29/1979,07:40:13,129
(71)-11-36239,(39)-17-73728,03/29/1979,08:40:06,956
(65)-16-30971,(33)-23-42455,03/29/1979,14:58:03,262
(31)-28-96380,(53)-12-30567,03/29/1979,23:27:47,113
(75)-13-85586,(67)-17-02630,03/30/1979,02:32:56,79
(65)-13-96513,(74)-05-55498,03/30/1979,07:01:54,182
(79)-10-96658,(42)-03-98025,03/30/1979,07:44:08,339
(34)-24-76704,(43)-04-95970,03/30/1979,11:14:58,1644
(57)-00-86229,(28)-21-75839,03/30/1979,15:14:25,1613
(67)-15-35195,(66)-07-41506,03/30/1979,16:55:07,224
(25)-27-34065,(64)-03-00908,03/30/1979,19:35:18,1854
(24)-26-66766,(42)-01-83578,03/30/1979,19:58:36,1184
(53)-18-36848,(44)-24-92087,03/31/1979,05:53:41,526
(64)-05-25548,(73)-01-83196,03/31/1979,10:39:04,1712
(41)-26-65209,(70)-05-67651,03/31/1979,10:51:10,595
(48)-00-27954,(50)-03-02786,03/31/1979,18:55:08,803
(73)-15-18540,(38)-26-99709,03/31/1979,21:35:27,873
(44)-17-02759,(56)-21-90454,04/01/1979,09:46:44,155
(52)-00-09443,(73)-06-74481,04/01/1979,12:52:39,610
(69)-09-11570,(28)-28-94178,04/01/1979,17:27:27,726
(44)-24-91773,(47)-03-13627,04/01/1979,20:02:24,465
(34)-08-13927,(79)-03-28619,04/01/1979,21:40:52,177
(47)-00-87574,(51)-09-99089,04/02/1979,04:46:21,2807
(56)-20-01555,(60)-10-96443,04/02/1979,05:59:49,782
(28)-03-52223,(22)-10-11875,04/02/1979,08:12:29,242
(79)-12-94534,(64)-06-07859,04/02/1979,09:36:25,49
(39)-05-77535,(38)-16-04121,04/02/1979,12:05:02,36
(59)-19-20749,(51)-21-33284,04/02/1979,13:52:22,14
(31)-27-97096,(67)-16-84027,04/02/1979,14:48:37,1109
(20)-32-85754,(57)-14-55147,04/02/1979,17:06:36,597
(29)-20-18700,(76)-01-51053,04/02/1979,22:34:36,760
(35)-14-24373,(31)-14-20166,04/03/1979,00:53:53,48
(26)-20-90623,(23)-20-79456,04/03/1979,04:23:16,226
(79)-03-95373,(73)-12-40481,04/03/1979,05:45:30,303
(60)-15-64062,(64)-06-56899,04/03/1979,06:35:18,211
(61)-11-03137,(26)-19-18378,04/03/1979,17:59:12,66
(68)-12-41605,(70)-16-54007,04/04/1979,00:34:43,2978
(63)-10-41502,(76)-01-18823,04/04/1979,03:41:42,186
(59)-10-45640,(70)-15-08398,04/04/1979,13:36:31,259
(52)-00-64561,(41)-22-70685,04/04/1979,15:09:41,617
(74)-00-84898,(68)-07-59363,04/05/1979,01:23:13,240
(52)-19-11348,(63)-06-67993,04/05/1979,01:31:13,2931
(42)-19-68017,(72)-12-69762,04/05/1979,04:58:05,554
(35)-19-28219,(42)-14-41593,04/05/1979,12:59:00,236
(44)-18-86546,(50)-03-66637,04/05/1979,13:13:29,685
(78)-01-74547,(79)-08-33533,04/06/1979,00:27:13,762
(54)-12-94351,(45)-15-68870,04/06/1979,08:40:29,789
(40)-22-93711,(23)-14-30571,04/06/1979,12:36:22,3196
(74)-13-63084,(67)-11-42717,04/06/1979,16:57:52,564
(73)-10-00990,(49)-01-26013,04/06/1979,19:13:13,23
(34)-22-05021,(75)-04-65048,04/07/1979,03:11:26,275
(69)-01-87370,(45)-12-36660,04/07/1979,10:13:00,222
(77)-08-53975,(42)-09-40190,04/07/1979,23:11:56,3402
(67)-15-34305,(73)-02-53824,04/08/1979,07:11:39,927
(58)-04-11804,(21)-07-39311,04/08/1979,07:59:13,715
(43)-02-49547,(61)-11-10978,04/08/1979,08:48:46,625
(29)-12-18046,(53)-21-13739,04/08/1979,10:11:06,120
(42)-18-00204,(57)-05-34687,04/08/1979,23:06:07,13
(37)-26-83491,(68)-15-74176,04/09/1979,04:00:36,1660
(37)-04-06079,(56)-08-61886,04/09/1979,04:22:55,252
(66)-13-27400,(30)-03-93781,04/09/1979,05:42:04,2105
(48)-16-22339,(71)-15-34109,04/09/1979,10:36:37,78
(78)-05-72365,(31)-07-13790,04/09/1979,17:08:40,543
(32)-29-18343,(23)-15-03159,04/09/1979,19:46:35,488
(62)-04-55145,(51)-15-24895,04/10/1979,00:07:04,153
(48)-13-53127,(21)-04-00832,04/10/1979,04:53:11,109
(45)-01-63661,(69)-03-48923,04/10/1979,05:09:35,126
(69)-05-88052,(27)-09-05039,04/10/1979,05:36:14,277
(75)-10-68626,(75)-11-32801,04/10/1979,18:39:49,141
(40)-10-76583,(51)-03-57084,04/10/1979,18:49:50,218
(30)-11-41028,(47)-07-11073,04/10/1979,23:34:43,51
(28)-11-15231,(76)-02-61413,04/11/1979,00:15:35,65
(59)-14-67305,(51)-08-83871,04/11/1979,09:16:08,80
(29)-11-96763,(28)-00-43496,04/11/1979,21:37:40,132
(62)-11-16429,(27)-13-83157,04/11/1979,21:39:49,225
(56)-07-38885,(30)-15-00910,04/12/1979,11:30:05,263
(50)-16-31247,(79)-04-93944,04/12/1979,16:46:11,228
(27)-08-86293,(30)-27-22205,04/12/1979,18:42:51,783
(38)-11-56940,(25)-02-00049,04/13/1979,00:24:33,718
(51)-03-47742,(29)-09-66977,04/13/1979,05:01:03,827
(25)-23-28716,(51)-19-86594,04/13/1979,07:34:28,120
(25)-10-57447,(69)-12-04113,04/13/1979,08:47:47,3284
(40)-12-02751,(76)-02-89495,04/13/1979,19:35:58,2086
(38)-16-74261,(77)-14-23636,04/13/1979,21:48:35,248
(51)-13-95197,(71)-08-18421,04/13/1979,22:06:35,227
(68)-06-84434,(22)-04-55165,04/13/1979,23:09:23,29
(59)-06-17032,(60)-10-55360,04/14/1979,19:44:06,520
(62)-03-82024,(26)-04-04418,04/15/1979,04:02:22,53
(43)-22-40177,(42)-15-52111,04/15/1979,04:36:14,10
(52)-11-94969,(21)-02-35296,04/15/1979,05:40:25,80
(51)-11-95476,(20)-12-28427,04/15/1979,06:32:43,821
(78)-06-97653,(54)-07-61986,04/15/1979,06:40:17,219
(71)-08-18708,(26)-03-45388,04/15/1979,09:53:45,700
(30)-09-76470,(39)-24-89220,04/15/1979,13:59:43,824
(24)-00-66389,(75)-05-08168,04/15/1979,21:48:08,20
(72)-03-55224,(54)-17-71660,04/16/1979,02:20:13,1406
(51)-07-67380,(67)-03-01252,04/16/1979,03:29:22,790
(68)-04-53957,(71)-12-64309,04/16/1979,04:02:17,276
(41)-05-89970,(33)-13-61912,04/16/1979,06:12:35,440
(53)-08-46364,(55)-08-43874,04/16/1979,09:59:58,95
(67)-01-79414,(64)-14-89922,04/16/1979,15:43:44,2725
(57)-17-37475,(36)-18-19006,04/16/1979,23:19:20,3374
(70)-09-81907,(27)-02-77902,04/16/1979,23:33:28,683
(72)-10-30560,(39)-25-05942,04/16/1979,23:55:25,831
(42)-12-82699,(21)-17-55653,04/17/1979,03:41:00,727
(63)-05-07674,(77)-06-36774,04/17/1979,12:03:44,215
(35)-03-00133,(79)-08-84220,04/17/1979,15:48:15,2710
(44)-13-90892,(46)-21-02409,04/17/1979,16:25:56,149
(41)-22-30317,(23)-09-08055,04/17/1979,17:11:05,232
(78)-10-69222,(74)-04-69912,04/18/1979,07:58:01,46
(61)-17-47916,(57)-16-88471,04/18/1979,08:02:37,29
(30)-19-91910,(21)-32-50280,04/18/1979,09:22:34,101
(63)-04-32879,(59)-05-18239,04/18/1979,18:15:33,38
(34)-03-65427,(74)-11-54214,04/19/1979,00:47:49,723
(27)-05-73395,(65)-16-73929,04/19/1979,03:58:14,465
(40)-22-27666,(48)-09-76586,04/19/1979,05:38:27,1735
(71)-00-44940,(78)-13-80530,04/19/1979,16:06:07,6350
(48)-00-04321,(35)-00-42341,04/19/1979,17:55:30,179
(36)-19-99243,(66)-09-10199,04/19/1979,21:26:18,641
(60)-03-08396,(64)-10-28517,04/19/1979,23:00:48,190
(49)-07-51219,(71)-11-94175,04/20/1979,00:49:59,201
(70)-14-39094,(29)-05-40251,04/20/1979,05:27:23,369
(67)-00-46530,(40)-10-91056,04/20/1979,06:32:56,295
(33)-24-37622,(22)-32-44854,04/20/1979,07:50:50,473
(78)-13-36437,(54)-10-07092,04/20/1979,13:58:33,52
(79)-09-19842,(44)-22-65972,04/20/1979,14:41:53,222
(54)-07-63600,(21)-08-01812,04/21/1979,12:32:35,180
(26)-19-55712,(61)-06-28430,04/21/1979,12:42:23,169
(30)-27-31850,(24)-19-84525,04/21/1979,14:21:31,851
(57)-13-37460,(28)-27-18797,04/21/1979,15:13:28,785
(72)-12-46221,(71)-16-61606,04/21/1979,23:10:25,42
(20)-21-63837,(61)-07-26130,04/22/1979,01:26:06,1940
(75)-11-38600,(47)-02-28720,04/22/1979,03:32:56,763
(30)-17-13022,(33)-12-97222,04/22/1979,06:16:41,738
(41)-22-95815,(22)-02-84338,04/22/1979,06:48:31,131
(31)-24-53489,(78)-02-25303,04/22/1979,12:42:47,9
(35)-21-63991,(67)-01-78624,04/22/1979,12:48:23,6116
(72)-13-98194,(45)-07-95734,04/22/1979,14:14:07,141
(54)-21-98180,(41)-24-68395,04/22/1979,18:18:53,217
(40)-11-85100,(36)-25-03735,04/22/1979,21:51:58,2042
(41)-24-13686,(69)-16-49338,04/22/1979,21:52:56,775
(55)-18-89461,(71)-05-91760,04/22/1979,22:52:50,1328
(60)-02-55311,(65)-17-93948,04/23/1979,02:13:01,37
(75)-10-88063,(20)-05-12048,04/23/1979,08:44:21,148
(65)-01-43663,(64)-13-93863,04/23/1979,11:53:27,604
(41)-23-72867,(62)-16-22990,04/23/1979,12:00:17,192
(42)-11-98682,(35)-05-06964,04/24/1979,04:21:39,259
(52)-17-51097,(38)-00-83679,04/24/1979,05:16:35,2176
(34)-02-55532,(23)-10-65338,04/24/1979,11:02:35,146
(41)-10-52824,(20)-16-95735,04/24/1979,14:19:02,820
(29)-04-65680,(59)-05-57879,04/24/1979,21:34:47,4238
(30)-11-27715,(29)-20-02761,04/25/1979,00:33:33,264
(71)-09-75651,(64)-16-27938,04/25/1979,02:02:45,2588
(28)-21-92804,(53)-13-37566,04/25/1979,02:19:28,1113
(73)-11-45364,(68)-04-17187,04/25/1979,10:46:12,496
(36)-15-15915,(40)-12-78346,04/25/1979,18:20:28,119
(73)-07-36823,(43)-21-03522,04/25/1979,23:48:21,2022
(24)-07-71869,(30)-17-24734,04/26/1979,03:24:34,2042
(61)-00-00487,(59)-08-85747,04/26/1979,03:29:37,861
(48)-20-66289,(26)-18-99031,04/26/1979,06:33:12,30
(61)-10-14871,(67)-14-68990,04/26/1979,08:11:58,279
(43)-00-81757,(45)-07-23137,04/26/1979,11:08:46,864
(23)-22-21064,(74)-08-77414,04/26/1979,14:36:04,141
(76)-13-90032,(61)-19-56933,04/26/1979,15:02:00,315
(70)-13-43357,(36)-19-28496,04/26/1979,19:37:33,197
(63)-08-19994,(65)-12-27053,04/26/1979,21:45:55,371
(34)-23-68249,(49)-05-43591,04/27/1979,00:50:52,210
(31)-27-94448,(38)-17-58928,04/27/1979,15:25:18,462
(22)-04-89952,(63)-18-80089,04/27/1979,20:44:00,812
(66)-15-63363,(28)-09-92026,04/28/1979,05:17:10,255
(72)-03-82414,(56)-01-49109,04/28/1979,09:25:28,177
(79)-11-93842,(56)-13-48237,04/28/1979,14:09:43,232
(42)-01-56120,(49)-20-31498,04/28/1979,23:54:28,72
(78)-05-94487,(58)-04-36124,04/29/1979,00:31:28,285
(39)-21-38109,(31)-06-48704,04/29/1979,00:35:56,2268
(27)-29-30698,(48)-17-53448,04/29/1979,05:05:11,70
(60)-09-69680,(74)-13-94234,04/29/1979,05:11:15,400
(36)-06-26351,(63)-09-44630,04/29/1979,05:25:31,354
(55)-17-91356,(79)-07-83772,04/29/1979,07:33:10,305
(72)-04-30161,(61)-07-64123,04/29/1979,12:02:21,729
(44)-05-97107,(41)-10-94080,04/29/1979,22:11:37,772
(42)-09-45715,(32)-11-03819,04/29/1979,23:08:48,7
(34)-11-42956,(58)-00-48801,04/30/1979,03:38:13,459
(25)-25-22668,(44)-13-31252,04/30/1979,06:44:37,239
(34)-15-82043,(76)-13-24361,04/30/1979,12:36:18,296
(36)-20-74890,(71)-14-14480,04/30/1979,14:50:02,828
(42)-18-43488,(32)-13-42702,04/30/1979,17:10:11,792
(59)-13-47664,(78)-12-99408,04/30/1979,19:33:43,446
(52)-18-67511,(56)-16-02482,05/01/1979,00:15:02,20
(41)-21-26579,(64)-03-68813,05/01/1979,08:38:27,236
(22)-17-48238,(73)-00-43482,05/01/1979,09:55:25,583
(54)-02-06292,(67)-13-22390,05/01/1979,11:07:55,74
(36)-10-68824,(20)-21-70367,05/01/1979,20:04:30,734
(32)-01-17723,(21)-08-19590,05/01/1979,22:51:00,330
(69)-00-79725,(66)-06-51601,05/02/1979,14:29:48,829
(77)-00-51336,(72)-05-07015,05/02/1979,20:20:19,232
(23)-03-79108,(31)-10-81297,05/03/1979,03:44:15,399
(20)-19-67799,(30)-17-87471,05/03/1979,03:53:50,137
(67)-15-17082,(47)-19-32026,05/03/1979,04:04:07,50
(27)-20-96117,(43)-06-72648,05/03/1979,06:54:03,145
(26)-18-91054,(55)-00-79408,05/03/1979,10:29:06,110
(78)-11-52651,(48)-03-38549,05/03/1979,13:55:09,261
(73)-06-90516,(24)-28-35658,05/03/1979,14:44:14,231
(27)-10-44189,(44)-18-66730,05/03/1979,19:37:07,554
(55)-18-77616,(74)-12-64438,05/03/1979,20:17:02,222
(30)-28-93135,(24)-29-96620,05/04/1979,15:50:44,190
(73)-06-85533,(20)-21-85450,05/05/1979,10:28:26,10
(36)-02-45769,(60)-14-24818,05/05/1979,15:52:51,265
(74)-06-77572,(43)-24-91968,05/05/1979,19:57:06,2215
(60)-14-26190,(51)-07-59686,05/07/1979,02:09:26,552
(35)-26-49106,(58)-17-13437,05/07/1979,06:34:59,227
(41)-24-34268,(46)-20-10387,05/07/1979,12:30:59,173
(55)-15-15359,(71)-01-82707,05/07/1979,14:51:34,107
(42)-21-57290,(59)-16-82709,05/07/1979,19:21:21,786
(20)-16-68465,(22)-10-35089,05/07/1979,23:35:37,137
(55)-15-97108,(75)-11-85380,05/08/1979,03:52:58,277
(78)-10-96651,(59)-07-53362,05/08/1979,14:14:40,220
(36)-12-34418,(50)-13-46586,05/08/1979,15:57:39,413
(41)-19-26173,(30)-20-58513,05/09/1979,02:58:03,130
(23)-04-48990,(30)-10-87966,05/09/1979,03:44:17,263
(48)-19-54230,(27)-12-29282,05/09/1979,09:11:06,194
(40)-26-32186,(33)-02-50532,05/09/1979,18:44:12,134
(32)-12-87627,(73)-10-38133,05/10/1979,02:31:22,149
(48)-08-79546,(60)-07-65050,05/10/1979,03:58:43,772
(24)-24-47868,(20)-04-78015,05/10/1979,07:24:20,215
(46)-10-44493,(75)-03-15325,05/10/1979,08:48:52,484
(68)-00-63646,(55)-21-68182,05/10/1979,11:55:41,716
(49)-05-30560,(60)-13-69608,05/10/1979,12:09:46,3114
(33)-00-56671,(33)-20-26953,05/10/1979,16:55:36,703
(67)-14-20710,(38)-12-98521,05/10/1979,17:51:04,342
(50)-06-39600,(52)-09-22898,05/10/1979,22:20:53,283
(44)-25-24264,(60)-11-31829,05/11/1979,07:01:18,267
(35)-13-45762,(74)-14-39814,05/11/1979,11:56:37,3556
(42)-13-60206,(24)-18-41505,05/11/1979,16:56:49,258
(61)-13-42875,(22)-17-08120,05/11/1979,22:28:38,835
(33)-11-52747,(48)-17-36496,05/11/1979,22:53:36,242
(67)-16-73263,(22)-08-34186,05/12/1979,00:04:44,1715
(26)-19-63711,(30)-06-24078,05/12/1979,06:26:53,220
(75)-06-05107,(59)-01-67607,05/12/1979,06:47:44,1249
(34)-23-66311,(24)-03-83404,05/12/1979,09:48:22,386
(27)-28-85673,(24)-26-07609,05/12/1979,12:50:56,95
(33)-08-35185,(34)-12-36865,05/12/1979,22:30:19,127
(24)-23-05768,(77)-07-71300,05/13/1979,01:56:05,2773
(39)-02-29637,(58)-10-74653,05/13/1979,02:11:37,3301
(55)-08-73460,(38)-21-94063,05/13/1979,09:30:02,479
(20)-23-19035,(28)-21-77745,05/13/1979,11:07:16,187
(21)-00-12890,(38)-14-28038,05/14/1979,00:00:50,663
(27)-22-52497,(46)-00-45323,05/14/1979,15:25:43,77
(33)-11-22670,(54)-19-40479,05/14/1979,20:35:09,42
(54)-10-95402,(23)-08-91843,05/14/1979,21:06:28,827
(48)-06-12079,(32)-04-27309,05/15/1979,00:36:13,49
(56)-05-96895,(43)-07-80841,05/15/1979,02:47:36,602
(64)-06-23255,(73)-05-26417,05/15/1979,04:31:28,249
(66)-10-73053,(48)-00-01095,05/15/1979,09:08:55,445
(25)-31-42367,(28)-11-16836,05/15/1979,13:09:51,560
(26)-08-63379,(54)-14-66825,05/15/1979,15:12:10,593
(58)-12-36878,(76)-10-55898,05/15/1979,17:58:46,45
(78)-02-56826,(57)-13-33289,05/15/1979,20:59:46,142
(54)-16-18861,(53)-02-61961,05/15/1979,21:40:13,265
(56)-03-03690,(38)-21-27734,05/16/1979,05:20:05,13
(27)-20-51426,(71)-12-82668,05/16/1979,09:52:18,1428
(74)-15-48074,(39)-25-20049,05/16/1979,11:42:16,227
(77)-04-73211,(72)-08-01200,05/16/1979,16:40:13,3382
(24)-04-52150,(54)-15-79948,05/17/1979,00:28:08,324
(58)-07-41847,(69)-14-49040,05/17/1979,00:33:53,3166
(74)-07-42031,(46)-11-60838,05/17/1979,01:00:16,166
(41)-20-64491,(71)-04-11344,05/17/1979,13:32:54,428
(21)-16-75927,(24)-04-69864,05/17/1979,18:33:19,2932
(36)-09-28704,(77)-01-66244,05/17/1979,19:34:49,827
(33)-01-88387,(45)-23-35893,05/17/1979,23:44:39,528
(32)-22-65487,(42)-02-13510,05/18/1979,00:27:06,132
(35)-20-89787,(21)-01-12742,05/18/1979,04:39:41,726
(53)-21-81928,(34)-00-43379,05/18/1979,12:57:33,106
(34)-18-06395,(78)-13-74132,05/18/1979,16:56:09,3209
(39)-12-98994,(29)-23-47321,05/18/1979,19:24:58,593
(58)-02-02641,(30)-22-92640,05/18/1979,21:58:46,149
(79)-02-02439,(57)-16-14485,05/18/1979,23:42:49,295
(21)-06-75761,(79)-06-06635,05/19/1979,12:03:20,127
(38)-26-64010,(38)-16-46436,05/19/1979,22:08:34,645
(46)-00-01940,(37)-02-89392,05/20/1979,05:18:46,833
(64)-13-97963,(57)-13-27228,05/20/1979,05:31:53,2846
(45)-17-24724,(62)-03-70260,05/20/1979,08:31:30,43
(73)-04-31066,(38)-09-14617,05/20/1979,13:09:31,256
(48)-02-96418,(69)-08-26299,05/20/1979,22:53:11,3277
(43)-01-79755,(47)-21-28126,05/21/1979,05:42:38,313
(71)-10-52918,(58)-17-96673,05/21/1979,05:48:50,348
(62)-07-04818,(77)-10-15592,05/21/1979,07:54:27,26
(77)-11-30867,(57)-18-25256,05/21/1979,08:14:31,96
(63)-14-33965,(38)-21-10636,05/21/1979,10:49:32,191
(72)-07-14130,(49)-10-90949,05/21/1979,13:12:41,2157
(24)-03-23297,(67)-11-01562,05/21/1979,15:51:55,2746
(26)-25-15802,(77)-12-46486,05/22/1979,01:47:25,26
(78)-03-77572,(21)-16-82514,05/22/1979,03:24:08,73
(67)-08-05401,(36)-04-48186,05/22/1979,07:54:34,546
(25)-02-13005,(38)-22-84704,05/22/1979,13:27:17,3309
(49)-04-49811,(60)-09-13932,05/23/1979,09:51:57,36
(32)-09-37663,(59)-10-13136,05/23/1979,11:16:35,2415
(26)-16-64783,(50)-16-91740,05/23/1979,16:34:27,1831
(53)-07-13653,(38)-09-96366,05/23/1979,20:18:01,672
(48)-02-90507,(39)-01-57438,05/24/1979,04:33:09,1828
(43)-12-03496,(26)-27-48616,05/24/1979,04:59:19,3120
(24)-17-18159,(65)-02-27692,05/24/1979,08:49:53,587
(34)-11-30843,(75)-02-35669,05/24/1979,11:41:17,37
(45)-05-65165,(24)-17-89956,05/25/1979,01:19:15,657
(78)-07-17513,(55)-04-71862,05/25/1979,12:44:59,830
(65)-13-73385,(29)-16-33938,05/25/1979,13:26:37,398
(21)-28-56460,(52)-02-35435,05/25/1979,13:36:55,345
(33)-09-11874,(38)-19-02976,05/25/1979,14:39:30,3307
(32)-13-05894,(61)-12-20815,05/25/1979,14:39:49,2941
(69)-06-48154,(45)-07-98675,05/25/1979,15:14:28,514
(22)-13-95454,(55)-05-00242,05/25/1979,22:22:31,204
(57)-11-29996,(60)-14-65684,05/26/1979,01:13:13,794
(69)-16-31003,(34)-00-88489,05/26/1979,03:05:53,1005
(75)-13-51223,(62)-09-98236,05/26/1979,08:37:12,108
(49)-00-66525,(67)-15-35195,05/26/1979,08:39:18,189
(60)-17-06639,(37)-18-99855,05/26/1979,09:09:57,7102
(42)-25-47781,(54)-19-52220,05/26/1979,16:59:50,395
(46)-03-21369,(58)-14-40223,05/26/1979,23:53:20,225
(73)-13-29519,(78)-00-20916,05/27/1979,02:05:25,1464
(62)-17-30486,(32)-00-35325,05/27/1979,06:37:37,473
(70)-10-35196,(59)-00-11600,05/27/1979,06:59:48,1410
(43)-03-59157,(48)-09-16506,05/27/1979,18:38:34,5
(49)-22-83665,(78)-07-02950,05/27/1979,21:11:17,293
(70)-03-22398,(77)-06-89193,05/27/1979,22:58:54,153
(59)-05-16476,(77)-12-25873,05/28/1979,02:53:56,726
(38)-09-19682,(32)-19-95535,05/29/1979,02:02:13,827
(34)-11-71388,(72)-14-71049,05/29/1979,05:27:05,223
(73)-15-01946,(51)-03-27881,05/29/1979,11:35:00,605
(79)-12-00503,(49)-07-78105,05/29/1979,18:00:46,766
(78)-08-03876,(26)-31-22114,05/30/1979,08:13:57,523
(27)-17-08472,(45)-12-03670,05/30/1979,12:28:22,68
(41)-06-44422,(58)-11-63253,05/30/1979,12:38:30,381
(29)-14-82043,(27)-07-29010,05/30/1979,15:31:45,130
(26)-27-26458,(77)-13-38716,05/30/1979,16:05:43,531
(71)-05-97045,(21)-20-82190,05/30/1979,23:24:58,2635
(45)-06-66743,(66)-17-96617,05/31/1979,01:27:02,143
(54)-15-07543,(33)-06-71805,05/31/1979,01:27:56,887
(48)-11-61928,(51)-01-22074,05/31/1979,05:17:50,791
(71)-16-70326,(61)-14-85063,05/31/1979,08:53:29,91
(21)-27-84999,(56)-04-64910,05/31/1979,09:35:58,3493
(41)-11-64925,(23)-06-33028,05/31/1979,13:55:56,183
(42)-04-10325,(77)-01-39142,05/31/1979,14:36:36,1024
(57)-09-58379,(61)-15-74522,05/31/1979,16:07:46,127
(22)-15-18270,(72)-10-70656,06/01/1979,02:17:34,424
(74)-01-97347,(46)-19-35699,06/01/1979,05:33:46,209
(67)-07-10775,(32)-21-70162,06/01/1979,09:04:50,533
(47)-13-56403,(75)-12-70049,06/01/1979,16:44:17,63
(57)-09-87854,(47)-13-53151,06/01/1979,18:19:41,576
(70)-07-94105,(78)-10-69222,06/02/1979,08:41:40,598
(69)-05-64035,(60)-09-52333,06/02/1979,14:16:15,2550
(77)-10-93440,(29)-10-73534,06/02/1979,18:37:36,1493
(41)-07-17043,(43)-11-24458,06/02/1979,19:04:53,642
(34)-09-10863,(35)-10-32262,06/03/1979,01:16:58,846
(59)-14-08775,(49)-00-07928,06/03/1979,03:28:38,2292
(28)-25-01624,(32)-15-52483,06/03/1979,07:01:33,205
(76)-01-07122,(59)-10-75360,06/03/1979,07:06:42,3428
(62)-15-79556,(62)-06-71730,06/03/1979,20:35:53,4644
(59)-16-20983,(64)-10-33878,06/04/1979,02:41:15,898
(43)-08-63344,(73)-02-84777,06/04/1979,04:33:38,3274
(73)-05-80238,(68)-16-37550,06/04/1979,10:48:12,12
(36)-27-17195,(39)-24-13379,06/04/1979,13:12:30,143
(58)-09-89292,(57)-12-80330,06/05/1979,03:49:07,2303
(35)-02-56091,(73)-14-55987,06/05/1979,06:14:23,628
(24)-09-69109,(37)-07-41619,06/05/1979,07:52:56,3148
(38)-27-21822,(44)-04-94472,06/05/1979,08:07:59,102
(72)-09-62193,(42)-18-54329,06/06/1979,00:36:11,35
(33)-23-24902,(75)-04-06055,06/06/1979,07:06:49,425
(68)-00-91888,(75)-09-63310,06/06/1979,10:48:09,275
(47)-12-14834,(69)-12-24678,06/06/1979,11:10:03,223
(55)-16-85785,(29)-15-94101,06/06/1979,14:10:42,724
(32)-16-59105,(34)-15-55210,06/06/1979,21:02:02,27
(31)-10-22859,(55)-16-41402,06/07/1979,03:30:04,263
(32)-15-56005,(37)-24-58267,06/07/1979,04:24:56,172
(56)-18-98621,(23)-03-35401,06/07/1979,04:50:42,2026
(41)-25-36389,(75)-04-16835,06/07/1979,11:10:02,826
(32)-05-60667,(46)-13-75666,06/07/1979,19:40:29,256
(77)-03-19785,(58)-06-69878,06/07/1979,22:12:13,15
(66)-16-51095,(55)-17-63088,06/08/1979,00:46:50,367
(23)-04-19446,(23)-19-83975,06/08/1979,01:54:32,142
(77)-14-41293,(43)-21-20656,06/08/1979,04:11:26,3362
(20)-15-31046,(72)-09-06316,06/08/1979,06:50:30,793
(49)-00-44578,(27)-03-61178,06/08/1979,11:59:03,1300
(73)-08-56029,(58)-06-19244,06/08/1979,12:20:20,267
(58)-10-69365,(55)-04-53058,06/08/1979,19:30:13,2480
(59)-00-50735,(43)-22-42057,06/08/1979,21:05:54,128
(56)-17-28672,(44)-25-84906,06/08/1979,21:58:42,201
(65)-18-30405,(50)-01-91240,06/08/1979,23:47:14,702
(52)-02-00726,(46)-15-90948,06/09/1979,05:44:29,172
(24)-06-14329,(69)-10-23768,06/09/1979,05:46:18,649
(76)-04-61782,(62)-17-43086,06/09/1979,05:53:55,294
(41)-25-65897,(73)-04-61582,06/09/1979,11:55:23,737
(39)-04-93376,(66)-08-16005,06/09/1979,16:37:54,310
(54)-19-48861,(70)-15-98901,06/09/1979,17:10:01,1289
(44)-08-58362,(59)-17-06253,06/09/1979,17:23:00,178
(74)-06-03515,(47)-00-14006,06/09/1979,19:51:35,51
(49)-06-97670,(41)-24-50745,06/10/1979,15:04:06,3486
(44)-07-15571,(59)-05-09981,06/10/1979,16:37:10,571
(54)-01-67905,(42)-03-16459,06/10/1979,17:49:26,1566
(58)-03-80746,(62)-09-78937,06/10/1979,18:20:06,430
(72)-04-23660,(78)-05-53103,06/10/1979,19:32:06,268
(21)-01-12240,(45)-02-77108,06/10/1979,22:53:13,283
(72)-07-48652,(28)-11-62342,06/11/1979,02:31:06,411
(39)-21-75882,(39)-17-29954,06/11/1979,12:15:38,259
(26)-16-35402,(77)-08-52818,06/11/1979,12:49:47,690
(68)-03-62536,(59)-11-25476,06/11/1979,13:45:41,37
(76)-12-30085,(66)-07-90493,06/12/1979,10:08:35,153
(65)-12-27053,(36)-07-08555,06/12/1979,13:25:29,291
(54)-00-81778,(22)-24-46932,06/12/1979,18:24:09,839
(46)-08-05244,(75)-05-37283,06/12/1979,19:53:21,450
(51)-02-79888,(33)-03-86675,06/12/1979,21:26:44,279
(46)-05-19037,(69)-14-40142,06/12/1979,21:32:35,914
(36)-23-60158,(43)-04-22939,06/13/1979,12:37:57,657
(50)-01-15355,(25)-24-92363,06/13/1979,14:51:35,785
(72)-05-68911,(70)-15-33004,06/13/1979,15:59:53,745
(62)-14-13386,(58)-16-43031,06/14/1979,05:38:58,534
(74)-15-26436,(25)-14-17262,06/14/1979,14:35:10,3689
(60)-03-92413,(36)-15-32262,06/15/1979,04:14:14,131
(59)-02-41054,(73)-15-01946,06/15/1979,05:56:14,221
(63)-02-18771,(59)-12-75994,06/15/1979,06:45:57,571
(29)-02-25635,(48)-16-22186,06/15/1979,10:48:59,46
(37)-12-50494,(24)-01-69670,06/15/1979,15:16:13,506
(64)-01-06236,(44)-22-04184,06/15/1979,21:30:50,1414
(38)-09-28366,(24)-17-98398,06/15/1979,22:13:59,340
(62)-01-94059,(61)-16-49107,06/16/1979,00:16:06,753
(39)-11-59447,(34)-18-39026,06/16/1979,02:00:19,22
(33)-22-88779,(64)-15-42186,06/16/1979,03:19:07,105
(69)-14-67508,(54)-21-03720,06/16/1979,05:54:05,696
(76)-03-43892,(41)-05-89970,06/16/1979,07:18:36,169
(42)-11-98682,(53)-16-91904,06/16/1979,10:18:17,16
(56)-03-66479,(74)-09-15549,06/16/1979,10:42:38,549
(38)-06-47083,(29)-30-87791,06/16/1979,18:50:01,241
(34)-18-80162,(61)-12-86009,06/17/1979,03:29:52,5010
(66)-15-79681,(23)-25-73736,06/17/1979,09:23:03,759
(74)-06-76697,(46)-17-10011,06/17/1979,20:20:09,457
(20)-30-11373,(38)-06-42618,06/17/1979,23:27:47,174
(41)-04-31575,(59)-13-07896,06/18/1979,14:20:11,838
(50)-11-99330,(58)-18-53586,06/18/1979,22:31:02,282
(31)-29-93771,(35)-01-83252,06/19/1979,01:26:46,513
(37)-00-93067,(51)-12-27035,06/19/1979,05:04:56,49
(52)-14-48681,(50)-17-65535,06/19/1979,06:50:50,19
(61)-17-32779,(75)-03-86726,06/19/1979,12:21:56,84
(25)-23-00438,(53)-10-09911,06/19/1979,15:55:20,524
(72)-10-67108,(48)-04-70482,06/19/1979,17:09:42,5944
(39)-04-52888,(28)-27-13493,06/20/1979,00:42:23,129
(27)-14-90190,(62)-18-54753,06/20/1979,04:52:10,267
(35)-17-30580,(73)-10-89871,06/20/1979,13:46:21,244
(58)-06-43917,(51)-20-96624,06/20/1979,20:22:57,207
(61)-16-82697,(67)-08-80716,06/21/1979,03:31:18,105
(79)-13-09532,(26)-11-62847,06/21/1979,17:37:00,55
(23)-02-81677,(76)-12-46121,06/21/1979,20:16:53,421
(25)-22-30340,(20)-22-24315,06/21/1979,20:45:01,60
(76)-02-18722,(24)-27-05830,06/21/1979,23:34:53,298
(49)-19-35266,(26)-00-70099,06/22/1979,02:27:11,777
(29)-14-82043,(62)-12-59484,06/22/1979,06:42:08,1187
(49)-20-26142,(48)-02-65528,06/22/1979,07:02:24,348
(50)-13-09548,(32)-02-17880,06/22/1979,15:31:00,687
(55)-21-46490,(34)-00-48148,06/22/1979,18:30:53,3543
(74)-07-35035,(27)-06-42785,06/22/1979,21:25:04,185
(32)-24-04565,(33)-22-70324,06/23/1979,03:51:31,480
(43)-24-37544,(55)-05-60571,06/23/1979,04:03:18,1515
(30)-16-11803,(75)-08-58921,06/23/1979,04:22:34,517
(70)-05-71348,(66)-14-81100,06/23/1979,11:02:04,414
(55)-01-73980,(36)-27-59607,06/24/1979,02:23:48,26
(63)-09-11826,(42)-07-46262,06/24/1979,06:52:57,469
(47)-10-21031,(50)-21-85290,06/24/1979,08:34:10,858
(27)-13-05221,(75)-13-95605,06/24/1979,08:59:01,121
(38)-07-20993,(21)-06-05516,06/24/1979,14:01:11,97
(23)-07-10931,(51)-00-37438,06/24/1979,14:51:28,173
(39)-00-85433,(63)-16-72760,06/24/1979,15:28:26,500
(66)-10-69750,(31)-11-29474,06/24/1979,16:26:47,514
(50)-03-44028,(76)-05-44637,06/24/1979,17:09:19,216
(61)-14-59399,(53)-10-14386,06/25/1979,01:18:34,3405
(62)-09-60252,(62)-16-24652,06/25/1979,02:07:31,888
(69)-11-19988,(46)-15-27318,06/25/1979,05:27:09,568
(43)-03-36125,(20)-03-07696,06/25/1979,07:24:29,347
(49)-15-56056,(47)-24-86829,06/25/1979,09:28:20,2336
(22)-04-65524,(33)-22-32964,06/25/1979,13:30:29,2063
(43)-06-46383,(65)-12-23801,06/25/1979,17:25:30,54
(38)-22-53518,(75)-02-95399,06/25/1979,18:44:34,210
(39)-12-45354,(39)-25-53590,06/26/1979,06:25:55,2004
(63)-12-35803,(44)-22-98354,06/26/1979,07:17:55,156
(72)-08-55909,(44)-10-21539,06/26/1979,10:26:40,279
(33)-25-69523,(23)-05-31269,06/26/1979,11:52:08,2460
(58)-19-02250,(48)-23-65826,06/26/1979,15:21:09,224
(48)-10-11948,(43)-24-35166,06/26/1979,20:29:30,194
(78)-11-18751,(41)-13-58650,06/27/1979,01:21:34,134
(20)-07-41313,(40)-08-71417,06/27/1979,06:26:58,236
(70)-15-97731,(66)-03-91303,06/27/1979,10:09:21,68
(48)-06-64444,(54)-05-66965,06/27/1979,11:00:25,123
(78)-05-89487,(53)-12-73989,06/27/1979,19:34:43,168
(76)-10-54589,(75)-14-96792,06/27/1979,21:36:36,826
(20)-04-16836,(54)-18-35839,06/27/1979,23:18:23,257
(65)-14-85690,(74)-04-97724,06/28/1979,14:17:38,44
(35)-20-08439,(20)-12-23583,06/28/1979,17:20:29,642
(75)-00-52709,(76)-04-33089,06/28/1979,17:21:27,681
(41)-22-24805,(48)-03-27776,06/29/1979,17:05:15,2659
(24)-24-76950,(37)-17-47165,06/29/1979,20:56:41,2856
(27)-09-04319,(57)-12-23407,06/30/1979,04:09:07,3429
(55)-16-65694,(63)-16-99711,06/30/1979,05:19:04,221
(31)-12-85317,(56)-03-23145,06/30/1979,07:20:48,589
(63)-12-22488,(45)-04-64942,06/30/1979,12:16:12,2443
(28)-21-96912,(55)-03-44644,06/30/1979,12:22:08,837
(46)-14-83075,(29)-12-59340,06/30/1979,14:39:22,352
(43)-20-75115,(43)-01-27912,06/30/1979,15:43:18,7
(21)-25-78070,(34)-05-04836,06/30/1979,21:29:41,32
(67)-08-86082,(56)-00-95535,06/30/1979,22:24:04,834
(51)-14-42182,(37)-02-82894,06/30/1979,23:24:27,235
(73)-04-14559,(33)-02-38693,07/01/1979,05:42:53,256
(38)-06-92427,(60)-14-99271,07/01/1979,12:24:08,336
(30)-26-25898,(59)-08-44816,07/01/1979,15:45:55,636
(63)-13-05499,(51)-09-25245,07/01/1979,19:16:10,150
(57)-08-63803,(22)-24-65143,07/01/1979,19:25:40,536
(58)-04-05156,(23)-04-58683,07/01/1979,22:30:48,2074
(65)-10-63604,(65)-05-87176,07/02/1979,00:58:29,234
(24)-17-57301,(38)-09-55927,07/02/1979,03:21:47,169
(78)-00-73232,(35)-05-90302,07/02/1979,07:06:08,207
(46)-12-00986,(63)-00-39439,07/03/1979,01:36:27,811
(40)-14-34360,(43)-13-48614,07/03/1979,02:15:22,657
(26)-08-63502,(63)-02-70778,07/03/1979,07:54:10,79
(74)-08-31607,(54)-04-37303,07/03/1979,10:00:38,736
(31)-10-07398,(43)-13-24438,07/03/1979,11:09:36,873
(49)-11-53667,(45)-11-16208,07/03/1979,12:26:33,774
(31)-04-64882,(46)-05-20391,07/03/1979,13:07:03,1220
(45)-02-97773,(54)-07-57324,07/03/1979,16:51:43,248
(44)-25-04081,(70)-09-82870,07/04/1979,01:36:21,99
(75)-02-92865,(47)-10-44338,07/04/1979,09:48:23,765
(43)-15-64574,(51)-07-50566,07/04/1979,10:51:53,659
(65)-04-94677,(21)-02-42895,07/04/1979,11:05:11,828
(37)-18-21537,(53)-10-93482,07/04/1979,14:57:15,198
(78)-07-97871,(69)-06-05463,07/04/1979,19:34:04,3077
(72)-04-03735,(38)-18-04151,07/05/1979,09:50:57,19
(25)-27-12065,(55)-15-66026,07/05/1979,14:06:38,1032
(53)-13-32548,(57)-14-13445,07/05/1979,19:07:07,49
(76)-13-25880,(30)-12-87904,07/05/1979,19:40:56,13
(67)-00-63319,(30)-19-39874,07/06/1979,02:32:13,196
(76)-13-86932,(71)-13-77813,07/06/1979,03:56:54,462
(51)-11-51263,(41)-20-64491,07/07/1979,01:07:18,565
(33)-00-56671,(65)-10-86525,07/07/1979,02:18:38,23
(24)-02-71894,(69)-12-41708,07/07/1979,06:41:01,2789
(46)-22-95385,(30)-24-67778,07/07/1979,10:00:06,161
(38)-17-83819,(53)-18-88925,07/07/1979,14:39:04,686
(20)-28-91275,(23)-10-55390,07/07/1979,23:22:33,398
(35)-05-60974,(55)-20-72981,07/07/1979,23:25:30,383
(40)-03-18432,(67)-05-62818,07/08/1979,14:48:30,72
(55)-09-74083,(62)-15-58084,07/08/1979,15:01:50,410
(73)-11-16996,(20)-03-19477,07/08/1979,15:47:36,42
(44)-18-41082,(69)-07-68751,07/08/1979,17:18:57,39
(39)-26-17653,(56)-19-38595,07/08/1979,19:18:32,2021
(23)-23-14553,(50)-05-03664,07/08/1979,19:22:20,156
(68)-14-98447,(37)-23-10894,07/09/1979,00:16:25,272
(53)-18-42540,(49)-11-88904,07/09/1979,01:34:53,268
(44)-23-37182,(78)-13-57993,07/09/1979,04:55:49,1818
(45)-17-55387,(33)-14-46716,07/09/1979,04:56:38,798
(42)-07-58456,(29)-01-55123,07/09/1979,06:25:24,238
(40)-05-59423,(35)-05-56333,07/09/1979,07:47:32,1276
(42)-07-10792,(38)-14-02746,07/09/1979,08:05:33,807
(53)-11-91911,(37)-24-62858,07/09/1979,14:46:30,17
(73)-14-36851,(44)-12-21964,07/09/1979,16:37:03,2895
(69)-12-57198,(42)-12-97080,07/09/1979,17:00:52,270
(40)-26-37579,(21)-10-19835,07/10/1979,00:13:39,665
(44)-22-01429,(40)-23-96171,07/10/1979,06:50:03,2820
(72)-01-48289,(52)-07-11479,07/10/1979,07:09:56,264
(53)-03-88556,(30)-09-67377,07/10/1979,07:43:54,3327
(75)-07-41356,(52)-15-23236,07/10/1979,21:25:51,160
(53)-03-73511,(68)-15-92349,07/11/1979,08:04:42,499
(76)-02-15266,(75)-13-24824,07/11/1979,11:18:02,268
(36)-15-10032,(65)-00-26344,07/11/1979,18:10:59,27
(43)-06-48322,(33)-11-86211,07/11/1979,23:16:24,2801
(52)-10-93907,(70)-14-00266,07/12/1979,04:34:03,850
(33)-01-71457,(22)-02-80522,07/12/1979,08:39:05,746
(38)-26-64010,(51)-22-50108,07/12/1979,15:29:26,840
(38)-13-71066,(41)-21-75556,07/12/1979,17:54:36,3282
(69)-15-00054,(53)-02-79900,07/12/1979,19:32:02,49
(47)-20-68919,(50)-04-51642,07/12/1979,21:05:26,183
(74)-03-21097,(39)-23-08614,07/13/1979,02:17:53,284
(73)-00-82046,(25)-18-43784,07/13/1979,17:24:26,125
(36)-20-99581,(75)-07-50703,07/13/1979,20:47:51,870
(45)-05-00314,(44)-09-84553,07/13/1979,22:59:11,318
(20)-05-46776,(21)-02-18767,07/13/1979,23:23:49,90
(22)-00-33563,(68)-10-96280,07/14/1979,05:59:57,234
(75)-05-51402,(45)-05-43737,07/14/1979,09:28:38,1741
(24)-09-52623,(68)-06-06682,07/14/1979,17:41:23,25
(64)-00-41699,(75)-06-39322,07/15/1979,06:18:19,615
(37)-02-23552,(64)-02-25673,07/15/1979,09:54:07,2029
(37)-23-84958,(42)-22-05709,07/15/1979,19:06:35,881
(56)-06-13217,(59)-18-82338,07/16/1979,07:40:22,76
(41)-06-76146,(23)-08-72845,07/16/1979,09:48:54,3017
(60)-04-26440,(43)-03-39764,07/16/1979,10:34:03,213
(75)-03-33599,(79)-01-74406,07/16/1979,11:25:16,3525
(24)-10-66716,(30)-02-36964,07/16/1979,15:54:41,223
(76)-11-04359,(32)-13-79566,07/17/1979,03:13:34,281
(47)-11-98683,(64)-18-94590,07/17/1979,03:35:17,224
(71)-00-75936,(38)-01-77080,07/17/1979,07:44:42,2511
(53)-16-71446,(30)-13-36727,07/17/1979,11:25:14,1459
(27)-06-39390,(50)-14-29225,07/17/1979,13:53:24,1309
(39)-11-58837,(72)-09-99428,07/17/1979,15:19:02,23
(36)-10-98478,(35)-04-88480,07/17/1979,19:20:17,2954
(58)-06-67762,(20)-09-54954,07/17/1979,19:48:25,262
(74)-03-54156,(62)-16-49365,07/17/1979,20:26:01,167
(31)-01-63206,(32)-25-97585,07/17/1979,20:56:05,1215
(53)-13-35476,(60)-11-38671,07/17/1979,23:21:36,196
(41)-11-22598,(66)-06-43049,07/18/1979,10:01:57,2382
(30)-06-33269,(77)-14-47351,07/18/1979,20:15:38,140
(28)-27-62285,(74)-09-05056,07/19/1979,16:51:30,256
(29)-09-12736,(29)-23-11401,07/19/1979,18:34:33,2452
(42)-17-13138,(34)-01-32366,07/19/1979,21:43:12,262
(28)-27-80280,(77)-09-88563,07/20/1979,03:20:11,122
(50)-08-25542,(78)-03-65555,07/20/1979,05:13:35,136
(59)-12-16740,(45)-21-55989,07/20/1979,07:36:30,44
(49)-22-94963,(69)-08-18523,07/20/1979,07:57:55,2017
(75)-01-12114,(45)-07-51802,07/20/1979,08:08:39,292
(28)-08-05107,(57)-11-85484,07/20/1979,15:36:00,81
(21)-01-28103,(37)-07-11394,07/20/1979,15:57:12,708
(37)-04-43267,(38)-19-88400,07/20/1979,17:01:23,279
(50)-08-76418,(35)-03-04764,07/20/1979,20:42:09,537
(59)-14-92891,(54)-20-38772,07/21/1979,02:05:42,24
(26)-31-91830,(63)-04-88676,07/21/1979,03:07:45,283
(34)-24-39225,(68)-00-63280,07/21/1979,04:37:52,586
(54)-04-72234,(49)-01-94906,07/21/1979,05:31:26,196
(22)-11-40229,(71)-07-13992,07/21/1979,11:11:31,3855
(47)-06-00395,(24)-08-45380,07/21/1979,12:52:05,871
(27)-29-54758,(78)-08-63097,07/21/1979,17:51:23,325
(38)-15-66384,(20)-12-98794,07/21/1979,20:07:16,161
(31)-09-30726,(50)-04-25029,07/22/1979,11:19:12,671
(24)-24-96726,(57)-03-25117,07/22/1979,19:03:52,76
(68)-01-05326,(66)-14-58106,07/22/1979,19:54:09,99
(78)-08-03310,(51)-02-96907,07/23/1979,01:25:14,676
(23)-03-11238,(77)-01-27116,07/23/1979,01:28:24,121
(58)-10-70582,(41)-16-90512,07/23/1979,04:17:05,22
(79)-08-17664,(78)-04-48081,07/23/1979,11:51:50,645
(57)-11-31968,(20)-04-30131,07/23/1979,15:49:40,1383
(65)-04-81394,(65)-12-72903,07/23/1979,21:43:29,15
(25)-30-34476,(42)-23-77199,07/24/1979,07:05:48,3490
(42)-01-28521,(76)-09-62472,07/24/1979,09:33:44,669
(48)-01-63822,(22)-28-32276,07/24/1979,12:31:33,236
(41)-09-24011,(45)-22-21254,07/25/1979,08:37:16,542
(78)-10-77169,(31)-21-60712,07/25/1979,09:53:08,93
(68)-07-05109,(20)-18-86253,07/25/1979,12:28:11,29
(40)-09-71088,(66)-03-27270,07/25/1979,18:05:43,154
(37)-03-97688,(32)-25-96947,07/25/1979,19:14:47,1813
(68)-12-67623,(49)-07-88641,07/25/1979,21:04:30,301
(41)-22-66746,(58)-17-58151,07/25/1979,23:58:10,808
(51)-01-12655,(57)-09-84078,07/26/1979,01:01:32,93
(37)-06-11056,(52)-06-94849,07/26/1979,04:04:46,177
(53)-14-06685,(52)-03-11091,07/26/1979,20:39:15,58
(55)-06-10644,(55)-00-87462,07/27/1979,02:17:35,614
(20)-19-52884,(72)-00-95652,07/27/1979,18:11:08,1466
(36)-23-55467,(74)-07-06702,07/27/1979,20:49:55,233
(46)-13-94988,(52)-12-93828,07/27/1979,22:46:30,123
(73)-12-82352,(58)-00-78093,07/28/1979,01:23:14,151
(71)-16-20849,(39)-20-29756,07/28/1979,04:16:51,2553
(78)-11-65638,(22)-29-04947,07/28/1979,11:49:35,107
(72)-07-69163,(22)-11-08604,07/28/1979,15:46:59,96
(31)-02-81132,(29)-08-66088,07/29/1979,00:52:23,109
(72)-13-45307,(47)-04-78497,07/29/1979,11:55:14,18
(63)-09-89223,(78)-07-54740,07/29/1979,23:12:10,1092
(43)-18-16874,(39)-11-49086,07/30/1979,07:42:50,2008
(71)-05-52164,(40)-11-38438,07/30/1979,19:26:09,255
(58)-09-21966,(26)-14-45420,07/30/1979,19:49:42,748
(52)-20-75585,(21)-12-21205,07/31/1979,03:45:49,629
(69)-13-81561,(44)-00-79268,07/31/1979,15:18:47,571
(27)-16-37370,(62)-15-37754,07/31/1979,17:11:23,1616
(32)-15-36943,(49)-10-23884,07/31/1979,22:40:22,412
(74)-10-75801,(32)-25-64555,07/31/1979,23:47:36,25
(76)-14-12973,(33)-27-15394,08/01/1979,05:00:06,157
(78)-01-58298,(76)-12-37293,08/01/1979,16:14:23,870
(30)-13-70508,(25)-22-94689,08/01/1979,18:45:51,517
(27)-05-87854,(66)-04-19959,08/01/1979,20:31:22,460
(55)-04-81328,(57)-02-43743,08/01/1979,22:26:56,565
(61)-01-44351,(34)-00-10821,08/02/1979,04:58:39,489
(75)-06-28362,(77)-04-43918,08/02/1979,07:56:42,1703
(55)-11-54038,(63)-14-22631,08/02/1979,23:13:00,218
(77)-04-81150,(47)-15-82403,08/03/1979,00:28:01,2208
(57)-01-90352,(26)-13-00660,08/03/1979,06:46:39,100
(44)-10-00345,(50)-15-94662,08/03/1979,08:19:24,127
(51)-07-61764,(30)-28-84425,08/04/1979,11:38:51,1601
(31)-23-93676,(46)-09-76148,08/04/1979,14:41:18,117
(71)-00-83138,(77)-03-59413,08/04/1979,17:40:56,197
(45)-12-25149,(63)-08-60781,08/04/1979,20:09:51,699
(25)-17-22646,(37)-11-50565,08/05/1979,04:20:38,475
(75)-02-82655,(69)-05-00627,08/05/1979,06:19:47,519
(63)-16-39220,(21)-32-77271,08/05/1979,13:05:53,2598
(26)-27-49127,(23)-30-56066,08/05/1979,19:09:06,426
(67)-17-83214,(60)-19-20499,08/06/1979,01:21:20,2522
(59)-15-77893,(69)-08-32711,08/06/1979,08:42:06,1045
(73)-09-59272,(66)-06-73668,08/06/1979,12:09:19,1675
(50)-23-01934,(75)-09-23752,08/06/1979,12:45:05,2844
(67)-10-80896,(68)-03-73630,08/06/1979,14:50:23,1597
(37)-05-69841,(45)-14-66509,08/06/1979,23:28:09,187
(57)-06-20050,(67)-00-53355,08/06/1979,23:53:06,239
(36)-17-45004,(70)-11-38045,08/07/1979,04:58:58,602
(20)-18-21140,(66)-07-03432,08/07/1979,07:31:54,62
(40)-15-34883,(38)-07-38355,08/07/1979,17:01:38,226
(44)-10-45302,(57)-18-03642,08/07/1979,20:27:28,240
(52)-02-29413,(42)-00-76919,08/08/1979,07:38:59,463
(51)-14-83454,(34)-09-62739,08/08/1979,12:01:15,550
(35)-11-11655,(59)-04-83235,08/08/1979,13:19:36,238
(20)-16-85914,(32)-19-86989,08/08/1979,15:05:41,14
(70)-02-85455,(36)-23-29546,08/08/1979,18:08:46,136
(53)-12-70381,(34)-28-66448,08/08/1979,18:57:26,36
(59)-15-85455,(31)-24-06127,08/09/1979,15:41:07,243
(77)-06-10794,(40)-22-94539,08/09/1979,19:20:15,243
(63)-16-28464,(47)-06-00537,08/10/1979,09:52:54,87
(32)-27-55457,(40)-18-65889,08/10/1979,10:45:13,279
(42)-23-60991,(37)-00-66824,08/10/1979,21:50:51,173
(64)-01-25024,(43)-23-75140,08/10/1979,23:04:25,7133
(25)-14-99325,(47)-02-10487,08/11/1979,07:56:04,1344
(65)-05-78923,(26)-16-79212,08/11/1979,08:11:30,359
(35)-13-10973,(28)-13-53210,08/11/1979,11:50:52,100
(72)-01-79471,(63)-03-05054,08/11/1979,13:56:41,919
(48)-13-08468,(23)-28-99064,08/11/1979,14:06:38,474
(28)-12-39988,(34)-27-24415,08/11/1979,14:07:14,715
(74)-10-60934,(67)-05-70617,08/12/1979,01:01:39,873
(33)-20-64607,(54)-14-23695,08/12/1979,07:14:07,560
(40)-03-08541,(66)-17-92935,08/12/1979,12:53:03,199
(40)-00-39587,(75)-11-22508,08/12/1979,13:41:46,1229
(44)-18-66978,(68)-15-40685,08/12/1979,16:18:00,144
(27)-16-96371,(54)-11-16733,08/12/1979,19:11:04,104
(22)-31-08273,(36)-15-11110,08/12/1979,21:05:28,2328
(38)-20-41403,(35)-18-57186,08/13/1979,02:49:01,643
(21)-11-39832,(32)-07-49410,08/13/1979,07:01:25,183
(28)-15-54938,(44)-10-57297,08/13/1979,07:31:07,874
(72)-08-01200,(79)-04-64669,08/13/1979,08:34:06,240
(77)-10-43952,(77)-10-21646,08/13/1979,08:50:46,138
(38)-23-86147,(73)-04-43964,08/13/1979,11:35:24,67
(66)-09-60402,(49)-08-57253,08/13/1979,18:22:39,293
(60)-05-10426,(28)-18-01752,08/14/1979,00:10:14,1298
(48)-01-04368,(73)-04-34612,08/14/1979,01:18:24,396
(44)-11-75082,(55)-12-18080,08/14/1979,01:30:15,400
(21)-32-09970,(64)-00-60192,08/14/1979,04:57:53,698
(25)-23-07652,(21)-09-17275,08/14/1979,07:34:29,17
(23)-23-25138,(62)-11-27947,08/14/1979,10:03:58,60
(65)-14-96495,(70)-11-08333,08/14/1979,10:23:21,36
(42)-18-49848,(36)-20-75749,08/14/1979,11:53:21,3082
(53)-21-31217,(31)-19-05167,08/14/1979,16:44:43,185
(72)-08-90298,(32)-03-01671,08/15/1979,00:56:48,697
(22)-32-62999,(56)-02-50991,08/15/1979,03:33:55,41
(73)-07-63747,(68)-09-33225,08/15/1979,04:53:37,240
(29)-00-63395,(55)-10-71760,08/15/1979,10:40:24,761
(27)-06-96574,(22)-02-45607,08/16/1979,01:50:05,250
(30)-28-37419,(45)-12-48418,08/16/1979,06:58:42,734
(52)-10-39771,(52)-06-19187,08/16/1979,13:54:07,282
(43)-09-76172,(30)-11-44659,08/16/1979,14:46:29,252
(35)-25-10055,(41)-18-33956,08/16/1979,15:07:41,826
(21)-02-09396,(54)-19-98165,08/16/1979,17:10:54,89
(41)-06-75847,(53)-09-44001,08/16/1979,21:42:02,491
(39)-11-57283,(33)-16-44564,08/16/1979,22:22:38,500
(26)-31-16562,(57)-07-72954,08/17/1979,03:18:10,862
(58)-08-09331,(26)-27-84931,08/17/1979,03:23:10,47
(37)-24-58267,(77)-03-44296,08/17/1979,11:51:24,212
(63)-17-38968,(41)-23-47719,08/17/1979,13:16:06,4767
(77)-14-47042,(69)-10-67886,08/17/1979,15:41:55,597
(30)-14-43713,(64)-14-49766,08/17/1979,16:02:01,100
(35)-06-91482,(62)-18-89827,08/17/1979,16:35:11,76
(66)-17-94987,(39)-20-84313,08/17/1979,21:23:10,3479
(65)-03-23875,(76)-09-38277,08/18/1979,11:59:02,46
(75)-14-65911,(74)-04-10510,08/18/1979,12:38:59,595
(73)-02-60318,(59)-09-07285,08/18/1979,15:03:31,325
(71)-09-33682,(24)-30-40015,08/18/1979,23:13:57,155
(48)-20-50263,(30)-14-54268,08/19/1979,02:04:11,4450
(40)-04-06171,(38)-18-76239,08/19/1979,07:16:45,1920
(20)-24-32506,(54)-05-76873,08/19/1979,08:55:57,209
(37)-21-30943,(37)-06-64346,08/19/1979,10:21:33,130
(44)-02-44740,(64)-05-35464,08/19/1979,10:54:05,150
(40)-04-15103,(71)-16-18358,08/19/1979,19:46:05,164
(65)-16-99481,(68)-16-65948,08/20/1979,03:57:18,354
(25)-30-41646,(65)-00-59289,08/21/1979,03:22:37,232
(60)-01-63391,(70)-03-15909,08/21/1979,13:00:03,412
(37)-02-96677,(57)-15-10074,08/21/1979,15:08:55,769
(54)-06-15004,(78)-10-12194,08/22/1979,01:13:48,353
(72)-13-00141,(72)-02-89731,08/22/1979,02:32:54,489
(27)-22-15489,(23)-31-43335,08/22/1979,05:27:16,2963
(47)-23-43934,(47)-23-52988,08/22/1979,06:20:18,329
(25)-24-71527,(75)-13-19008,08/22/1979,06:39:09,245
(44)-02-69958,(75)-06-85524,08/22/1979,14:51:56,272
(44)-06-11090,(43)-01-25458,08/22/1979,20:08:50,481
(79)-03-51993,(56)-01-09699,08/22/1979,22:03:48,727
(56)-09-60822,(20)-28-25476,08/24/1979,03:16:50,216
(42)-19-83212,(54)-15-67322,08/24/1979,06:11:25,89
(72)-12-30005,(37)-24-84807,08/24/1979,12:16:28,2901
(33)-05-69012,(32)-26-29871,08/24/1979,16:07:25,53
(49)-13-60102,(30)-27-83670,08/24/1979,16:16:53,382
(20)-27-05171,(67)-10-48158,08/24/1979,23:13:51,88
(59)-14-35264,(39)-10-34194,08/25/1979,07:45:07,36
(23)-23-84229,(48)-19-56328,08/25/1979,10:16:52,448
(59)-14-20139,(20)-12-66690,08/25/1979,17:07:52,197
(55)-11-85368,(30)-14-19958,08/25/1979,23:55:17,85
(29)-07-60568,(74)-01-74436,08/26/1979,07:21:40,382
(54)-02-39404,(62)-06-10851,08/26/1979,21:12:12,754
(74)-06-45193,(47)-20-58759,08/26/1979,23:42:17,219
(69)-09-88364,(42)-17-79282,08/27/1979,02:53:02,26
(56)-00-85387,(48)-04-33432,08/27/1979,04:46:33,105
(43)-18-93756,(76)-04-88503,08/27/1979,08:24:57,50
(63)-07-76158,(71)-05-72361,08/27/1979,10:22:31,118
(39)-00-94995,(42)-21-29223,08/27/1979,16:47:01,289
(72)-07-01543,(63)-10-33762,08/27/1979,18:30:29,48
(44)-06-98674,(57)-12-57066,08/27/1979,19:15:11,2937
(60)-11-60091,(24)-09-48805,08/27/1979,22:28:36,381
(77)-11-75797,(58)-16-21985,08/28/1979,05:08:04,342
(50)-11-25826,(48)-05-99299,08/28/1979,07:24:32,1541
(75)-04-75824,(23)-31-02285,08/28/1979,13:26:39,94
(36)-17-56191,(42)-25-44392,08/28/1979,17:48:09,49
(23)-20-31216,(53)-08-47666,08/28/1979,21:31:52,1765
(47)-12-24623,(34)-20-23312,08/29/1979,00:16:20,241
(76)-11-68719,(60)-16-03413,08/29/1979,00:49:58,483
(53)-00-18978,(22)-12-49400,08/29/1979,02:29:11,659
(35)-16-82083,(52)-13-49445,08/29/1979,02:57:54,511
(34)-25-22251,(56)-11-86097,08/29/1979,03:02:12,522
(48)-09-02643,(24)-19-95413,08/29/1979,03:08:21,423
(55)-19-43408,(33)-15-25989,08/29/1979,15:06:28,264
(70)-10-61654,(36)-06-47845,08/29/1979,17:15:12,70
(68)-16-06745,(58)-15-41385,08/29/1979,18:38:16,25
(68)-07-29192,(34)-26-74545,08/29/1979,20:11:55,451
(64)-00-24351,(28)-02-62513,08/29/1979,22:23:01,1007
(67)-06-45979,(56)-20-27515,08/30/1979,10:06:01,19
(43)-06-02566,(33)-22-26641,08/30/1979,16:43:23,86
(72)-03-37109,(55)-11-47466,08/30/1979,18:08:56,113
(49)-16-38521,(68)-01-94875,08/31/1979,01:29:51,204
(67)-03-33960,(57)-20-20087,08/31/1979,04:43:16,185
(49)-05-92124,(57)-09-31414,08/31/1979,08:56:28,208
(71)-09-37371,(39)-22-39753,08/31/1979,11:49:24,163
(53)-06-32186,(56)-21-46383,08/31/1979,12:54:28,244
(24)-08-58178,(44)-03-73242,08/31/1979,20:38:55,363
(49)-08-14563,(77)-00-79659,09/01/1979,00:15:16,160
(44)-07-15119,(45)-07-00307,09/01/1979,04:33:46,58
(74)-13-61526,(33)-09-57200,09/01/1979,08:13:31,182
(63)-01-11282,(62)-15-07606,09/01/1979,16:08:43,299
(59)-12-16740,(23)-29-83591,09/01/1979,17:16:14,851
(43)-24-96823,(68)-07-77398,09/02/1979,01:30:38,23
(50)-00-38905,(67)-12-51028,09/02/1979,06:26:11,484
(21)-30-53759,(21)-12-53647,09/02/1979,10:19:29,840
(27)-28-58448,(60)-07-29717,09/02/1979,13:23:01,63
(29)-12-35771,(57)-17-91510,09/02/1979,14:10:46,744
(58)-04-25262,(66)-01-69178,09/02/1979,15:09:22,150
(34)-24-99342,(72)-15-61773,09/02/1979,22:32:53,276
(70)-02-62278,(52)-03-51729,09/03/1979,08:52:53,58
(75)-04-65529,(21)-02-22743,09/03/1979,10:45:37,2967
(54)-01-67905,(21)-29-89389,09/03/1979,11:29:09,3099
(42)-11-05599,(32)-07-48234,09/03/1979,13:36:43,169
(22)-13-32809,(26)-03-17966,09/03/1979,19:39:00,857
(23)-12-80485,(26)-18-69983,09/03/1979,23:12:06,429
(64)-17-79344,(71)-01-65108,09/04/1979,02:26:29,261
(50)-01-34224,(37)-17-56273,09/04/1979,03:27:46,210
(59)-07-55588,(32)-19-95535,09/04/1979,04:36:08,68
(73)-04-54683,(62)-15-43491,09/04/1979,08:01:06,137
(50)-08-07178,(35)-18-82828,09/04/1979,18:43:24,153
(29)-21-19176,(70)-14-75482,09/05/1979,00:24:58,215
(39)-11-82094,(65)-17-26352,09/05/1979,12:29:12,90
(32)-16-07451,(76)-01-97343,09/05/1979,12:57:44,557
(65)-09-75702,(36)-20-33756,09/06/1979,05:21:22,2173
(40)-08-29944,(73)-08-53194,09/06/1979,10:50:49,528
(35)-06-93622,(38)-08-47771,09/06/1979,13:41:37,501
(45)-18-21399,(62)-19-20254,09/06/1979,19:00:24,691
(56)-01-97444,(70)-04-99212,09/06/1979,19:42:38,133
(79)-08-47329,(63)-11-03247,09/06/1979,20:42:55,157
(76)-07-72579,(49)-07-98555,09/07/1979,05:15:04,281
(56)-08-86316,(51)-13-88797,09/07/1979,16:33:59,224
(33)-14-22391,(66)-00-25934,09/07/1979,19:41:51,219
(74)-04-74835,(56)-08-05080,09/07/1979,21:46:17,5233
(73)-08-67062,(21)-12-02014,09/08/1979,00:55:39,786
(33)-06-98334,(38)-01-32753,09/08/1979,05:35:06,3288
(51)-17-33053,(39)-03-04746,09/08/1979,06:29:43,1967
(37)-22-92642,(46)-04-75278,09/08/1979,07:32:42,2692
(55)-20-72981,(42)-11-79464,09/08/1979,10:02:51,2388
(48)-01-07332,(60)-19-81121,09/08/1979,12:20:57,267
(60)-11-21243,(66)-10-08069,09/08/1979,15:04:13,233
(78)-09-14665,(26)-24-47490,09/08/1979,18:18:22,137
(61)-08-34182,(28)-16-72779,09/08/1979,18:48:15,81
(60)-02-39548,(61)-14-50388,09/08/1979,20:03:42,372
(56)-05-89371,(70)-12-66451,09/08/1979,23:22:33,2408
(49)-22-70563,(40)-16-08046,09/09/1979,04:43:33,87
(70)-16-54935,(49)-17-87824,09/09/1979,05:00:05,10
(64)-06-87761,(20)-09-23929,09/09/1979,20:31:51,845
(54)-02-88781,(52)-07-61461,09/09/1979,20:55:03,259
(29)-00-25605,(65)-15-20633,09/09/1979,22:25:09,712
(69)-00-21073,(65)-07-45010,09/10/1979,07:12:44,1634
(73)-00-55130,(55)-01-61194,09/10/1979,07:57:43,1476
(20)-13-00114,(29)-14-82184,09/10/1979,08:48:52,2666
(35)-26-37833,(78)-08-08920,09/10/1979,15:31:39,381
(53)-02-98404,(76)-12-20550,09/10/1979,22:55:19,620
(71)-03-58504,(61)-18-02697,09/11/1979,07:54:14,559
(79)-09-81586,(38)-22-70186,09/11/1979,08:44:11,2181
(28)-07-19441,(70)-09-38052,09/11/1979,13:05:16,3431
(67)-03-75005,(37)-01-86157,09/11/1979,17:10:09,292
(22)-10-84760,(69)-07-16775,09/12/1979,11:18:38,1591
(51)-13-75486,(32)-23-82142,09/12/1979,16:46:00,441
(25)-04-79104,(40)-05-43326,09/12/1979,20:30:10,174
(74)-00-50944,(30)-27-56592,09/13/1979,14:07:50,30
(65)-05-23218,(46)-03-53986,09/13/1979,19:45:36,333
(52)-21-15607,(47)-12-82116,09/14/1979,01:04:39,625
(43)-12-09776,(28)-12-04905,09/14/1979,01:40:29,243
(59)-19-73792,(40)-21-43089,09/14/1979,02:33:02,182
(77)-14-23636,(28)-24-81152,09/14/1979,03:14:36,3491
(78)-08-71475,(43)-14-75859,09/14/1979,03:17:12,780
(53)-22-23263,(71)-00-46905,09/14/1979,04:07:20,7012
(55)-15-27925,(54)-03-69306,09/14/1979,04:45:45,292
(62)-10-52982,(60)-08-65131,09/14/1979,08:20:35,237
(33)-15-32400,(53)-04-61894,09/15/1979,03:51:28,420
(79)-09-85134,(71)-05-35154,09/15/1979,05:29:26,2139
(28)-24-52866,(78)-12-14145,09/15/1979,09:50:51,249
(26)-13-79754,(77)-11-27740,09/15/1979,12:25:15,296
(29)-09-24910,(46)-17-15140,09/15/1979,16:05:15,192
(74)-06-60628,(63)-08-53399,09/15/1979,21:02:16,96
(71)-15-67373,(37)-09-77877,09/16/1979,11:24:40,2363
(62)-11-13076,(76)-10-76033,09/16/1979,14:37:55,1348
(23)-30-57446,(56)-02-56887,09/16/1979,15:13:09,59
(78)-04-00455,(51)-08-44304,09/16/1979,15:42:33,53
(33)-02-55654,(22)-06-59881,09/16/1979,19:06:34,2083
(41)-02-25563,(32)-12-82649,09/16/1979,21:43:02,3130
(53)-07-19877,(65)-11-29224,09/17/1979,02:38:29,696
(21)-08-78905,(60)-10-72291,09/17/1979,03:56:38,383
(22)-00-82886,(63)-02-90025,09/17/1979,06:36:14,49
(69)-01-79045,(25)-13-68118,09/17/1979,09:19:18,10
(67)-12-85088,(67)-08-80716,09/17/1979,13:35:36,299
(23)-29-83591,(58)-12-83296,09/17/1979,14:53:21,873
(29)-13-73944,(39)-14-72668,09/17/1979,20:20:49,192
(48)-20-25007,(48)-04-78136,09/18/1979,00:09:37,868
(71)-02-27805,(75)-03-75972,09/18/1979,10:21:53,2273
(45)-10-74236,(26)-24-61615,09/18/1979,13:31:28,74
(51)-19-72803,(65)-12-76565,09/18/1979,14:18:20,3331
(61)-14-48687,(32)-04-00455,09/18/1979,19:04:38,2246
(79)-13-31753,(24)-01-56866,09/18/1979,22:41:00,326
(55)-16-01127,(38)-02-15188,09/19/1979,05:43:01,591
(75)-07-83507,(31)-08-36885,09/19/1979,12:08:22,270
(72)-13-42509,(52)-14-87239,09/19/1979,15:31:55,1878
(38)-23-98852,(28)-29-38602,09/19/1979,23:59:52,224
(63)-03-87605,(78)-02-28492,09/20/1979,08:54:25,96
(40)-03-01324,(55)-21-43838,09/20/1979,10:41:57,3461
(35)-07-54577,(67)-10-55564,09/20/1979,17:45:57,594
(39)-10-69011,(27)-11-51595,09/21/1979,06:59:20,267
(71)-10-27085,(26)-19-65008,09/21/1979,18:31:49,652
(29)-23-42242,(56)-00-72895,09/21/1979,19:42:10,95
(26)-26-51310,(34)-12-14073,09/21/1979,20:00:01,77
(78)-10-02422,(31)-13-29308,09/21/1979,21:31:46,313
(38)-13-14832,(33)-11-73360,09/22/1979,10:44:31,232
(37)-12-47321,(40)-07-00164,09/22/1979,10:53:14,792
(33)-22-38310,(69)-01-37303,09/22/1979,11:10:38,3207
(36)-18-79623,(31)-08-88301,09/22/1979,12:43:50,412
(65)-12-24383,(27)-11-49650,09/22/1979,23:11:01,195
(60)-10-73116,(47)-19-78328,09/23/1979,00:52:29,103
(28)-20-38210,(28)-18-92407,09/23/1979,04:16:47,2282
(48)-06-29077,(77)-12-47407,09/23/1979,08:09:03,111
(69)-00-79725,(57)-14-91306,09/23/1979,08:26:08,2967
(59)-05-26897,(23)-04-68251,09/24/1979,11:29:40,1253
(67)-17-40795,(55)-03-41786,09/24/1979,15:30:05,232
(77)-13-50970,(46)-20-82634,09/24/1979,17:59:10,537
(28)-08-11425,(40)-12-28296,09/24/1979,22:41:30,384
(37)-21-36307,(38)-03-62674,09/24/1979,22:42:34,178
(72)-02-91205,(50)-23-79455,09/25/1979,05:49:00,248
(57)-14-63060,(39)-12-97693,09/25/1979,10:14:12,75
(26)-18-63460,(40)-10-91056,09/25/1979,13:30:00,175
(78)-06-64673,(38)-27-71665,09/25/1979,15:21:01,163
(37)-07-86365,(42)-19-62551,09/25/1979,15:35:43,291
(29)-12-42599,(37)-10-07732,09/25/1979,18:01:16,1000
(44)-08-21998,(58)-01-32511,09/25/1979,20:37:52,2205
(58)-11-85891,(66)-05-28247,09/26/1979,14:51:33,2847
(66)-08-87806,(73)-08-82648,09/27/1979,00:28:39,1039
(44)-21-54847,(55)-08-79732,09/27/1979,06:26:48,74
(23)-03-20727,(46)-17-55758,09/27/1979,08:17:53,192
(27)-28-58448,(44)-17-20621,09/27/1979,10:06:03,143
(48)-07-17290,(28)-18-61715,09/27/1979,14:35:40,54
(50)-16-33352,(46)-03-74244,09/27/1979,23:28:05,3171
(33)-01-90147,(65)-16-00443,09/28/1979,01:23:25,63
(56)-08-49666,(56)-02-85632,09/28/1979,06:24:56,254
(23)-10-12250,(73)-08-10074,09/28/1979,07:07:51,284
(69)-07-91841,(20)-20-97315,09/28/1979,14:00:14,806
(62)-01-67783,(48)-15-88220,09/28/1979,17:21:47,873
(77)-14-71980,(66)-02-54857,09/29/1979,10:13:22,630
(65)-14-63442,(47)-16-57480,09/29/1979,17:43:03,220
(58)-05-15060,(62)-05-82397,09/29/1979,18:00:44,213
(36)-15-46835,(52)-04-38196,09/29/1979,20:54:16,306
(50)-05-58206,(21)-21-71455,09/29/1979,22:42:02,115
(28)-06-12732,(50)-08-68203,09/30/1979,07:14:58,87
(54)-18-57546,(72)-02-35208,09/30/1979,11:09:39,281
(46)-08-60607,(41)-10-39059,09/30/1979,16:51:39,159
(53)-22-34281,(24)-07-31621,09/30/1979,16:58:55,62
(63)-18-60245,(50)-02-22761,10/01/1979,00:01:12,185
(37)-22-45418,(47)-06-63336,10/01/1979,03:30:42,249
(53)-09-86241,(71)-11-18183,10/01/1979,06:17:17,2508
(64)-05-19475,(67)-16-29028,10/01/1979,09:39:28,11
(60)-03-89955,(59)-12-79764,10/01/1979,21:41:53,71
(48)-07-37779,(65)-10-32270,10/01/1979,22:28:12,149
(29)-01-01807,(35)-21-87745,10/02/1979,07:26:03,203
(51)-20-91213,(64)-05-75769,10/02/1979,15:38:29,237
(50)-01-83948,(54)-10-95402,10/02/1979,19:37:47,131
(62)-06-54713,(59)-03-13811,10/02/1979,20:15:08,3078
(64)-13-75721,(34)-12-99935,10/02/1979,21:18:05,2507
(42)-05-73555,(51)-10-94177,10/02/1979,21:26:05,16
(37)-03-61068,(58)-19-68514,10/02/1979,22:52:11,282
(46)-20-65957,(72)-02-65574,10/02/1979,23:27:41,311
(58)-13-35223,(44)-02-98328,10/03/1979,04:44:45,2465
(77)-00-31546,(20)-10-80047,10/03/1979,09:34:20,284
(23)-06-03813,(24)-01-86043,10/03/1979,10:21:09,210
(51)-04-00444,(43)-20-37404,10/04/1979,01:43:46,2328
(47)-13-23765,(74)-06-10219,10/04/1979,04:31:50,498
(35)-09-65113,(62)-04-04120,10/04/1979,09:58:32,150
(77)-00-61162,(34)-04-91232,10/04/1979,10:22:48,74
(25)-20-34720,(67)-14-80448,10/04/1979,12:36:19,255
(79)-04-93812,(35)-21-78208,10/04/1979,15:34:43,355
(77)-05-88275,(26)-25-56790,10/04/1979,15:39:06,95
(24)-20-51696,(74)-00-39962,10/04/1979,17:36:55,713
(30)-28-62108,(44)-01-78440,10/04/1979,18:30:59,511
(68)-04-77875,(52)-14-68891,10/05/1979,01:26:35,269
(48)-22-33079,(51)-19-37052,10/05/1979,07:38:22,467
(75)-05-71996,(42)-21-65270,10/05/1979,14:02:18,22
(58)-00-99819,(38)-26-04407,10/05/1979,17:27:32,463
(32)-02-02673,(43)-01-37039,10/05/1979,17:45:50,464
(25)-10-76077,(69)-09-91464,10/06/1979,01:05:45,55
(67)-06-65242,(47)-09-07877,10/06/1979,08:42:56,491
(41)-18-38535,(35)-06-93622,10/07/1979,07:00:25,566
(27)-19-34944,(57)-20-63488,10/07/1979,10:39:52,157
(59)-07-64708,(78)-11-12125,10/07/1979,22:28:49,105
(39)-24-96914,(39)-26-95780,10/08/1979,00:00:35,221
(70)-16-96830,(37)-12-95949,10/08/1979,12:28:42,150
(48)-20-52658,(63)-07-80079,10/08/1979,14:28:04,407
(60)-12-56479,(20)-05-82774,10/08/1979,14:43:30,3283
(38)-17-53250,(20)-19-21828,10/08/1979,21:20:52,2752
(29)-06-60414,(32)-18-45950,10/08/1979,23:09:55,639
(59)-02-10403,(70)-00-75686,10/08/1979,23:53:09,747
(33)-11-52747,(78)-13-67072,10/09/1979,02:02:16,1479
(46)-13-44676,(28)-24-94059,10/09/1979,13:26:30,266
(61)-12-70734,(68)-00-03841,10/09/1979,16:52:49,273
(79)-07-75811,(28)-15-29616,10/09/1979,17:20:24,3403
(79)-03-28406,(58)-12-96189,10/10/1979,06:20:37,133
(67)-02-50517,(73)-08-16564,10/10/1979,08:23:25,216
(34)-06-35962,(73)-05-99423,10/10/1979,12:12:43,204
(38)-25-02894,(54)-19-42390,10/11/1979,06:11:12,141
(78)-11-04774,(56)-03-45714,10/11/1979,08:42:07,297
(48)-09-09146,(57)-09-57663,10/11/1979,08:56:09,2234
(24)-31-49674,(74)-15-14848,10/11/1979,16:38:16,826
(42)-12-83876,(60)-10-72997,10/11/1979,18:16:34,134
(63)-02-78131,(37)-18-43520,10/11/1979,21:55:46,240
(41)-04-55045,(53)-15-62062,10/12/1979,05:56:37,759
(37)-15-64741,(74)-01-92621,10/12/1979,12:46:50,2879
(44)-04-15295,(20)-12-98794,10/12/1979,16:41:49,86
(59)-14-54938,(56)-15-44331,10/12/1979,16:59:01,177
(73)-11-04292,(65)-05-84141,10/12/1979,19:31:18,5
(48)-08-02435,(66)-12-90108,10/12/1979,20:50:05,11
(58)-07-37341,(58)-04-92062,10/13/1979,00:38:39,278
(66)-17-96680,(50)-19-36758,10/13/1979,01:53:28,1395
(48)-22-99242,(65)-15-24300,10/13/1979,23:32:50,1138
(68)-04-12375,(56)-05-66680,10/13/1979,23:33:33,181
(59)-15-91462,(46)-01-64410,10/14/1979,03:18:02,271
(37)-07-71797,(70)-04-66225,10/14/1979,15:59:31,99
(72)-03-77778,(62)-17-37333,10/14/1979,17:19:04,23
(37)-02-98176,(75)-13-60838,10/14/1979,19:20:41,3034
(45)-02-97773,(23)-24-00135,10/14/1979,22:57:52,68
(33)-00-43909,(65)-12-01618,10/15/1979,00:03:40,39
(62)-04-77979,(78)-00-67403,10/15/1979,01:03:55,206
(68)-07-73428,(63)-04-37075,10/15/1979,03:37:17,238
(28)-21-61270,(79)-00-91788,10/15/1979,05:12:20,217
(69)-14-29777,(26)-30-95554,10/15/1979,14:41:45,228
(30)-19-92469,(48)-15-72261,10/15/1979,18:00:44,601
(27)-19-34944,(48)-23-46242,10/15/1979,19:54:14,691
(66)-05-75830,(46)-20-04398,10/16/1979,08:21:55,236
(75)-06-81256,(41)-22-52923,10/16/1979,14:17:26,553
(31)-18-10572,(21)-01-78913,10/16/1979,19:43:48,524
(63)-02-20107,(75)-05-51402,10/16/1979,21:02:34,35
(50)-04-61297,(57)-16-76421,10/17/1979,03:43:02,229
(31)-19-59545,(34)-23-93869,10/17/1979,04:51:23,585
(36)-08-21785,(25)-28-34366,10/17/1979,13:27:36,645
(67)-17-13030,(50)-20-17917,10/17/1979,13:41:15,746
(31)-27-80518,(63)-18-08741,10/17/1979,15:45:14,478
(76)-00-76870,(69)-01-11098,10/17/1979,17:28:02,135
(75)-00-15255,(69)-05-87904,10/17/1979,18:40:40,694
(51)-09-83176,(67)-02-16789,10/17/1979,22:19:33,264
(51)-11-38911,(40)-22-31301,10/18/1979,02:10:54,123
(55)-00-92399,(72)-08-03880,10/18/1979,02:26:34,671
(77)-12-27125,(54)-00-51362,10/18/1979,11:26:16,639
(24)-09-73289,(55)-13-86655,10/18/1979,11:51:04,731
(63)-02-85374,(62)-15-98521,10/18/1979,15:53:53,842
(51)-06-17508,(46)-16-88808,10/19/1979,02:53:13,309
(27)-03-57831,(28)-09-51807,10/19/1979,05:48:46,240
(70)-08-42233,(76)-12-95103,10/19/1979,08:38:03,2994
(27)-13-68404,(62)-02-41739,10/19/1979,09:29:59,11
(59)-11-16165,(53)-07-19877,10/20/1979,02:32:43,229
(33)-07-44767,(30)-01-30006,10/20/1979,11:08:42,146
(59)-17-49318,(54)-15-72943,10/20/1979,12:04:42,208
(47)-06-77996,(52)-18-35391,10/20/1979,12:44:50,697
(27)-23-89962,(34)-08-29170,10/20/1979,19:13:46,215
(54)-03-06933,(50)-03-30089,10/21/1979,00:37:09,64
(39)-04-96290,(30)-14-00805,10/21/1979,15:35:25,26
(55)-19-38413,(28)-30-76384,10/21/1979,16:52:39,358
(21)-22-47671,(47)-10-02878,10/21/1979,17:13:10,430
(75)-08-65748,(76)-13-27569,10/21/1979,18:06:05,290
(21)-07-20536,(44)-21-46010,10/21/1979,18:15:29,1049
(33)-28-38199,(26)-03-47135,10/22/1979,03:30:11,993
(40)-02-61357,(76)-00-23436,10/22/1979,05:19:32,918
(35)-08-01206,(26)-18-09976,10/22/1979,13:12:50,120
(79)-05-90944,(51)-09-16946,10/22/1979,14:24:04,2872
(71)-08-38249,(72)-06-20789,10/22/1979,23:44:53,219
(30)-26-72490,(44)-05-30606,10/23/1979,00:21:55,38
(71)-02-58325,(39)-26-53169,10/23/1979,03:33:52,83
(75)-08-14037,(29)-14-94799,10/23/1979,14:22:55,7009
(48)-15-27989,(73)-03-28454,10/24/1979,07:00:01,311
(32)-24-92714,(41)-09-97506,10/24/1979,10:47:49,48
(38)-17-34271,(33)-26-12339,10/24/1979,14:57:35,97
(22)-07-63637,(69)-08-15073,10/25/1979,15:32:13,50
(30)-17-92325,(65)-10-62758,10/25/1979,19:27:06,22
(79)-07-27144,(51)-01-80232,10/26/1979,06:38:51,289
(44)-22-30213,(55)-21-62750,10/26/1979,08:51:31,129
(42)-20-84010,(61)-06-56701,10/26/1979,15:38:03,236
(27)-20-27280,(22)-06-73112,10/27/1979,05:33:56,466
(65)-06-32661,(32)-18-54294,10/27/1979,06:06:16,435
(22)-01-76504,(46)-08-01161,10/27/1979,08:50:13,367
(40)-23-11648,(35)-09-59882,10/27/1979,10:22:09,457
(50)-23-73147,(52)-11-38100,10/27/1979,12:05:12,422
(58)-02-20530,(37)-02-59268,10/27/1979,13:12:35,601
(64)-04-72705,(57)-00-01904,10/27/1979,16:23:02,1050
(39)-12-75455,(44)-02-25632,10/27/1979,16:28:11,77
(69)-09-46047,(31)-06-55676,10/28/1979,02:23:44,261
(74)-00-56025,(60)-04-09095,10/28/1979,11:58:59,798
(59)-08-85857,(39)-06-41117,10/29/1979,02:36:41,124
(32)-20-82212,(25)-14-18256,10/29/1979,06:04:43,248
(31)-21-81222,(56)-19-77406,10/29/1979,18:19:13,399
(60)-14-64895,(26)-07-01705,10/29/1979,21:52:04,139
(54)-21-68670,(40)-22-68288,10/29/1979,22:42:13,139
(24)-18-91209,(71)-14-28669,10/30/1979,05:32:10,51
(31)-23-90575,(44)-04-56858,10/30/1979,18:09:08,221
(76)-07-40795,(46)-11-45363,10/30/1979,18:18:57,5373
(44)-25-47425,(64)-03-21448,10/31/1979,02:08:31,390
(45)-14-28924,(47)-09-64023,10/31/1979,05:53:59,2793
(62)-11-63102,(28)-12-87128,10/31/1979,08:09:18,1839
(40)-09-91545,(37)-15-31278,10/31/1979,09:09:46,110
(77)-09-49818,(73)-07-57084,10/31/1979,13:00:47,50
(65)-10-25979,(57)-13-41064,10/31/1979,13:12:27,22
(55)-00-69853,(52)-17-08978,10/31/1979,17:55:31,188
(46)-01-41367,(42)-24-51100,11/01/1979,01:39:12,206
(45)-22-33209,(74)-12-67606,11/01/1979,11:25:13,269
(57)-09-79843,(30)-09-38828,11/01/1979,14:53:05,10
(55)-11-99910,(72)-06-72360,11/01/1979,19:42:43,837
(79)-00-42387,(66)-16-13789,11/01/1979,20:31:04,360
(50)-11-73705,(67)-11-25284,11/01/1979,23:34:24,88
(24)-11-52796,(40)-07-20495,11/02/1979,00:19:36,853
(76)-06-56483,(30)-04-23996,11/02/1979,05:54:46,1248
(51)-13-07874,(44)-19-46854,11/02/1979,09:08:04,3205
(26)-27-00309,(27)-13-50683,11/02/1979,18:33:47,3580
(59)-13-15712,(34)-21-58514,11/02/1979,19:55:39,97
(52)-19-25844,(44)-05-48187,11/02/1979,21:01:06,1793
(27)-08-18752,(52)-06-14116,11/02/1979,21:36:00,498
(61)-01-75717,(21)-23-90440,11/03/1979,09:17:34,1870
(52)-07-00689,(49)-18-69635,11/03/1979,10:50:17,15
(55)-16-72756,(73)-02-70725,11/03/1979,16:05:44,113
(69)-12-56243,(22)-16-61418,11/03/1979,17:37:11,468
(68)-09-53383,(67)-02-61755,11/04/1979,07:44:06,295
(24)-20-57273,(71)-09-52045,11/04/1979,10:58:27,406
(31)-23-89257,(47)-11-95429,11/04/1979,15:11:38,251
(38)-15-40655,(48)-04-49204,11/04/1979,16:11:40,10
(56)-05-11963,(35)-05-45147,11/04/1979,18:03:09,113
(77)-04-03434,(24)-28-34770,11/04/1979,19:15:04,194
(35)-10-16014,(53)-12-38894,11/04/1979,19:35:27,173
(57)-04-62274,(31)-16-52770,11/04/1979,21:29:54,526
(37)-06-62893,(23)-17-08874,11/05/1979,06:05:45,578
(26)-24-29807,(43)-10-74147,11/05/1979,07:28:00,28
(25)-24-99134,(29)-21-77143,11/05/1979,22:14:06,146
(61)-16-34545,(78)-00-74597,11/05/1979,23:34:22,81
(21)-31-12201,(29)-01-43652,11/06/1979,00:51:14,595
(62)-01-93538,(55)-13-77846,11/06/1979,03:13:00,88
(53)-15-21768,(27)-08-83962,11/06/1979,07:34:26,202
(65)-18-73868,(21)-27-27465,11/06/1979,12:50:26,226
(57)-06-87381,(50)-19-77109,11/06/1979,12:50:29,33
(51)-12-27035,(47)-11-51869,11/06/1979,18:07:08,120
(68)-08-70028,(61)-10-27547,11/07/1979,03:07:28,229
(67)-05-22483,(46)-09-39791,11/07/1979,14:57:33,2172
(29)-12-01680,(76)-12-14041,11/07/1979,19:43:07,234
(63)-12-53199,(21)-32-59637,11/07/1979,20:11:42,198
(48)-09-47423,(46)-03-76417,11/07/1979,21:53:23,130
(33)-11-50462,(54)-10-51118,11/08/1979,07:24:14,57
(45)-20-59049,(40)-06-78756,11/08/1979,13:49:00,3893
(71)-04-01076,(55)-07-92669,11/08/1979,15:35:54,3441
(50)-21-50353,(73)-03-27301,11/08/1979,16:03:33,899
(36)-06-64070,(56)-04-66660,11/08/1979,20:43:01,40
(67)-00-46271,(62)-03-71843,11/09/1979,01:49:51,130
(63)-01-04196,(34)-26-89672,11/09/1979,08:25:19,1795
(77)-08-64454,(20)-30-44235,11/09/1979,13:41:55,187
(55)-12-40548,(39)-15-36457,11/09/1979,14:49:24,2549
(69)-05-55244,(24)-23-37523,11/09/1979,18:45:38,296
(25)-30-35168,(68)-15-74976,11/09/1979,19:26:02,109
(20)-00-71989,(28)-26-88825,11/09/1979,20:55:03,388
(33)-23-32803,(36)-18-36443,11/10/1979,01:46:44,781
(62)-18-74955,(39)-11-35897,11/10/1979,02:14:24,11
(52)-03-67587,(32)-02-67749,11/10/1979,05:58:55,694
(48)-13-48463,(67)-06-13327,11/10/1979,09:43:06,117
(57)-06-40875,(62)-14-17202,11/10/1979,09:50:44,413
(37)-16-86595,(27)-24-59576,11/10/1979,15:44:16,1501
(47)-11-41375,(69)-15-81236,11/10/1979,20:50:06,2455
(20)-25-87146,(55)-05-26817,11/10/1979,23:09:59,510
(27)-12-03440,(38)-01-06115,11/11/1979,05:10:13,14
(59)-20-95859,(55)-21-07363,11/11/1979,12:00:48,2935
(30)-00-24393,(37)-14-53925,11/11/1979,13:04:44,903
(61)-04-56054,(67)-10-08616,11/11/1979,13:48:00,49
(23)-26-13729,(20)-15-48980,11/11/1979,19:06:26,1135
(76)-13-29213,(24)-23-24597,11/12/1979,05:29:38,115
(70)-03-97883,(77)-08-35372,11/12/1979,08:38:15,206
(20)-24-12519,(29)-04-04294,11/12/1979,21:19:49,474
(38)-12-18531,(28)-09-37702,11/13/1979,00:16:14,13
(70)-12-00489,(63)-12-19885,11/13/1979,09:28:38,899
(50)-15-60495,(61)-05-88579,11/13/1979,12:20:42,324
(47)-01-53646,(38)-03-49231,11/13/1979,14:16:50,627
(79)-01-18702,(30)-18-03201,11/13/1979,14:38:16,481
(35)-22-88136,(52)-02-08813,11/13/1979,19:44:15,1522
(32)-07-88302,(26)-28-70096,11/13/1979,22:38:05,174
(69)-08-25169,(40)-08-24695,11/13/1979,23:24:12,3147
(39)-05-70437,(55)-20-71805,11/13/1979,23:32:09,788
(64)-00-99693,(53)-17-40452,11/14/1979,03:17:00,161
(69)-02-18696,(48)-20-94870,11/14/1979,05:44:05,678
(79)-09-55417,(53)-11-07206,11/14/1979,16:38:54,1253
(69)-02-25664,(53)-07-36034,11/14/1979,19:35:39,2518
(63)-16-36393,(69)-01-34592,11/14/1979,23:23:11,6633
(34)-16-89013,(28)-13-03584,11/15/1979,00:16:37,50
(78)-10-33445,(76)-06-99183,11/15/1979,23:38:32,335
(49)-10-55924,(66)-00-96585,11/16/1979,02:59:17,528
(66)-02-92289,(59)-19-47155,11/16/1979,05:17:50,68
(56)-17-97706,(20)-20-60676,11/16/1979,09:50:02,198
(41)-01-91259,(30)-06-81844,11/16/1979,10:56:34,293
(76)-08-99540,(73)-06-74481,11/17/1979,02:21:14,175
(64)-17-64264,(52)-12-24920,11/17/1979,10:22:58,643
(75)-07-99876,(69)-12-53756,11/17/1979,16:32:05,841
(51)-08-63647,(51)-11-95460,11/17/1979,17:02:57,65
(53)-09-43676,(66)-09-68675,11/17/1979,22:47:10,183
(47)-09-02662,(20)-03-76803,11/18/1979,00:12:35,265
(74)-05-28562,(20)-32-67703,11/18/1979,11:18:26,2059
(71)-00-52699,(46)-07-64422,11/18/1979,12:27:09,190
(50)-04-95936,(47)-20-25974,11/18/1979,13:29:50,1275
(23)-06-31639,(66)-02-80786,11/18/1979,13:55:23,1899
(20)-29-66649,(45)-08-59377,11/18/1979,14:42:36,747
(44)-08-38028,(55)-15-76296,11/19/1979,04:13:51,603
(59)-13-71123,(38)-14-56608,11/19/1979,08:14:10,461
(52)-03-79737,(23)-14-12046,11/19/1979,13:00:38,760
(31)-12-39312,(22)-05-34448,11/19/1979,14:28:45,398
(69)-03-36791,(44)-00-55131,11/19/1979,15:00:07,1850
(38)-04-57914,(27)-08-94101,11/19/1979,16:42:25,1721
(55)-13-11470,(55)-18-57186,11/19/1979,23:33:02,230
(76)-07-26096,(75)-03-54305,11/20/1979,03:42:35,576
(55)-10-13990,(67)-17-69670,11/20/1979,20:55:00,195
(51)-20-97211,(61)-17-56730,11/21/1979,08:02:37,293
(50)-01-72721,(21)-14-85452,11/21/1979,08:03:52,208
(73)-12-82352,(39)-10-49169,11/21/1979,10:23:56,892
(50)-20-37169,(58)-05-91546,11/21/1979,10:54:34,1888
(56)-08-85359,(38)-06-84881,11/21/1979,12:43:39,336
(45)-06-36726,(48)-22-77031,11/21/1979,19:21:32,533
(70)-09-43897,(59)-20-34699,11/22/1979,00:01:27,66
(49)-20-70209,(71)-01-65166,11/22/1979,00:09:03,597
(28)-21-59351,(52)-15-47760,11/22/1979,02:31:40,268
(43)-07-80486,(72)-15-19177,11/22/1979,10:02:59,1621
(48)-21-78248,(58)-11-35795,11/22/1979,11:45:12,47
(32)-03-00951,(33)-20-13101,11/22/1979,16:54:45,202
(47)-01-90725,(37)-07-41619,11/22/1979,18:37:50,44
(26)-09-20204,(57)-16-78047,11/22/1979,18:41:08,547
(45)-16-69537,(61)-10-17964,11/22/1979,20:45:48,576
(40)-10-72850,(36)-25-85095,11/22/1979,21:34:52,175
(23)-16-53823,(21)-26-76616,11/22/1979,23:44:56,699
(32)-15-98488,(20)-18-16647,11/23/1979,13:32:22,746
(68)-07-59363,(54)-01-08608,11/23/1979,13:33:36,454
(51)-22-69534,(60)-03-93345,11/23/1979,15:40:22,5
(23)-04-48990,(33)-02-00124,11/23/1979,20:25:15,116
(33)-05-14596,(32)-00-29795,11/23/1979,20:39:37,245
(45)-15-37897,(55)-03-53316,11/23/1979,23:49:06,205
(62)-08-62275,(67)-11-07315,11/24/1979,11:09:28,108
(45)-11-34126,(67)-09-22540,11/24/1979,16:15:52,419
(36)-02-40514,(44)-08-67694,11/24/1979,20:13:01,71
(67)-01-36657,(24)-15-08064,11/24/1979,23:15:18,280
(50)-02-98340,(61)-14-43448,11/25/1979,15:31:13,885
(61)-03-80581,(45)-24-59791,11/25/1979,20:00:50,144
(42)-15-90230,(26)-13-67323,11/26/1979,01:01:05,106
(27)-21-07658,(78)-13-13890,11/26/1979,08:33:29,264
(44)-21-03409,(23)-22-74965,11/26/1979,11:49:58,122
(46)-05-53548,(39)-21-36883,11/27/1979,02:06:41,716
(25)-06-35188,(66)-03-02294,11/27/1979,10:47:09,453
(36)-12-36916,(48)-15-22791,11/27/1979,23:13:47,124
(73)-10-82724,(63)-04-06844,11/28/1979,13:55:37,2348
(31)-09-89632,(37)-24-36859,11/28/1979,18:35:30,619
(48)-04-02560,(26)-24-13771,11/28/1979,19:03:28,87
(60)-17-57212,(74)-10-06204,11/29/1979,15:57:07,41
(46)-02-78954,(38)-24-27754,11/29/1979,19:17:01,416
(40)-26-39382,(31)-13-63474,11/29/1979,22:25:41,249
(64)-10-67424,(39)-12-14854,11/29/1979,22:59:59,126
(67)-14-63127,(74)-12-83463,11/30/1979,04:59:46,287
(23)-32-96980,(68)-13-27219,11/30/1979,08:11:17,272
(23)-29-74230,(71)-04-66598,11/30/1979,08:30:43,150
(42)-21-38026,(70)-00-07034,11/30/1979,10:09:30,282
(58)-04-17428,(40)-14-41422,11/30/1979,10:12:34,28
(71)-05-63326,(68)-15-01565,11/30/1979,10:43:52,149
(42)-19-00885,(59)-16-72476,11/30/1979,14:48:58,323
(79)-08-18235,(78)-07-14733,11/30/1979,20:24:34,716
(57)-16-85152,(73)-11-37960,11/30/1979,20:35:31,63
(41)-05-65237,(31)-00-42461,12/01/1979,01:12:55,58
(49)-17-51353,(25)-02-14054,12/01/1979,10:25:21,211
(71)-16-17492,(28)-06-54359,12/01/1979,11:33:52,2537
(25)-12-50604,(76)-13-24670,12/01/1979,14:03:39,2456
(36)-10-75782,(58)-18-33332,12/01/1979,19:04:37,296
(30)-22-61972,(74)-08-43274,12/01/1979,19:52:49,304
(46)-18-18145,(52)-01-20554,12/02/1979,17:39:42,1401
(22)-23-46087,(56)-03-62306,12/02/1979,18:16:00,614
(64)-06-28037,(53)-05-99435,12/02/1979,20:29:37,182
(38)-27-08798,(30)-26-08910,12/03/1979,05:54:42,432
(59)-13-84269,(63)-13-89714,12/03/1979,07:50:53,848
(48)-05-65869,(55)-12-15386,12/04/1979,00:07:22,682
(20)-30-87526,(47)-13-93268,12/04/1979,05:22:16,88
(30)-28-30143,(27)-19-23346,12/04/1979,09:45:48,297
(58)-11-24893,(53)-22-06067,12/04/1979,11:01:26,82
(48)-04-25411,(48)-09-33112,12/05/1979,05:09:48,524
(71)-06-15530,(26)-11-06722,12/05/1979,05:20:26,157
(49)-14-46909,(21)-05-06949,12/05/1979,05:44:08,680
(71)-05-54121,(74)-07-20139,12/05/1979,06:31:19,583
(61)-00-65665,(49)-14-08420,12/05/1979,16:48:58,173
(23)-25-67218,(67)-00-09123,12/05/1979,20:34:02,18
(71)-16-05856,(65)-02-50555,12/05/1979,21:35:36,39
(67)-09-00579,(78)-09-67334,12/06/1979,01:59:08,186
(77)-06-68102,(60)-04-28630,12/06/1979,11:55:33,17
(32)-13-69359,(78)-08-26102,12/06/1979,19:58:08,407
(55)-12-75567,(58)-07-27053,12/07/1979,01:07:16,619
(30)-28-24345,(66)-10-02217,12/07/1979,02:30:55,237
(55)-10-66807,(52)-10-61339,12/07/1979,14:24:53,152
(79)-04-44197,(36)-24-38323,12/07/1979,20:44:19,79
(33)-28-74369,(55)-10-48520,12/07/1979,20:50:48,2667
(68)-09-33225,(43)-13-21551,12/08/1979,09:55:49,2576
(38)-21-95481,(53)-08-92895,12/08/1979,17:00:23,247
(32)-18-76641,(63)-18-04508,12/09/1979,04:05:13,780
(61)-15-09691,(26)-30-04493,12/09/1979,09:50:02,128
(33)-13-89946,(34)-06-87710,12/09/1979,09:57:23,18
(45)-05-30708,(25)-23-76201,12/09/1979,09:58:11,3577
(43)-03-62780,(23)-10-55660,12/10/1979,02:15:08,300
(45)-11-97485,(78)-13-10782,12/10/1979,02:59:04,265
(57)-10-42883,(79)-09-01284,12/10/1979,05:02:03,111
(47)-01-54314,(43)-12-68346,12/10/1979,09:49:08,119
(41)-15-62036,(26)-09-55309,12/10/1979,12:53:17,555
(37)-07-01733,(75)-12-83113,12/10/1979,13:00:20,289
(47)-13-25869,(58)-00-71182,12/10/1979,14:24:17,650
(45)-04-68694,(59)-14-95640,12/10/1979,17:13:42,1065
(64)-12-79721,(22)-02-56199,12/11/1979,06:49:41,41
(29)-01-40136,(26)-29-66601,12/11/1979,08:17:47,5211
(41)-10-86617,(42)-11-07121,12/11/1979,10:16:42,142
(24)-05-23105,(25)-03-15964,12/11/1979,12:12:41,78
(71)-16-40937,(27)-01-46165,12/11/1979,12:45:02,535
(34)-12-73577,(29)-19-54909,12/11/1979,19:00:43,182
(64)-16-93062,(23)-31-70790,12/12/1979,07:38:25,38
(47)-20-94859,(34)-09-65044,12/12/1979,19:00:22,95
(67)-15-73847,(23)-07-42933,12/12/1979,19:35:40,1115
(61)-08-08986,(50)-14-27615,12/13/1979,01:42:09,152
(35)-18-97026,(31)-02-81132,12/13/1979,02:18:20,610
(52)-16-69587,(36)-11-14117,12/13/1979,04:29:41,852
(70)-07-67337,(41)-13-55349,12/13/1979,04:49:51,3312
(23)-11-96000,(58)-06-45277,12/13/1979,08:13:32,221
(68)-15-50719,(43)-16-39159,12/13/1979,10:33:27,452
(29)-25-19512,(76)-12-58477,12/13/1979,15:22:56,1120
(76)-12-55705,(74)-03-49630,12/13/1979,15:41:38,2385
(42)-09-17232,(75)-08-88398,12/13/1979,16:30:21,538
(27)-19-82512,(39)-04-05086,12/13/1979,21:31:31,3134
(20)-07-09016,(51)-17-71388,12/13/1979,22:30:49,238
(62)-12-42475,(64)-02-87511,12/14/1979,03:46:16,230
(77)-09-71141,(54)-03-94656,12/14/1979,05:09:20,749
(35)-06-83742,(38)-18-89253,12/14/1979,07:02:38,232
(26)-09-27055,(67)-12-93135,12/14/1979,08:49:13,660
(58)-20-77190,(37)-14-59352,12/14/1979,09:09:00,820
(64)-04-70076,(77)-06-09751,12/14/1979,11:12:17,2134
(62)-17-90369,(61)-19-81216,12/14/1979,15:49:22,306
(52)-03-95796,(78)-07-40343,12/15/1979,04:58:45,298
(53)-01-14539,(37)-00-08273,12/15/1979,08:20:41,665
(75)-06-63993,(34)-16-04536,12/15/1979,09:33:26,5950
(71)-10-20990,(52)-02-08813,12/15/1979,10:40:03,356
(51)-17-19659,(25)-24-25098,12/15/1979,14:26:23,799
(51)-07-51721,(24)-01-86043,12/15/1979,15:42:24,611
(46)-16-38098,(44)-18-67894,12/15/1979,19:12:30,51
(32)-07-05030,(53)-21-83961,12/16/1979,01:40:20,276
(24)-15-02741,(39)-06-10954,12/16/1979,03:41:53,3434
(75)-05-10289,(29)-25-19512,12/16/1979,08:03:07,2034
(55)-19-61336,(52)-03-48816,12/16/1979,10:18:28,37
(67)-09-31983,(69)-12-24678,12/16/1979,17:33:47,690
(29)-07-37023,(57)-05-34379,12/17/1979,00:01:30,708
(69)-13-60203,(38)-07-41540,12/17/1979,06:07:09,215
(29)-15-18779,(77)-03-44556,12/17/1979,10:59:46,625
(79)-11-66498,(57)-10-02710,12/17/1979,16:33:03,113
(34)-28-46564,(55)-19-24043,12/17/1979,23:35:26,826
(45)-06-52429,(73)-10-58127,12/17/1979,23:38:29,27
(31)-06-75110,(31)-09-38742,12/18/1979,03:02:10,112
(44)-00-07861,(47)-19-20523,12/18/1979,06:10:23,592
(57)-02-06446,(57)-17-49841,12/18/1979,06:14:53,153
(72)-03-54937,(39)-04-25307,12/18/1979,20:04:17,756
(67)-01-76250,(67)-17-34233,12/18/1979,22:28:43,638
(68)-02-82650,(37)-02-59842,12/19/1979,00:33:14,450
(55)-06-24264,(62)-09-00586,12/19/1979,06:35:16,763
(61)-04-50999,(57)-14-41052,12/19/1979,10:44:14,1245
(47)-18-01902,(34)-09-72344,12/19/1979,11:28:27,3259
(21)-18-04724,(72)-14-30542,12/19/1979,14:51:53,25
(40)-18-18605,(50)-09-65380,12/19/1979,19:51:07,764
(45)-12-52442,(62)-18-66717,12/20/1979,03:23:36,6769
(29)-15-57503,(49)-17-45797,12/20/1979,04:40:21,1146
(36)-27-00299,(22)-09-41921,12/20/1979,08:28:32,262
(35)-17-54433,(47)-07-52911,12/20/1979,15:17:54,71
(36)-14-36578,(21)-01-88716,12/20/1979,17:02:29,178
(72)-05-20801,(34)-28-57946,12/21/1979,05:23:17,203
(31)-29-34814,(57)-12-08505,12/21/1979,07:01:17,38
(76)-03-02338,(49)-12-23595,12/21/1979,14:21:04,787
(22)-03-58333,(78)-03-77572,12/21/1979,19:16:23,313
(50)-02-36212,(78)-03-77224,12/22/1979,00:40:23,1876
(67)-06-60649,(29)-01-01240,12/22/1979,02:19:24,198
(67)-09-75445,(42)-01-83729,12/22/1979,06:16:33,155
(49)-12-66679,(62)-01-16284,12/22/1979,07:11:22,103
(65)-12-11689,(55)-16-02676,12/22/1979,13:45:04,892
(62)-09-16563,(56)-15-95141,12/23/1979,06:17:14,157
(62)-17-11224,(74)-14-47060,12/23/1979,07:08:40,727
(49)-11-20592,(53)-03-97540,12/24/1979,01:45:17,341
(24)-02-05765,(24)-05-97693,12/24/1979,04:31:37,214
(35)-02-43761,(50)-12-36058,12/24/1979,07:02:34,742
(55)-01-75405,(30)-18-18662,12/24/1979,11:57:36,75
(76)-14-40469,(36)-05-12118,12/24/1979,21:05:23,48
(72)-08-40535,(58)-19-99045,12/24/1979,22:24:14,245
(52)-04-31866,(46)-18-79931,12/25/1979,05:29:41,3573
(24)-18-32299,(71)-09-69136,12/25/1979,10:38:33,646
(65)-05-69201,(41)-18-62932,12/25/1979,11:52:10,574
(22)-16-33848,(48)-16-39611,12/25/1979,12:34:42,679
(20)-11-15085,(62)-00-65670,12/25/1979,13:28:31,790
(66)-03-67179,(68)-09-41564,12/25/1979,18:57:19,629
(68)-01-87330,(63)-07-59437,12/26/1979,05:40:06,413
(66)-04-19959,(27)-09-78023,12/26/1979,08:34:40,278
(48)-01-26147,(29)-02-55743,12/27/1979,03:04:23,666
(62)-11-16674,(42)-02-82737,12/27/1979,05:26:49,18
(66)-05-22723,(50)-08-29245,12/27/1979,09:53:31,678
(57)-13-64745,(76)-02-39031,12/27/1979,15:52:43,1808
(27)-03-75378,(57)-09-52987,12/27/1979,17:43:21,225
(23)-11-74766,(32)-04-79673,12/28/1979,00:25:26,202
(32)-12-70351,(39)-09-75972,12/28/1979,00:46:20,203
(24)-05-91007,(41)-26-80383,12/28/1979,06:07:59,128
(60)-06-07628,(31)-12-97301,12/28/1979,07:24:21,660
(39)-23-50532,(24)-21-14677,12/28/1979,08:02:15,480
(34)-01-88648,(73)-01-31336,12/28/1979,14:48:07,79
(57)-06-78016,(61)-09-99587,12/28/1979,15:05:51,685
(36)-07-67203,(42)-08-95115,12/28/1979,21:50:25,204
(49)-05-45989,(24)-05-01427,12/29/1979,00:37:08,5
(68)-00-54927,(68)-01-21259,12/29/1979,08:44:49,59
(33)-06-95355,(33)-04-53027,12/29/1979,10:56:49,274
(76)-11-67902,(46)-11-89215,12/29/1979,12:34:03,338
(65)-15-73061,(56)-09-29256,12/29/1979,15:49:05,624
(23)-23-24916,(40)-18-07896,12/29/1979,19:07:02,230
(62)-16-77380,(24)-10-00133,12/29/1979,23:34:49,1901
(36)-09-56984,(20)-33-65045,12/30/1979,10:32:13,279
(44)-11-41783,(43)-22-84063,12/30/1979,12:49:21,159
(68)-07-49988,(43)-08-48222,12/30/1979,13:22:34,512
(70)-03-54008,(51)-08-32141,12/31/1979,02:49:13,249
(21)-22-82558,(46)-23-13423,12/31/1979,09:12:32,3313
(65)-11-85717,(58)-14-65862,12/31/1979,09:38:46,1854
(57)-03-37190,(33)-25-07821,12/31/1979,10:03:28,210
(37)-27-04505,(75)-08-69796,12/31/1979,11:57:58,886
(42)-22-71848,(61)-11-60494,12/31/1979,13:13:46,176
(40)-16-85482,(25)-20-42156,12/31/1979,19:48:12,219
(46)-04-44126,(72)-11-18448,01/01/1980,02:07:53,78
(56)-09-15377,(41)-18-41947,01/01/1980,08:36:12,174
(23)-27-33069,(66)-11-66404,01/01/1980,11:30:13,955
(39)-05-18045,(50)-10-52306,01/01/1980,15:17:20,162
(57)-20-01049,(66)-16-91481,01/01/1980,20:06:52,263
(33)-10-42141,(48)-21-31455,01/02/1980,03:33:43,524
(76)-08-83129,(71)-10-11353,01/02/1980,04:01:59,291
(61)-12-72534,(54)-13-05195,01/02/1980,06:04:46,113
(42)-21-37634,(44)-09-69898,01/02/1980,19:12:11,280
(30)-04-90287,(46)-18-29983,01/03/1980,03:03:16,87
(44)-08-20285,(73)-03-08013,01/03/1980,08:39:07,99
(77)-00-17384,(38)-21-55708,01/03/1980,09:32:48,245
(34)-00-57555,(75)-11-16396,01/03/1980,10:52:53,46
(29)-26-78619,(60)-00-47713,01/03/1980,14:04:17,808
(35)-04-44537,(25)-31-01157,01/04/1980,00:48:00,56
(42)-20-09759,(25)-03-94552,01/04/1980,01:12:46,51
(67)-12-73393,(45)-01-96865,01/04/1980,09:12:20,2394
(72)-02-89731,(39)-01-88068,01/05/1980,04:31:40,3033
(37)-19-54392,(78)-03-47759,01/05/1980,20:22:42,255
(29)-15-57082,(36)-00-79863,01/05/1980,21:56:06,6523
(42)-19-06054,(23)-07-03430,01/06/1980,14:43:57,208
(50)-22-12533,(26)-04-75311,01/06/1980,17:38:41,137
(69)-14-95389,(20)-05-36978,01/06/1980,19:00:27,2415
(48)-00-90848,(59)-13-64355,01/06/1980,19:52:10,228
(70)-11-40911,(77)-09-33225,01/06/1980,19:53:41,108
(37)-20-39144,(36)-02-95255,01/07/1980,00:00:04,2689
(69)-07-25315,(41)-10-23638,01/07/1980,05:29:11,103
(65)-01-09724,(59)-08-13735,01/07/1980,09:13:33,151
(26)-29-21992,(47)-14-37551,01/07/1980,11:12:51,1902
(44)-07-71194,(63)-05-68512,01/07/1980,14:59:59,169
(39)-00-22535,(42)-23-60991,01/07/1980,17:30:45,312
(76)-14-24580,(24)-03-50402,01/07/1980,22:42:56,11
(72)-13-20617,(42)-11-05599,01/08/1980,02:35:15,152
(32)-02-67544,(61)-15-25380,01/08/1980,05:22:24,484
(48)-22-91267,(57)-00-10392,01/08/1980,11:18:52,361
(35)-26-82836,(21)-18-12084,01/08/1980,15:09:42,263
(45)-16-54289,(79)-09-16639,01/08/1980,16:52:02,3239
(48)-07-70750,(76)-03-78629,01/08/1980,19:48:07,2677
(49)-15-15025,(65)-08-03505,01/08/1980,20:18:38,2504
(51)-10-65730,(28)-19-90036,01/08/1980,23:22:14,2262
(79)-06-98878,(25)-08-07287,01/08/1980,23:31:14,164
(73)-11-16996,(28)-01-76287,01/09/1980,02:28:04,89
(21)-23-70725,(36)-14-41783,01/09/1980,09:46:55,1976
(55)-13-88942,(69)-09-37900,01/09/1980,11:33:39,77
(27)-00-02784,(29)-07-88928,01/09/1980,17:50:30,119
(57)-01-86551,(47)-13-13653,01/10/1980,05:06:32,156
(74)-07-15611,(32)-06-65336,01/10/1980,13:14:55,122
(74)-14-49365,(38)-19-53094,01/10/1980,16:47:41,144
(68)-07-18332,(56)-05-96895,01/10/1980,19:44:55,116
(75)-11-56033,(36)-27-46216,01/10/1980,22:30:05,428
(49)-06-51586,(73)-02-69884,01/11/1980,08:54:18,104
(29)-04-99490,(23)-08-31733,01/11/1980,09:16:06,225
(67)-16-87472,(20)-16-05028,01/11/1980,09:59:59,274
(56)-11-70358,(34)-01-49326,01/11/1980,10:22:45,3902
(69)-14-49997,(79)-05-85073,01/11/1980,12:24:14,164
(41)-26-80267,(50)-21-25081,01/11/1980,13:22:04,1389
(67)-13-83156,(75)-04-77127,01/12/1980,00:04:45,832
(50)-01-90325,(20)-01-06918,01/12/1980,00:06:39,801
(58)-02-20530,(24)-30-45862,01/12/1980,00:36:05,183
(60)-13-54160,(37)-24-77889,01/12/1980,00:52:23,27
(59)-17-08680,(60)-12-49394,01/12/1980,05:40:20,2141
(70)-06-66094,(65)-07-75737,01/12/1980,05:46:39,13
(55)-06-51309,(67)-11-22752,01/12/1980,15:45:17,249
(32)-09-00456,(79)-11-86529,01/13/1980,02:25:14,58
(47)-03-69657,(56)-07-68526,01/13/1980,02:38:38,89
(70)-16-91742,(44)-15-16545,01/13/1980,10:49:44,26
(40)-16-51366,(23)-15-36189,01/13/1980,10:57:26,279
(49)-08-72100,(33)-15-04200,01/13/1980,13:44:05,652
(52)-04-52651,(35)-04-52211,01/13/1980,20:38:42,230
(45)-05-01093,(22)-07-57218,01/13/1980,20:52:04,338
(36)-19-79391,(32)-21-70162,01/13/1980,22:15:23,393
(26)-18-25208,(48)-11-64199,01/14/1980,00:35:09,25
(61)-14-27729,(20)-11-11638,01/14/1980,06:24:50,72
(74)-12-79790,(76)-02-03881,01/14/1980,08:14:42,299
(41)-15-78734,(35)-02-08825,01/14/1980,15:31:00,277
(77)-03-13797,(67)-01-92669,01/14/1980,16:29:28,198
(46)-03-47980,(64)-04-73480,01/15/1980,02:14:40,498
(74)-10-23733,(62)-12-51304,01/15/1980,03:04:27,3282
(52)-17-13020,(36)-17-96005,01/15/1980,05:44:47,162
(28)-03-57513,(57)-07-39343,01/15/1980,07:59:45,378
(48)-16-41279,(67)-05-84334,01/15/1980,10:16:15,1364
(43)-01-83872,(21)-05-74836,01/15/1980,20:16:43,71
(62)-05-28440,(42)-13-15445,01/15/1980,22:15:01,278
(34)-28-43917,(71)-07-52028,01/15/1980,23:18:47,786
(69)-06-30862,(68)-02-63570,01/15/1980,23:31:10,433
(44)-11-41783,(42)-05-83180,01/16/1980,00:00:56,1978
(25)-15-96989,(28)-17-50527,01/16/1980,08:18:57,78
(72)-01-11845,(68)-12-90081,01/16/1980,08:51:37,251
(22)-02-84338,(53)-07-54299,01/16/1980,10:07:56,87
(52)-14-43047,(21)-08-84814,01/16/1980,13:42:45,720
(53)-14-94816,(31)-20-04288,01/16/1980,19:02:55,154
(50)-23-77721,(45)-21-04116,01/16/1980,20:36:51,128
(46)-24-23870,(36)-18-77955,01/16/1980,22:23:59,480
(50)-21-74567,(25)-06-38869,01/16/1980,23:36:41,93
(23)-03-80315,(66)-06-68708,01/17/1980,01:56:30,846
(27)-22-71350,(78)-03-56725,01/17/1980,04:32:26,266
(29)-23-80864,(79)-04-18337,01/17/1980,06:14:39,245
(48)-23-55339,(52)-05-57999,01/17/1980,07:39:04,3332
(73)-10-73697,(78)-08-62906,01/17/1980,13:18:27,114
(48)-01-88542,(54)-19-54264,01/17/1980,23:06:43,256
(71)-09-30738,(45)-00-45162,01/18/1980,10:27:33,807
(24)-12-13060,(53)-09-92329,01/18/1980,14:17:39,591
(37)-11-86228,(74)-05-58930,01/18/1980,19:32:00,215
(48)-19-70188,(33)-21-36663,01/18/1980,23:11:06,219
(55)-12-11257,(60)-01-61223,01/19/1980,05:52:15,275
(62)-17-76904,(78)-13-05623,01/19/1980,09:56:06,494
(44)-19-49630,(20)-18-70120,01/19/1980,18:22:34,272
(35)-18-62425,(56)-20-53949,01/19/1980,22:26:05,260
(39)-24-60794,(21)-09-56847,01/20/1980,01:02:31,148
(69)-01-49285,(25)-20-39597,01/20/1980,04:18:24,186
(52)-22-42527,(67)-15-34134,01/20/1980,10:24:04,235
(77)-12-26466,(76)-01-71206,01/20/1980,14:51:14,156
(53)-21-88764,(63)-04-05071,01/20/1980,23:51:16,237
(30)-09-38828,(37)-06-02457,01/21/1980,04:39:15,6331
(67)-13-82741,(37)-26-01718,01/21/1980,06:22:56,256
(66)-15-74247,(79)-10-64973,01/21/1980,07:03:59,36
(36)-15-82079,(66)-02-92289,01/21/1980,12:35:32,271
(42)-16-11098,(29)-00-80860,01/22/1980,02:29:51,643
(52)-00-01669,(57)-05-62142,01/22/1980,03:05:28,889
(54)-16-17776,(70)-15-34418,01/22/1980,08:24:52,283
(38)-07-24309,(66)-12-67647,01/22/1980,10:02:44,286
(65)-11-43709,(73)-00-97756,01/22/1980,16:29:38,128
(28)-09-88571,(29)-24-71688,01/22/1980,21:39:04,370
(67)-05-72095,(69)-01-97361,01/23/1980,05:30:27,1100
(64)-04-19348,(62)-00-36083,01/23/1980,06:41:46,97
(40)-11-18079,(24)-01-06423,01/23/1980,09:46:46,282
(76)-10-64405,(46)-13-75744,01/23/1980,12:47:30,44
(22)-02-98128,(68)-07-95614,01/23/1980,16:29:34,1010
(76)-06-87148,(62)-06-14328,01/24/1980,00:20:32,3255
(58)-12-16368,(42)-04-32957,01/24/1980,00:44:45,280
(69)-14-27050,(61)-07-33805,01/24/1980,02:03:55,656
(21)-29-78459,(54)-11-16733,01/24/1980,07:06:40,437
(45)-16-64768,(67)-13-91561,01/24/1980,10:55:42,231
(20)-02-18822,(69)-06-41980,01/24/1980,11:03:44,501
(34)-08-30271,(54)-15-53167,01/24/1980,13:20:51,693
(62)-13-59401,(58)-07-97494,01/24/1980,13:29:23,853
(24)-06-65773,(47)-14-85253,01/24/1980,18:36:25,213
(64)-12-30198,(60)-02-55043,01/24/1980,21:40:31,9
(29)-27-94698,(22)-16-80274,01/25/1980,11:47:19,562
(28)-12-43522,(30)-12-01928,01/25/1980,13:06:32,1917
(78)-12-05383,(63)-09-09008,01/25/1980,15:36:30,807
(36)-19-08111,(66)-05-56391,01/25/1980,16:20:07,346
(42)-21-29223,(43)-24-21630,01/25/1980,22:59:19,167
(72)-09-16852,(35)-08-69519,01/25/1980,23:26:58,3094
(67)-03-05392,(55)-05-09097,01/26/1980,03:31:19,28
(70)-05-11586,(51)-08-64768,01/27/1980,01:21:44,807
(67)-17-24196,(58)-16-22732,01/27/1980,03:02:41,2427
(42)-13-33931,(38)-27-94206,01/27/1980,06:29:32,701
(55)-12-57721,(75)-11-42384,01/27/1980,09:07:36,2176
(21)-15-55643,(48)-16-15764,01/27/1980,11:26:21,149
(71)-02-07830,(62)-10-23568,01/27/1980,13:36:03,182
(31)-19-38297,(29)-14-97243,01/27/1980,16:01:19,671
(38)-15-03867,(50)-15-56428,01/27/1980,17:59:14,31
(47)-17-15242,(26)-27-42162,01/28/1980,02:37:24,160
(62)-01-90271,(23)-25-99599,01/28/1980,05:37:46,153
(59)-05-31434,(34)-16-34574,01/28/1980,09:22:18,279
(30)-18-56815,(37)-04-30503,01/28/1980,17:12:24,4347
(37)-01-72140,(41)-26-59113,01/28/1980,20:26:08,142
(55)-13-51204,(34)-06-11871,01/28/1980,20:37:50,3232
(61)-02-25047,(47)-02-48317,01/28/1980,22:19:56,106
(37)-12-40672,(33)-19-99813,01/29/1980,08:23:26,133
(68)-03-11688,(47)-12-67194,01/29/1980,15:04:37,3275
(46)-20-74407,(22)-19-05430,01/29/1980,15:59:53,672
(75)-00-97027,(67)-09-40310,01/29/1980,19:57:59,2566
(37)-11-61846,(46)-13-18456,01/30/1980,02:02:09,3138
(42)-05-41260,(67)-12-28755,01/30/1980,03:50:10,1886
(66)-17-45136,(54)-09-62589,01/30/1980,06:30:44,142
(74)-11-57409,(73)-14-65585,01/30/1980,22:23:36,192
(32)-14-97836,(35)-06-67487,01/30/1980,23:00:36,1622
(46)-05-90238,(26)-26-14965,01/30/1980,23:18:02,3176
(73)-15-01579,(52)-09-02846,01/31/1980,01:04:54,301
(75)-00-02558,(40)-24-75007,01/31/1980,01:18:55,253
(60)-00-23537,(72)-02-99259,01/31/1980,16:17:46,2333
(68)-07-78777,(23)-25-99599,01/31/1980,16:49:24,86
(29)-25-98862,(79)-02-17454,01/31/1980,19:42:19,248
(61)-07-53208,(28)-22-98934,01/31/1980,20:07:33,9
(50)-08-00655,(32)-12-49299,02/01/1980,02:12:32,762
(56)-10-98762,(43)-25-86552,02/01/1980,05:56:57,235
(32)-19-86989,(37)-22-34413,02/01/1980,09:48:02,613
(65)-01-86635,(76)-14-61054,02/01/1980,16:30:58,53
(29)-10-59123,(51)-19-55032,02/01/1980,18:32:52,1469
(59)-06-33189,(44)-19-81872,02/01/1980,19:43:32,338
(34)-12-44673,(65)-06-53476,02/01/1980,21:05:43,601
(22)-28-64586,(25)-08-70928,02/02/1980,04:01:38,245
(33)-15-44811,(55)-17-86264,02/02/1980,06:37:25,593
(75)-14-99228,(32)-22-48964,02/02/1980,07:47:10,56
(31)-13-75758,(23)-03-02597,02/02/1980,09:06:23,118
(25)-25-89518,(61)-14-66977,02/02/1980,12:05:15,3013
(48)-07-28407,(34)-26-24795,02/02/1980,15:25:34,45
(58)-20-17923,(34)-08-90410,02/02/1980,16:56:50,184
(72)-13-19188,(24)-09-97439,02/02/1980,19:56:35,108
(41)-18-61337,(62)-06-71730,02/02/1980,20:05:43,2482
(41)-04-37667,(28)-21-77745,02/02/1980,20:27:52,86
(54)-04-28097,(69)-00-87383,02/03/1980,00:33:29,2370
(57)-16-18702,(30)-02-52120,02/03/1980,02:10:48,443
(58)-06-57615,(32)-01-21479,02/03/1980,19:56:27,15
(55)-05-08626,(31)-13-26948,02/03/1980,20:26:30,1668
(49)-20-57798,(44)-19-57799,02/04/1980,02:23:53,15
(21)-00-65029,(42)-25-50836,02/04/1980,06:05:30,102
(67)-16-52078,(71)-13-74976,02/04/1980,07:31:33,1239
(53)-21-78539,(69)-13-30480,02/04/1980,08:38:30,253
(68)-17-61238,(45)-08-10852,02/04/1980,09:59:05,677
(37)-27-68759,(43)-04-77363,02/04/1980,17:17:10,1637
(44)-07-62349,(35)-15-65203,02/04/1980,19:09:45,182
(70)-06-76854,(47)-06-43802,02/04/1980,21:03:23,83
(22)-10-44561,(52)-11-67690,02/04/1980,21:42:53,8
(61)-08-97894,(67)-02-61755,02/04/1980,21:56:18,784
(64)-09-80808,(23)-29-31032,02/05/1980,15:07:31,133
(22)-06-83173,(38)-12-85443,02/05/1980,16:08:15,84
(78)-10-68751,(32)-16-87516,02/05/1980,16:29:43,397
(69)-02-54196,(25)-31-91202,02/05/1980,20:37:24,70
(45)-00-42926,(76)-07-23976,02/06/1980,08:12:26,152
(30)-26-82840,(26)-25-75897,02/06/1980,16:26:13,735
(25)-14-01346,(73)-09-81324,02/07/1980,04:04:17,597
(50)-03-82467,(31)-04-95638,02/07/1980,08:34:06,704
(29)-06-10347,(74)-01-06253,02/07/1980,10:12:12,3100
(65)-10-04924,(55)-00-87462,02/07/1980,14:18:08,876
(58)-20-85409,(63)-10-14309,02/07/1980,15:47:49,741
(36)-04-05636,(57)-01-29719,02/07/1980,18:19:44,1819
(79)-00-59117,(37)-04-30503,02/07/1980,19:08:53,122
(26)-07-64752,(52)-09-49728,02/07/1980,21:55:41,511
(50)-01-97918,(35)-04-24321,02/08/1980,04:58:04,69
(21)-14-85452,(71)-01-28870,02/08/1980,05:06:04,200
(42)-12-37884,(44)-23-36557,02/08/1980,09:04:48,1279
(44)-14-36457,(79)-04-90123,02/08/1980,10:42:20,270
(69)-14-67508,(75)-00-87603,02/08/1980,15:29:41,2273
(38)-11-51402,(27)-20-84856,02/08/1980,20:12:15,182
(26)-28-62748,(59)-17-35001,02/09/1980,04:05:28,755
(51)-00-04163,(70)-04-98708,02/09/1980,08:17:44,124
(42)-18-89086,(72)-04-83525,02/09/1980,09:35:13,192
(21)-04-21214,(39)-21-05924,02/09/1980,09:52:29,510
(58)-08-63249,(42)-15-63999,02/09/1980,13:13:03,137
(75)-12-76147,(61)-14-36455,02/09/1980,14:16:35,71
(41)-02-55252,(53)-19-64413,02/10/1980,06:11:49,116
(44)-23-77009,(77)-05-02380,02/10/1980,06:15:32,655
(58)-10-70051,(56)-19-62193,02/10/1980,10:06:14,252
(40)-25-80118,(65)-04-32698,02/10/1980,11:02:01,564
(61)-08-35575,(29)-24-71688,02/10/1980,16:07:19,53
(67)-12-33316,(34)-16-26387,02/10/1980,20:19:01,257
(34)-21-34223,(24)-31-39619,02/10/1980,21:50:10,570
(72)-02-98936,(22)-07-57218,02/11/1980,01:16:54,10
(47)-05-19941,(43)-17-93130,02/11/1980,04:02:56,50
(69)-01-80583,(73)-12-15820,02/11/1980,05:32:58,198
(56)-05-05492,(69)-03-51476,02/11/1980,11:24:43,372
(21)-06-65069,(46)-02-46468,02/11/1980,11:55:13,16
(38)-15-64624,(21)-10-13879,02/11/1980,12:06:14,504
(63)-10-06577,(34)-00-88265,02/11/1980,12:51:47,229
(65)-08-91908,(50)-02-38944,02/11/1980,21:08:08,3377
(37)-13-39291,(52)-01-98556,02/12/1980,02:30:20,1188
(52)-01-19057,(76)-02-69242,02/12/1980,14:00:16,889
(38)-14-59404,(41)-08-88738,02/12/1980,19:26:49,2754
(78)-06-34782,(73)-05-58986,02/12/1980,21:48:25,113
(21)-11-40407,(28)-00-86332,02/13/1980,03:49:26,138
(52)-11-26494,(51)-01-12655,02/13/1980,05:24:35,383
(50)-09-70142,(64)-10-97305,02/13/1980,07:35:31,514
(62)-07-01024,(33)-28-81498,02/13/1980,13:17:42,123
(65)-02-11002,(79)-10-97921,02/13/1980,14:42:12,258
(22)-15-41543,(71)-12-84290,02/13/1980,23:04:17,227
(61)-02-02738,(56)-04-77541,02/14/1980,00:47:52,590
(75)-02-70904,(25)-24-95534,02/14/1980,04:19:24,150
(77)-13-41934,(51)-07-15509,02/14/1980,16:47:03,5082
(42)-15-17160,(68)-11-07675,02/14/1980,19:28:29,2203
(76)-00-55479,(77)-07-82260,02/15/1980,02:03:48,100
(71)-07-19527,(45)-09-55972,02/15/1980,02:42:14,54
(34)-17-01149,(29)-13-40501,02/15/1980,04:02:04,70
(51)-01-61480,(74)-01-04530,02/15/1980,04:04:33,175
(65)-05-43296,(30)-17-86364,02/15/1980,14:49:43,1344
(73)-10-63064,(79)-11-85277,02/15/1980,14:54:41,160
(26)-24-53098,(31)-03-94624,02/15/1980,17:36:29,178
(52)-21-40388,(37)-25-89800,02/16/1980,01:16:42,164
(48)-00-22348,(25)-03-17688,02/16/1980,05:08:37,362
(30)-17-48428,(43)-01-44208,02/16/1980,06:01:47,71
(26)-16-04417,(23)-05-50294,02/16/1980,15:22:56,515
(60)-03-22900,(25)-18-69045,02/16/1980,19:56:01,61
(72)-01-35089,(48)-08-78745,02/17/1980,10:54:13,817
(54)-13-28815,(25)-13-73473,02/17/1980,13:24:57,2187
(47)-08-31471,(57)-20-93799,02/17/1980,15:07:06,467
(55)-11-32425,(76)-11-31001,02/17/1980,15:36:56,308
(78)-02-64276,(68)-06-58840,02/17/1980,20:28:34,722
(53)-11-77878,(49)-01-78290,02/18/1980,05:29:43,63
(58)-10-91956,(72)-05-09262,02/18/1980,14:10:35,185
(37)-12-28661,(43)-12-52153,02/18/1980,18:36:28,359
(20)-22-84358,(47)-04-61455,02/18/1980,23:34:09,709
(76)-05-04422,(62)-08-48777,02/18/1980,23:58:55,840
(24)-21-33824,(51)-03-67564,02/19/1980,00:18:59,621
(51)-09-91469,(71)-04-68303,02/19/1980,04:14:10,258
(53)-01-73556,(57)-00-11721,02/19/1980,05:19:07,528
(34)-21-83713,(39)-12-84530,02/19/1980,05:51:18,219
(60)-15-97783,(26)-20-54355,02/19/1980,17:36:52,517
(59)-07-83367,(31)-28-01953,02/19/1980,23:12:20,774
(74)-03-88062,(44)-08-89666,02/20/1980,00:15:55,690
(78)-00-55744,(22)-08-84289,02/20/1980,04:17:28,1678
(31)-22-94148,(32)-19-55609,02/20/1980,04:41:16,14
(78)-04-24233,(33)-07-01711,02/20/1980,04:59:00,621
(42)-03-18121,(45)-21-70554,02/20/1980,05:21:05,869
(79)-06-43451,(51)-09-26033,02/20/1980,06:37:37,3081
(30)-09-09913,(47)-12-33658,02/20/1980,17:37:10,1401
(43)-12-34911,(58)-11-39661,02/20/1980,23:02:08,1540
(64)-09-59311,(78)-08-82421,02/21/1980,01:55:23,800
(55)-08-39585,(36)-07-48329,02/21/1980,06:12:42,297
(64)-18-25458,(63)-07-69204,02/21/1980,06:51:59,214
(60)-09-32829,(54)-21-96573,02/21/1980,08:12:00,735
(23)-17-06874,(21)-15-15028,02/21/1980,19:55:16,119
(72)-12-89624,(28)-19-11682,02/21/1980,20:29:13,1462
(34)-27-02879,(45)-03-63694,02/21/1980,20:56:35,208
(21)-07-01463,(40)-00-66813,02/21/1980,21:44:00,372
(71)-01-36007,(21)-25-76450,02/21/1980,22:23:53,14
(53)-00-10037,(27)-21-15510,02/21/1980,22:52:09,685
(28)-18-63943,(20)-27-56191,02/22/1980,00:31:46,20
(70)-07-59187,(59)-09-00514,02/22/1980,01:12:58,205
(26)-27-26458,(66)-00-93837,02/22/1980,04:24:06,263
(70)-10-41397,(27)-04-10107,02/22/1980,05:55:24,27
(49)-17-98607,(62)-12-73944,02/22/1980,14:59:44,299
(23)-20-35020,(36)-15-38418,02/22/1980,22:02:30,229
(30)-28-37419,(65)-14-15367,02/22/1980,22:24:35,660
(38)-15-87273,(42)-13-15429,02/23/1980,06:12:16,246
(36)-21-87880,(57)-11-35276,02/23/1980,09:09:35,434
(28)-11-62342,(73)-06-79195,02/23/1980,09:32:57,1799
(33)-19-03633,(27)-02-71526,02/23/1980,13:18:22,371
(22)-25-06740,(78)-09-35216,02/23/1980,13:21:35,2310
(30)-15-22055,(70)-09-16701,02/23/1980,16:00:37,3520
(47)-20-21303,(30)-00-31465,02/23/1980,17:14:45,850
(41)-03-11730,(31)-15-43102,02/23/1980,18:25:20,268
(63)-10-07244,(75)-06-89771,02/24/1980,04:28:02,5421
(25)-08-53053,(78)-02-03106,02/24/1980,04:44:16,183
(63)-17-81351,(61)-14-89524,02/24/1980,06:41:28,2599
(72)-04-83525,(40)-23-38150,02/24/1980,08:31:05,949
(40)-02-19928,(69)-00-08349,02/24/1980,12:10:51,227
(55)-19-32414,(30)-09-84143,02/24/1980,13:01:15,278
(79)-09-98404,(49)-20-84748,02/24/1980,22:02:31,157
(58)-01-85976,(65)-02-69284,02/25/1980,06:28:59,709
(77)-02-40081,(46)-18-97304,02/25/1980,08:07:05,3390
(34)-06-65518,(61)-16-92686,02/25/1980,08:14:52,135
(50)-05-86503,(41)-24-59295,02/25/1980,10:39:42,254
(59)-17-74002,(41)-17-63072,02/25/1980,14:06:04,264
(46)-07-82091,(45)-08-66775,02/25/1980,20:10:30,169
(24)-04-99118,(21)-22-27210,02/25/1980,20:46:55,623
(28)-28-90913,(43)-21-56546,02/26/1980,03:00:07,10
(67)-03-17951,(44)-14-69090,02/26/1980,08:48:06,59
(57)-13-22769,(26)-28-38733,02/26/1980,08:51:08,132
(54)-15-57122,(71)-15-54696,02/26/1980,15:49:08,773
(51)-14-21284,(61)-19-79224,02/26/1980,21:20:28,48
(72)-01-27470,(53)-19-06369,02/26/1980,22:25:09,130
(79)-01-82572,(53)-20-76654,02/27/1980,05:21:02,63
(21)-26-99741,(45)-10-39186,02/27/1980,09:30:51,475
(59)-11-33403,(44)-03-71348,02/28/1980,10:17:43,6759
(41)-13-32326,(57)-16-88195,02/28/1980,12:55:32,107
(36)-15-14546,(26)-11-19116,02/28/1980,15:23:56,18
(38)-08-89643,(62)-05-96622,02/28/1980,21:15:02,3553
(30)-28-42494,(56)-05-07971,02/29/1980,06:33:59,694
(65)-11-62270,(38)-01-32753,02/29/1980,12:33:36,3372
(76)-02-42093,(46)-15-41614,02/29/1980,12:40:21,406
(78)-11-86086,(38)-18-48520,02/29/1980,13:46:05,32
(41)-26-42601,(73)-00-92578,02/29/1980,13:54:00,351
(20)-10-15264,(22)-00-98798,02/29/1980,19:57:45,46
(47)-20-20741,(56)-05-86640,02/29/1980,21:03:14,96
(50)-04-60485,(28)-11-16836,02/29/1980,21:38:47,141
(48)-15-14967,(58)-20-70867,03/01/1980,01:51:22,57
(78)-09-81055,(29)-07-23963,03/01/1980,06:19:06,698
(77)-14-47351,(21)-06-06059,03/01/1980,13:49:21,2774
(77)-12-14628,(33)-15-11323,03/02/1980,01:37:16,186
(50)-15-70489,(59)-18-48272,03/02/1980,01:51:21,297
(32)-29-43574,(30)-09-60612,03/02/1980,08:56:07,41
(57)-18-09575,(63)-06-11032,03/02/1980,13:38:39,152
(71)-04-76311,(22)-07-38531,03/02/1980,14:03:47,153
(52)-10-90464,(56)-07-81612,03/02/1980,15:58:37,211
(49)-21-63037,(65)-13-90550,03/02/1980,23:18:27,602
(62)-08-80194,(67)-12-37826,03/03/1980,08:36:15,150
(37)-21-11437,(58)-04-47316,03/03/1980,09:21:23,5971
(36)-01-90255,(35)-16-21994,03/03/1980,13:50:48,3051
(78)-03-92201,(60)-02-23964,03/03/1980,14:25:53,179
(72)-11-43146,(29)-01-11114,03/03/1980,22:18:29,179
(56)-03-89726,(46)-17-58832,03/03/1980,23:11:44,272
(73)-08-82648,(73)-00-17710,03/04/1980,00:17:15,1946
(34)-19-15635,(35)-02-48044,03/04/1980,03:35:54,506
(25)-18-24850,(65)-10-56847,03/04/1980,06:14:20,35
(73)-05-79228,(45)-07-41876,03/04/1980,06:23:14,263
(63)-09-90286,(56)-12-96904,03/04/1980,09:33:08,495
(43)-12-58687,(46)-10-61615,03/04/1980,14:13:41,5188
(79)-08-45154,(39)-12-92604,03/04/1980,14:52:42,271
(46)-20-08178,(20)-20-46983,03/04/1980,22:18:09,117
(25)-09-19923,(28)-03-17804,03/04/1980,23:12:29,219
(21)-20-20955,(77)-04-53866,03/04/1980,23:36:30,75
(66)-05-88983,(69)-05-25042,03/05/1980,02:07:07,7140
(65)-02-45716,(43)-14-13236,03/05/1980,12:35:12,3145
(79)-11-58040,(21)-32-56475,03/05/1980,23:57:44,122
(65)-17-26352,(60)-16-72211,03/06/1980,04:49:01,2861
(50)-01-78025,(52)-20-43269,03/06/1980,09:35:17,872
(34)-22-86452,(28)-18-29627,03/06/1980,17:21:03,32
(60)-16-81393,(28)-20-06042,03/06/1980,19:54:18,3041
(69)-12-65102,(38)-02-83695,03/06/1980,23:32:35,27
(23)-31-77296,(70)-14-71612,03/06/1980,23:38:20,3337
(33)-05-67846,(70)-12-11928,03/07/1980,00:53:04,248
(63)-05-75238,(46)-15-04623,03/08/1980,04:47:47,299
(63)-16-89199,(64)-00-10436,03/08/1980,11:16:02,205
(30)-29-37248,(78)-11-33616,03/08/1980,14:23:29,990
(38)-25-23712,(70)-11-71056,03/09/1980,06:36:08,3391
(43)-03-54032,(67)-11-68656,03/09/1980,11:33:57,30
(33)-12-78060,(71)-12-27798,03/09/1980,13:25:47,193
(25)-30-55702,(67)-08-23893,03/09/1980,17:39:22,179
(25)-19-62368,(54)-08-95079,03/09/1980,22:05:31,634
(45)-19-49672,(72)-04-59379,03/10/1980,09:49:24,1357
(36)-21-53304,(55)-15-02383,03/10/1980,16:53:37,138
(68)-16-03989,(61)-19-33145,03/10/1980,17:12:45,1578
(56)-02-14968,(55)-08-75574,03/11/1980,04:04:15,223
(26)-00-70786,(75)-05-60221,03/11/1980,06:49:52,672
(26)-02-15630,(69)-12-68882,03/11/1980,09:33:28,512
(29)-24-15024,(23)-10-40068,03/11/1980,10:33:35,6585
(47)-15-68009,(44)-06-65974,03/11/1980,16:32:19,67
(43)-14-35778,(51)-07-61764,03/11/1980,16:36:54,149
(22)-19-43682,(61)-02-30715,03/11/1980,19:33:45,724
(40)-03-15384,(46)-13-58005,03/11/1980,20:39:13,679
(72)-05-52506,(40)-10-03884,03/12/1980,07:23:33,2851
(42)-10-22851,(67)-04-54065,03/12/1980,07:48:43,142
(25)-27-64281,(26)-18-24819,03/12/1980,19:54:53,2179
(57)-08-67397,(59)-16-35306,03/12/1980,20:36:54,144
(48)-08-49567,(52)-08-53943,03/12/1980,23:49:41,117
(51)-21-12252,(24)-02-83217,03/13/1980,01:00:49,267
(71)-10-22141,(70)-15-68712,03/13/1980,02:34:26,1737
(25)-18-42629,(59)-07-84297,03/13/1980,07:21:14,774
(66)-06-14840,(48)-09-13633,03/13/1980,10:20:32,220
(70)-06-22714,(56)-11-38574,03/13/1980,10:31:43,1416
(52)-21-70161,(34)-19-98174,03/13/1980,11:46:00,11
(42)-12-61026,(60)-17-71984,03/13/1980,17:31:41,211
(53)-06-78874,(49)-21-74548,03/13/1980,21:50:42,256
(27)-04-14854,(54)-02-45306,03/14/1980,06:29:19,1774
(29)-07-71843,(64)-05-81846,03/14/1980,18:18:23,71
(43)-07-63839,(46)-11-64440,03/15/1980,02:11:03,6020
(56)-05-81381,(38)-15-86803,03/15/1980,11:26:18,564
(35)-25-81048,(33)-14-27025,03/15/1980,21:06:31,160
(76)-09-58603,(29)-24-74125,03/16/1980,03:09:49,222
(44)-08-36988,(46)-15-29165,03/16/1980,09:12:09,591
(78)-09-13518,(68)-13-27247,03/16/1980,12:25:03,534
(76)-08-23858,(37)-25-66005,03/16/1980,15:11:02,175
(27)-09-12203,(35)-22-55138,03/16/1980,15:32:51,3144
(37)-23-33253,(24)-16-47454,03/16/1980,22:27:01,1768
(28)-17-09923,(79)-07-42674,03/17/1980,05:16:00,546
(58)-08-09331,(25)-09-18436,03/17/1980,18:04:01,241
(39)-06-08696,(37)-09-37001,03/17/1980,18:45:57,872
(26)-00-80140,(76)-13-90508,03/17/1980,23:10:43,5351
(55)-20-65568,(41)-18-64067,03/18/1980,03:27:18,143
(37)-08-75820,(52)-07-62074,03/18/1980,11:24:45,289
(32)-21-14316,(66)-07-07348,03/18/1980,23:26:56,1992
(23)-20-67717,(31)-25-83789,03/18/1980,23:49:44,659
(66)-02-41816,(64)-17-12235,03/19/1980,00:24:05,1902
(28)-16-51619,(69)-13-39137,03/19/1980,05:13:37,26
(52)-08-18799,(77)-04-14546,03/19/1980,07:34:22,113
(49)-11-80358,(34)-03-46636,03/19/1980,14:56:39,1739
(44)-17-45739,(73)-10-73697,03/19/1980,16:59:08,449
(34)-02-83384,(75)-08-35858,03/19/1980,17:24:24,131
(37)-03-20894,(30)-24-46863,03/19/1980,18:25:24,214
(59)-02-35055,(55)-08-36092,03/19/1980,18:37:32,151
(38)-07-20400,(28)-30-06375,03/19/1980,21:08:37,1599
(53)-07-65540,(34)-04-44404,03/20/1980,01:00:47,243
(56)-00-05109,(55)-06-83918,03/20/1980,01:49:18,2132
(26)-30-86398,(73)-06-67534,03/20/1980,09:05:45,824
(40)-26-46500,(35)-02-96706,03/20/1980,10:46:03,387
(53)-14-50387,(35)-16-29622,03/20/1980,12:00:30,681
(40)-22-12256,(59)-00-64335,03/20/1980,18:39:37,3011
(32)-10-60608,(72)-01-46732,03/20/1980,23:36:08,503
(69)-06-75084,(29)-00-10672,03/20/1980,23:47:35,499
(49)-16-62217,(51)-02-95024,03/21/1980,05:03:34,817
(30)-02-99379,(40)-25-17259,03/21/1980,07:40:15,224
(60)-08-45770,(29)-10-36318,03/21/1980,10:00:34,2171
(62)-13-03937,(60)-17-20409,03/21/1980,11:54:30,110
(31)-29-23694,(60)-01-35224,03/21/1980,16:19:36,295
(77)-01-41130,(28)-13-88942,03/21/1980,19:56:35,3135
(34)-05-67745,(50)-05-20693,03/22/1980,09:17:11,294
(73)-15-62404,(67)-03-21544,03/22/1980,09:20:27,2080
(46)-00-47673,(47)-10-37175,03/22/1980,10:38:53,1451
(74)-15-48074,(78)-00-56292,03/22/1980,19:02:43,373
(71)-07-57809,(40)-14-38780,03/23/1980,02:33:13,55
(30)-17-47051,(79)-12-73552,03/23/1980,03:37:42,543
(53)-06-98960,(24)-29-42612,03/23/1980,09:54:15,452
(42)-15-66221,(54)-10-71778,03/23/1980,15:48:56,834
(52)-14-40444,(40)-07-48204,03/23/1980,19:24:47,216
(39)-21-92774,(52)-21-79082,03/23/1980,19:50:19,696
(64)-05-60452,(59)-11-03592,03/23/1980,23:26:34,124
(29)-12-31366,(43)-17-09397,03/25/1980,05:41:07,239
(64)-04-73706,(41)-12-21907,03/25/1980,05:43:00,776
(74)-11-50259,(77)-04-48096,03/25/1980,11:50:53,194
(41)-15-00840,(53)-02-97176,03/25/1980,12:44:11,1976
(54)-14-51877,(59)-08-16553,03/25/1980,14:05:24,227
(65)-00-88853,(34)-11-33762,03/25/1980,15:07:29,712
(40)-06-61279,(79)-04-05024,03/25/1980,15:35:43,651
(39)-10-49366,(48)-07-05036,03/25/1980,20:33:01,61
(46)-09-91937,(63)-07-41300,03/25/1980,23:23:25,436
(78)-05-43169,(46)-00-47673,03/26/1980,04:10:51,126
(50)-06-85312,(57)-17-13644,03/26/1980,05:43:24,5626
(37)-27-67855,(54)-06-49329,03/26/1980,13:34:38,750
(37)-06-53078,(77)-03-90935,03/26/1980,13:36:38,264
(65)-00-27102,(26)-05-79898,03/26/1980,15:51:38,137
(45)-10-32154,(28)-20-15573,03/26/1980,16:06:49,767
(47)-19-78328,(25)-20-34720,03/26/1980,20:20:42,183
(27)-05-67351,(27)-10-51579,03/26/1980,20:29:19,4720
(31)-00-48205,(27)-05-42344,03/26/1980,20:43:56,199
(53)-05-58375,(46)-17-65400,03/26/1980,21:59:10,861
(49)-11-26647,(72)-02-89731,03/26/1980,22:18:22,843
(31)-03-09618,(41)-16-11588,03/27/1980,04:10:06,1514
(46)-10-33160,(25)-31-95250,03/27/1980,09:49:35,271
(62)-03-03098,(50)-18-80607,03/27/1980,11:31:57,1952
(21)-27-64975,(37)-25-36783,03/27/1980,15:59:26,260
(52)-04-08594,(39)-14-07449,03/27/1980,16:59:18,803
(52)-09-29649,(70)-05-77711,03/27/1980,17:29:09,710
(71)-08-82803,(40)-23-72473,03/27/1980,22:52:07,1763
(76)-08-00441,(28)-02-77801,03/28/1980,03:48:34,105
(30)-20-95075,(54)-15-57122,03/28/1980,05:45:43,2456
(39)-12-64355,(43)-13-24438,03/28/1980,06:43:15,405
(48)-15-57756,(79)-01-00686,03/28/1980,16:54:57,109
(37)-16-37281,(21)-09-55289,03/28/1980,22:18:26,657
(20)-01-29501,(28)-16-33648,03/28/1980,22:41:47,155
(20)-00-44721,(74)-13-98579,03/28/1980,23:51:27,422
(35)-08-00803,(66)-14-63294,03/29/1980,06:13:33,818
(24)-00-52682,(39)-02-17751,03/29/1980,14:40:10,224
(64)-06-00024,(22)-22-55471,03/29/1980,19:33:35,381
(31)-28-57723,(22)-22-19426,03/30/1980,04:17:29,242
(36)-01-99122,(43)-10-61381,03/30/1980,04:30:00,164
(65)-08-21555,(42)-20-59708,03/30/1980,09:46:52,232
(40)-01-33823,(36)-18-69428,03/31/1980,10:04:47,1637
(72)-11-60952,(43)-11-72185,03/31/1980,10:54:12,53
(44)-03-00826,(74)-10-24117,03/31/1980,14:49:25,2214
(36)-01-33041,(59)-07-73443,03/31/1980,21:37:55,2748
(28)-15-69675,(34)-27-73656,04/01/1980,06:31:09,137
(52)-08-73469,(66)-12-63922,04/01/1980,07:54:41,2758
(50)-20-56356,(48)-17-61823,04/01/1980,11:54:40,485
(78)-06-34782,(32)-18-27580,04/01/1980,17:06:15,305
(70)-13-47097,(56)-03-39798,04/01/1980,18:39:27,217
(45)-03-52699,(40)-16-74171,04/01/1980,19:07:14,329
(44)-07-45477,(64)-11-32246,04/01/1980,22:00:10,637
(53)-17-92922,(56)-17-97754,04/02/1980,02:36:00,50
(36)-08-32880,(31)-24-67809,04/02/1980,04:55:17,5921
(50)-23-58174,(45)-02-98344,04/02/1980,16:52:08,36
(72)-15-41270,(52)-18-89857,04/02/1980,18:38:59,2258
(62)-07-55443,(77)-04-04066,04/02/1980,21:07:13,125
(48)-18-39381,(79)-06-84303,04/02/1980,21:30:20,2904
(39)-13-27927,(60)-16-92324,04/03/1980,01:18:09,191
(20)-23-21364,(64)-18-63371,04/03/1980,01:18:26,514
(62)-13-66893,(34)-05-24994,04/03/1980,07:51:12,210
(24)-21-05898,(68)-00-91888,04/03/1980,11:03:14,3089
(44)-18-06605,(48)-11-21148,04/03/1980,15:54:28,87
(37)-12-02521,(44)-03-14470,04/03/1980,17:55:57,300
(39)-12-55003,(36)-11-34304,04/03/1980,18:05:30,807
(43)-18-28831,(79)-07-53143,04/03/1980,21:49:40,162
(55)-05-40883,(38)-13-34637,04/03/1980,23:55:44,875
(23)-14-04889,(49)-03-84164,04/04/1980,04:24:23,191
(77)-04-14517,(33)-27-10379,04/04/1980,09:38:43,611
(57)-02-91752,(30)-24-59082,04/04/1980,15:10:26,489
(22)-04-47850,(59)-16-62502,04/04/1980,16:20:31,111
(27)-03-44880,(49)-05-92033,04/04/1980,16:57:35,337
(58)-00-42787,(57)-11-85979,04/05/1980,03:33:38,516
(20)-16-68465,(25)-21-54498,04/05/1980,05:34:35,61
(79)-07-47608,(41)-03-78744,04/05/1980,14:26:06,805
(32)-17-23263,(37)-20-61259,04/05/1980,23:26:31,155
(62)-12-09087,(71)-04-88500,04/06/1980,03:10:45,10
(76)-12-99199,(41)-08-67980,04/06/1980,06:45:13,629
(59)-12-15795,(21)-00-85058,04/06/1980,07:57:02,2106
(55)-07-94463,(43)-09-73797,04/06/1980,12:32:03,147
(40)-26-93101,(32)-15-33757,04/06/1980,13:53:38,267
(72)-03-37109,(61)-10-20104,04/06/1980,15:53:43,823
(65)-06-29008,(26)-18-77472,04/06/1980,21:58:41,231
(37)-27-75028,(78)-10-56821,04/07/1980,01:56:59,1735
(45)-22-09183,(24)-08-62513,04/07/1980,04:24:02,3465
(38)-13-52064,(60)-19-20484,04/07/1980,08:02:05,536
(25)-17-74366,(24)-29-45111,04/07/1980,13:53:09,160
(64)-15-10988,(75)-14-16310,04/07/1980,18:18:31,72
(39)-05-62979,(57)-09-63490,04/08/1980,00:00:12,412
(61)-03-44976,(25)-06-61883,04/08/1980,03:36:33,27
(30)-27-58669,(49)-14-27291,04/08/1980,18:01:37,2047
(39)-22-03794,(72)-06-74013,04/08/1980,21:24:29,781
(37)-12-27819,(43)-24-72590,04/09/1980,02:41:17,291
(31)-21-28377,(61)-18-90728,04/09/1980,04:00:03,257
(65)-12-44460,(60)-06-39791,04/09/1980,10:31:41,26
(29)-21-72001,(35)-19-83007,04/09/1980,16:55:14,1413
(61)-01-35585,(44)-20-56156,04/09/1980,21:30:00,706
(62)-10-21693,(76)-09-59540,04/09/1980,23:36:24,212
(22)-03-71383,(33)-05-68893,04/10/1980,11:54:25,45
(71)-16-04120,(44)-21-63331,04/10/1980,18:33:50,1700
(41)-08-71037,(48)-02-60563,04/10/1980,18:57:54,153
(51)-18-56928,(21)-10-71608,04/11/1980,00:12:20,107
(71)-04-90288,(31)-02-44407,04/11/1980,01:21:18,233
(22)-29-96781,(49)-02-39198,04/12/1980,11:23:00,372
(49)-05-31628,(52)-17-71425,04/12/1980,15:20:27,2183
(68)-07-49928,(20)-14-45380,04/13/1980,03:58:51,488
(63)-09-34297,(52)-01-09484,04/13/1980,05:17:31,744
(32)-03-85440,(64)-02-82099,04/13/1980,09:10:18,227
(39)-21-24519,(68)-14-23639,04/13/1980,12:00:56,243
(31)-04-90052,(30)-17-89407,04/13/1980,15:30:55,272
(53)-12-08951,(31)-02-77847,04/13/1980,23:19:34,14
(66)-14-25625,(36)-16-62078,04/14/1980,11:56:11,2432
(46)-07-36055,(69)-04-34284,04/14/1980,15:14:43,1202
(48)-12-11187,(23)-21-69311,04/14/1980,18:16:23,196
(46)-03-83717,(37)-01-57800,04/15/1980,00:44:08,253
(54)-15-57122,(49)-16-66145,04/15/1980,12:07:15,205
(43)-16-05618,(34)-07-27525,04/15/1980,12:39:27,275
(37)-21-45149,(34)-04-71223,04/15/1980,21:18:24,142
(72)-07-32166,(74)-04-43731,04/16/1980,15:39:26,2352
(46)-16-64882,(46)-04-75276,04/16/1980,20:40:41,417
(40)-05-00847,(47)-13-60246,04/16/1980,20:46:28,2245
(65)-06-70755,(36)-13-05584,04/16/1980,22:19:54,153
(73)-11-87413,(51)-16-91448,04/17/1980,03:35:21,174
(40)-01-31655,(45)-18-22521,04/17/1980,05:08:23,164
(54)-00-81778,(50)-06-93052,04/17/1980,08:08:47,141
(45)-15-67753,(26)-26-54251,04/17/1980,08:39:55,195
(34)-21-96308,(26)-24-64678,04/17/1980,09:45:30,4257
(47)-20-61893,(78)-02-03945,04/17/1980,19:04:15,18
(36)-18-21373,(53)-04-95499,04/17/1980,22:54:07,41
(61)-00-88472,(27)-26-81382,04/18/1980,15:04:34,147
(50)-00-81710,(29)-15-91632,04/18/1980,19:47:09,36
(65)-04-11708,(59)-05-80697,04/18/1980,20:04:29,1554
(50)-02-71731,(70)-11-10555,04/18/1980,23:18:49,2025
(25)-08-25084,(54)-08-56238,04/18/1980,23:56:07,228
(29)-22-98823,(75)-13-80338,04/19/1980,10:58:26,495
(23)-04-72582,(66)-16-81532,04/20/1980,00:51:31,239
(71)-16-54664,(37)-20-62948,04/20/1980,02:45:06,152
(39)-25-36721,(58)-08-35512,04/20/1980,10:07:39,145
(26)-03-99582,(67)-03-11152,04/20/1980,11:26:42,208
(58)-18-25963,(43)-25-15175,04/20/1980,12:14:03,774
(20)-05-09143,(61)-19-79599,04/21/1980,00:56:59,6
(51)-14-27645,(29)-16-10185,04/21/1980,01:46:08,143
(60)-07-82395,(64)-06-87761,04/21/1980,02:22:34,86
(65)-12-44964,(50)-09-86921,04/21/1980,02:32:24,339
(26)-09-76153,(60)-05-18427,04/21/1980,10:43:24,170
(38)-07-05280,(57)-14-60215,04/22/1980,03:38:25,3005
(30)-19-13202,(54)-19-42390,04/22/1980,04:57:36,189
(30)-07-38614,(76)-08-18267,04/22/1980,12:06:56,709
(24)-00-46602,(53)-02-82659,04/22/1980,16:28:27,104
(46)-07-69592,(23)-05-54575,04/22/1980,17:38:14,352
(28)-10-73633,(61)-14-05638,04/22/1980,19:34:24,131
(53)-22-59317,(76)-02-98491,04/23/1980,15:09:07,272
(78)-02-20819,(43)-03-98480,04/23/1980,17:07:19,77
(44)-24-22461,(40)-10-51233,04/23/1980,17:53:23,1560
(26)-05-90948,(20)-16-12237,04/23/1980,19:21:49,2150
(68)-16-47864,(21)-16-82514,04/23/1980,19:41:16,96
(46)-04-45374,(49)-18-32816,04/23/1980,20:45:41,17
(28)-28-52875,(68)-00-28429,04/24/1980,00:04:30,793
(60)-01-46793,(29)-20-06051,04/24/1980,02:33:52,414
(41)-15-23275,(35)-21-85674,04/24/1980,05:04:01,509
(70)-10-12666,(41)-10-96876,04/24/1980,05:15:07,2645
(26)-04-99060,(35)-00-55696,04/24/1980,06:23:46,90
(60)-18-17569,(62)-09-00586,04/24/1980,07:19:55,203
(60)-08-95201,(45)-23-25351,04/24/1980,10:01:48,79
(44)-01-80944,(20)-26-64226,04/24/1980,12:33:39,3561
(59)-16-88238,(27)-23-01997,04/25/1980,00:43:27,91
(54)-06-98492,(48)-15-92332,04/25/1980,02:56:34,176
(33)-04-71095,(37)-05-53281,04/25/1980,04:30:34,1503
(52)-18-01673,(48)-18-70247,04/25/1980,09:29:54,563
(72)-01-23194,(21)-10-71608,04/25/1980,10:02:11,143
(44)-20-04640,(71)-10-38632,04/25/1980,12:21:36,93
(70)-08-43165,(52)-14-23284,04/25/1980,18:43:33,501
(28)-16-21579,(45)-15-95132,04/25/1980,18:44:25,216
(60)-00-74635,(78)-04-16511,04/25/1980,21:14:35,765
(53)-05-34803,(60)-14-37613,04/25/1980,22:56:05,583
(27)-30-01469,(55)-00-10047,04/26/1980,00:26:27,273
(74)-01-56428,(20)-08-02780,04/26/1980,04:33:24,213
(43)-06-10226,(48)-03-84488,04/26/1980,05:59:50,3307
(71)-06-88789,(51)-15-29722,04/26/1980,08:13:04,388
(45)-02-84744,(29)-18-86791,04/26/1980,08:38:37,866
(37)-04-36139,(64)-14-62038,04/26/1980,21:39:36,199
(58)-08-76243,(41)-22-72325,04/27/1980,04:48:12,360
(24)-26-64998,(39)-09-60049,04/27/1980,15:12:36,896
(28)-06-00735,(53)-19-27495,04/27/1980,16:55:12,193
(79)-13-60280,(23)-29-95323,04/28/1980,06:12:51,669
(41)-22-95815,(62)-18-18725,04/28/1980,10:19:34,239
(48)-19-81084,(63)-05-67131,04/28/1980,11:20:11,655
(59)-14-11228,(64)-11-50285,04/28/1980,11:44:17,1509
(29)-06-73519,(61)-09-94403,04/28/1980,19:57:11,218
(33)-06-44769,(45)-24-33529,04/29/1980,04:52:09,817
(58)-15-80758,(41)-24-75708,04/29/1980,08:16:45,626
(62)-01-12889,(74)-10-55465,04/29/1980,15:49:10,782
(71)-02-20301,(47)-15-54436,04/29/1980,17:52:15,723
(51)-01-00917,(77)-02-48373,04/30/1980,03:26:04,1977
(20)-22-65579,(23)-05-86673,04/30/1980,04:04:45,175
(27)-25-16858,(58)-03-97875,04/30/1980,12:14:51,3360
(52)-15-81314,(76)-06-86080,04/30/1980,21:27:37,3573
(28)-25-20609,(49)-21-07339,05/01/1980,00:23:38,879
(44)-21-40440,(37)-12-47554,05/01/1980,01:06:05,277
(32)-20-05762,(31)-10-36619,05/01/1980,04:41:04,2068
(48)-10-84372,(31)-22-85869,05/01/1980,05:27:21,3075
(63)-10-89803,(33)-11-89781,05/01/1980,07:44:56,311
(38)-20-49011,(53)-20-87283,05/01/1980,08:53:32,2709
(65)-05-31854,(59)-17-31876,05/02/1980,03:19:19,433
(35)-25-02492,(66)-00-57446,05/02/1980,06:09:26,167
(57)-07-17514,(58)-05-36033,05/02/1980,11:59:55,643
(67)-17-40795,(61)-19-78231,05/02/1980,17:12:00,457
(20)-00-71989,(34)-10-30286,05/02/1980,23:14:12,275
(27)-28-02566,(62)-11-75198,05/03/1980,01:13:51,150
(20)-15-57413,(67)-06-88401,05/03/1980,07:56:13,2891
(48)-23-37490,(34)-17-82634,05/03/1980,12:10:14,1831
(30)-17-24741,(71)-09-98933,05/03/1980,12:38:46,26
(36)-09-30628,(27)-05-49959,05/03/1980,17:35:15,341
(38)-02-85468,(53)-11-28039,05/03/1980,18:21:24,818
(44)-16-83287,(27)-30-08058,05/04/1980,01:00:00,43
(55)-20-46276,(28)-30-04059,05/04/1980,02:10:31,253
(63)-18-60245,(58)-09-33000,05/04/1980,09:19:17,1816
(66)-16-28687,(64)-04-89664,05/04/1980,13:52:14,83
(68)-02-33493,(64)-17-95720,05/04/1980,19:51:19,1227
(60)-00-26744,(61)-02-28678,05/04/1980,22:43:24,68
(40)-05-06648,(26)-11-26708,05/05/1980,04:47:30,74
(25)-03-75487,(31)-02-14296,05/05/1980,07:36:38,752
(61)-00-59089,(26)-21-69881,05/05/1980,07:46:26,1352
(54)-05-16465,(40)-14-40061,05/05/1980,13:44:17,122
(22)-25-93644,(77)-06-90713,05/05/1980,17:49:00,675
(69)-14-98915,(60)-04-76853,05/05/1980,18:55:47,539
(59)-18-18093,(26)-07-22067,05/06/1980,01:46:36,356
(66)-02-22657,(21)-00-52349,05/06/1980,07:41:18,93
(36)-09-40105,(55)-08-97208,05/06/1980,09:39:32,247
(25)-03-66193,(66)-14-34798,05/06/1980,11:11:06,207
(27)-02-85731,(23)-01-77025,05/06/1980,14:46:16,74
(45)-15-38989,(37)-03-58955,05/06/1980,20:09:12,283
(76)-03-69894,(58)-18-33210,05/07/1980,13:48:46,249
(46)-14-90374,(64)-08-77056,05/07/1980,21:12:10,247
(44)-13-76234,(63)-18-84301,05/07/1980,22:18:05,53
(50)-13-88197,(64)-12-46837,05/08/1980,00:49:36,119
(79)-11-09319,(54)-21-50527,05/08/1980,03:01:04,178
(23)-12-11766,(70)-00-52833,05/08/1980,14:32:08,111
(21)-05-56747,(32)-22-57050,05/09/1980,02:20:10,51
(67)-07-50820,(36)-08-38556,05/09/1980,04:17:21,48
(64)-11-11220,(35)-27-93539,05/09/1980,04:31:38,228
(26)-01-76542,(53)-07-13653,05/09/1980,04:40:38,17
(45)-20-78468,(33)-00-02218,05/09/1980,09:46:37,59
(62)-01-67783,(26)-21-42238,05/09/1980,20:43:16,313
(61)-09-83243,(73)-07-62879,05/09/1980,22:15:14,71
(26)-21-29538,(25)-00-70451,05/10/1980,04:03:16,45
(35)-23-32582,(21)-10-55553,05/10/1980,04:13:23,302
(56)-17-04703,(77)-03-79498,05/10/1980,09:04:30,136
(40)-16-53794,(67)-03-30719,05/10/1980,14:18:39,567
(35)-00-60066,(58)-02-98022,05/10/1980,15:42:03,180
(20)-25-81289,(73)-15-10420,05/10/1980,17:45:28,2129
(78)-02-30858,(64)-05-03343,05/10/1980,21:57:32,3022
(44)-13-54640,(20)-00-88466,05/11/1980,02:21:37,133
(61)-16-24513,(70)-02-55549,05/11/1980,10:44:49,10
(24)-13-22528,(69)-14-86996,05/11/1980,15:19:17,251
(26)-03-38879,(25)-27-39806,05/11/1980,19:03:40,552
(52)-03-47121,(74)-12-90262,05/11/1980,19:45:09,309
(31)-17-67821,(58)-11-90297,05/11/1980,23:55:51,276
(66)-15-31147,(30)-17-90008,05/12/1980,00:02:17,123
(23)-18-49206,(27)-17-77514,05/12/1980,11:38:38,716
(52)-05-35302,(48)-15-29188,05/12/1980,13:50:42,3470
(65)-09-75016,(52)-00-12216,05/12/1980,19:50:49,406
(69)-00-33698,(60)-11-16107,05/12/1980,21:47:55,222
(74)-02-55521,(47)-09-31760,05/12/1980,23:29:48,176
(35)-22-52299,(36)-11-44653,05/13/1980,02:32:05,194
(75)-11-06155,(79)-01-83032,05/13/1980,08:40:25,492
(26)-19-68032,(41)-14-63261,05/13/1980,12:41:04,11
(22)-13-02554,(48)-22-81941,05/13/1980,17:06:40,157
(42)-00-05934,(32)-29-23396,05/13/1980,17:09:49,198
(36)-08-46250,(39)-22-63700,05/13/1980,17:28:28,26
(68)-17-37328,(32)-24-13167,05/13/1980,19:36:17,748
(74)-03-49714,(74)-01-20682,05/13/1980,19:46:41,248
(76)-07-05878,(59)-07-00899,05/14/1980,00:28:20,126
(21)-18-64625,(69)-02-92892,05/14/1980,01:12:36,100
(34)-06-87710,(36)-02-96675,05/14/1980,16:16:59,252
(31)-00-14158,(24)-25-90554,05/14/1980,16:46:01,113
(44)-07-25979,(74)-13-28486,05/15/1980,00:13:50,882
(37)-06-64346,(73)-07-63868,05/15/1980,05:40:26,7187
(39)-09-65483,(31)-10-77200,05/15/1980,05:44:41,259
(40)-02-23872,(57)-12-43756,05/15/1980,10:04:34,225
(27)-27-57868,(27)-12-36893,05/15/1980,10:38:28,252
(55)-14-75066,(66)-08-49090,05/15/1980,11:44:53,7
(44)-24-86457,(65)-11-40470,05/15/1980,23:01:19,135
(54)-03-68628,(69)-15-93963,05/16/1980,00:38:12,114
(36)-07-22745,(46)-01-81825,05/16/1980,02:36:11,151
(50)-06-59338,(62)-11-12242,05/16/1980,07:49:29,531
(57)-01-34620,(47)-09-60005,05/16/1980,09:44:54,235
(46)-15-75225,(67)-08-01822,05/17/1980,08:35:24,582
(65)-18-99431,(73)-12-42826,05/17/1980,12:08:02,118
(54)-02-66879,(77)-00-26361,05/17/1980,12:31:36,749
(23)-05-41694,(69)-12-90089,05/17/1980,17:25:09,291
(73)-15-41305,(51)-09-24523,05/18/1980,03:52:16,280
(23)-11-38240,(31)-14-23762,05/18/1980,05:02:19,277
(52)-08-95305,(25)-10-94608,05/18/1980,06:58:00,1200
(36)-20-42057,(28)-10-65545,05/18/1980,13:44:41,231
(28)-22-81207,(20)-17-98956,05/18/1980,20:58:25,211
(32)-11-08420,(59)-09-57126,05/19/1980,01:01:57,211
(57)-09-12656,(27)-16-09391,05/19/1980,02:54:47,185
(29)-07-46610,(42)-17-03867,05/19/1980,11:09:28,537
(70)-07-49192,(25)-21-19075,05/19/1980,21:38:54,105
(79)-00-44535,(59)-16-33223,05/19/1980,23:39:36,431
(33)-16-99238,(69)-09-46529,05/20/1980,00:34:59,3065
(27)-28-43226,(63)-01-82707,05/20/1980,01:17:55,173
(56)-12-02938,(59)-16-20983,05/20/1980,02:53:18,375
(28)-22-92348,(27)-04-64500,05/20/1980,08:47:57,165
(30)-08-58063,(60)-11-00613,05/20/1980,09:41:57,2960
(59)-17-18781,(40)-22-64096,05/20/1980,20:45:41,2624
(51)-09-74743,(79)-01-52759,05/20/1980,23:35:02,710
(36)-14-18536,(52)-17-03354,05/21/1980,00:15:34,2633
(68)-02-22422,(36)-20-89865,05/21/1980,03:05:55,295
(69)-09-37259,(29)-00-07203,05/21/1980,07:36:46,1575
(62)-02-67088,(52)-20-51394,05/21/1980,09:36:46,280
(23)-26-32667,(56)-18-87022,05/21/1980,12:53:13,259
(25)-18-81128,(55)-08-61538,05/21/1980,15:43:08,251
(22)-04-25978,(61)-06-58892,05/21/1980,16:40:57,271
(61)-02-43109,(65)-01-43550,05/21/1980,20:01:32,3443
(31)-26-69114,(52)-12-22753,05/21/1980,20:11:01,2341
(73)-11-83283,(36)-11-10185,05/21/1980,21:40:50,44
(64)-09-04556,(35)-05-21029,05/22/1980,07:33:12,92
(70)-06-94124,(64)-02-30391,05/22/1980,12:08:48,44
(27)-22-88117,(20)-29-24904,05/22/1980,22:05:16,1754
(54)-18-77176,(40)-13-55063,05/23/1980,04:05:39,205
(47)-18-08278,(57)-18-01482,05/23/1980,18:34:36,64
(20)-27-39091,(46)-03-85547,05/23/1980,19:27:12,120
(60)-01-35224,(76)-06-80712,05/23/1980,20:49:17,268
(36)-25-67152,(41)-13-28354,05/23/1980,22:17:14,599
(61)-12-49562,(38)-25-45503,05/24/1980,00:23:41,782
(47)-00-50647,(25)-25-68253,05/24/1980,00:28:33,183
(36)-14-85126,(40)-19-16125,05/24/1980,03:06:29,732
(72)-07-67030,(25)-29-93172,05/24/1980,12:48:20,105
(76)-07-14531,(74)-06-16562,05/24/1980,19:52:20,1540
(22)-12-93397,(39)-18-81780,05/24/1980,22:39:07,534
(57)-12-43756,(69)-14-46170,05/25/1980,00:08:34,155
(66)-01-74187,(56)-01-12372,05/25/1980,06:40:59,119
(50)-07-48224,(31)-26-42981,05/25/1980,11:12:41,1076
(45)-06-07089,(40)-04-00566,05/25/1980,11:21:56,2899
(54)-19-35611,(25)-20-69807,05/25/1980,16:08:55,226
(56)-05-93476,(22)-17-89746,05/25/1980,23:59:41,242
(56)-01-28121,(69)-06-71252,05/26/1980,03:07:29,2438
(56)-15-38619,(33)-11-34791,05/26/1980,05:16:33,57
(24)-05-33947,(48)-14-53614,05/26/1980,20:30:55,604
(30)-23-22542,(33)-19-04067,05/26/1980,21:20:12,181
(75)-08-42699,(24)-29-70208,05/26/1980,21:21:48,316
(25)-25-72274,(50)-10-05548,05/26/1980,21:58:33,251
(34)-23-27889,(50)-08-62448,05/26/1980,23:51:58,60
(60)-17-73658,(25)-19-79074,05/27/1980,06:38:46,67
(28)-17-23236,(57)-19-18172,05/27/1980,09:02:49,512
(36)-17-72242,(61)-04-15624,05/27/1980,13:17:36,238
(43)-06-43211,(37)-04-35070,05/27/1980,15:34:05,551
(27)-24-24943,(33)-23-41690,05/27/1980,15:52:13,272
(21)-06-56642,(68)-10-18405,05/27/1980,17:04:10,99
(55)-17-34664,(44)-12-71703,05/27/1980,18:05:45,740
(65)-07-82102,(78)-07-85156,05/27/1980,19:15:37,407
(79)-04-87202,(48)-12-88647,05/28/1980,00:08:37,33
(44)-00-10359,(32)-06-88758,05/28/1980,00:29:55,505
(43)-20-98961,(64)-18-15132,05/28/1980,03:17:17,202
(68)-07-63094,(29)-06-09039,05/28/1980,04:49:54,827
(65)-17-75162,(71)-00-93396,05/28/1980,07:22:05,136
(46)-07-22603,(77)-13-27346,05/28/1980,07:48:12,151
(25)-08-18819,(67)-12-63716,05/28/1980,12:17:08,129
(59)-08-87365,(54)-17-00450,05/28/1980,13:35:42,248
(42)-07-82422,(49)-13-69692,05/28/1980,14:59:29,1843
(52)-13-14200,(59)-18-07032,05/28/1980,19:58:41,274
(23)-32-44519,(29)-22-33061,05/28/1980,22:22:51,223
(71)-02-41100,(26)-31-73526,05/28/1980,23:49:41,257
(20)-26-14946,(60)-02-99334,05/29/1980,01:43:14,724
(31)-16-60461,(36)-03-13770,05/29/1980,04:59:48,843
(75)-03-45786,(74)-15-96328,05/29/1980,14:25:35,584
(61)-00-57193,(54)-12-27226,05/29/1980,20:29:51,581
(40)-05-00831,(21)-11-87653,05/29/1980,20:56:29,552
(75)-07-02160,(43)-04-07984,05/29/1980,21:33:21,498
(22)-10-69488,(69)-13-42411,05/30/1980,14:02:51,748
(73)-04-38157,(60)-10-44975,05/31/1980,01:06:48,234
(31)-11-26242,(78)-07-41636,05/31/1980,10:49:01,488
(32)-06-96268,(38)-19-00307,05/31/1980,13:46:16,611
(76)-01-58861,(76)-09-12542,05/31/1980,17:09:24,249
(42)-04-04182,(20)-18-86951,05/31/1980,23:47:27,165
(71)-13-39396,(51)-05-48115,06/01/1980,03:00:10,262
(45)-16-28995,(47)-11-44009,06/01/1980,11:00:06,198
(65)-02-93245,(22)-27-74436,06/01/1980,12:14:04,413
(49)-17-21644,(65)-17-74669,06/01/1980,22:12:13,130
(60)-13-28884,(20)-24-58154,06/02/1980,01:39:17,400
(42)-02-48665,(57)-20-86310,06/02/1980,05:30:56,291
(46)-16-86313,(29)-16-09221,06/02/1980,07:01:02,395
(56)-11-43895,(63)-03-87099,06/02/1980,13:17:33,246
(38)-24-77823,(67)-15-41347,06/02/1980,13:53:31,17
(50)-15-25619,(78)-00-91635,06/02/1980,15:05:00,124
(70)-07-70129,(41)-15-95346,06/02/1980,19:31:29,299
(29)-29-60717,(75)-01-34012,06/02/1980,21:41:42,809
(74)-11-18059,(71)-05-94900,06/02/1980,22:13:30,108
(74)-14-39318,(68)-09-56386,06/03/1980,06:07:12,359
(72)-06-61853,(51)-05-38865,06/03/1980,11:41:04,2074
(74)-10-24731,(50)-04-28552,06/03/1980,17:01:50,85
(51)-00-80832,(54)-01-27367,06/04/1980,01:02:03,652
(52)-14-00846,(65)-07-86937,06/04/1980,04:55:25,195
(33)-28-03532,(68)-04-60939,06/04/1980,06:37:25,272
(50)-02-93305,(78)-07-87367,06/04/1980,09:03:36,771
(65)-00-09764,(58)-00-77006,06/04/1980,09:58:46,765
(49)-22-87759,(68)-05-62603,06/04/1980,14:44:25,182
(70)-02-86277,(79)-13-77001,06/04/1980,15:04:53,298
(27)-30-88080,(49)-18-14345,06/04/1980,22:29:17,273
(69)-00-45201,(61)-00-63728,06/04/1980,23:56:23,40
(40)-23-81903,(61)-09-36760,06/05/1980,18:18:52,54
(45)-23-06466,(47)-04-33033,06/05/1980,21:23:27,3025
(23)-20-19017,(79)-04-09473,06/06/1980,03:47:16,892
(41)-12-26845,(47)-17-30892,06/06/1980,10:11:46,128
(56)-12-14109,(28)-00-59785,06/06/1980,12:00:03,573
(21)-31-48671,(72)-14-67864,06/06/1980,22:50:53,659
(52)-00-85092,(61)-11-90518,06/07/1980,01:13:55,71
(75)-06-37865,(68)-17-86846,06/07/1980,01:43:14,175
(26)-31-00430,(20)-15-46309,06/07/1980,03:23:09,7
(34)-09-77623,(37)-11-61846,06/07/1980,08:49:34,298
(79)-01-05075,(57)-03-36106,06/07/1980,09:13:55,195
(36)-05-74532,(78)-12-02280,06/07/1980,12:23:06,327
(60)-10-66209,(47)-17-28557,06/07/1980,15:45:29,3326
(71)-16-75043,(48)-09-04885,06/07/1980,18:04:02,36
(30)-15-27010,(20)-20-33641,06/07/1980,18:45:35,104
(56)-21-22600,(39)-09-00802,06/07/1980,23:03:45,6918
(25)-23-25837,(53)-05-34153,06/08/1980,07:28:02,359
(69)-05-98693,(62)-00-41946,06/08/1980,12:12:48,2827
(53)-09-94609,(31)-00-97460,06/08/1980,13:43:37,254
(38)-27-71665,(52)-10-76706,06/08/1980,23:40:02,50
(46)-05-20391,(62)-18-47517,06/09/1980,02:58:30,149
(44)-08-93924,(25)-03-03942,06/09/1980,03:03:35,224
(70)-00-04433,(69)-10-14481,06/09/1980,14:39:15,835
(25)-15-16420,(46)-08-26074,06/10/1980,07:34:18,296
(54)-14-13333,(47)-06-48362,06/10/1980,17:09:13,1719
(65)-15-98569,(44)-09-11098,06/10/1980,17:11:40,69
(60)-09-71307,(27)-07-77214,06/10/1980,19:49:09,239
(53)-04-61469,(33)-25-95281,06/11/1980,00:59:45,893
(24)-00-37269,(21)-15-20631,06/11/1980,07:13:50,174
(78)-05-78201,(21)-22-91750,06/11/1980,07:41:27,675
(44)-08-71766,(77)-10-92762,06/11/1980,20:56:44,242
(59)-19-72029,(74)-13-44696,06/12/1980,17:32:12,152
(25)-25-80162,(77)-09-82706,06/12/1980,20:52:31,775
(52)-18-19884,(20)-28-19574,06/12/1980,21:26:12,2835
(35)-27-93539,(59)-01-97098,06/13/1980,05:46:15,826
(40)-06-98007,(23)-14-31382,06/13/1980,07:18:11,645
(54)-04-53938,(53)-12-69120,06/13/1980,11:35:39,101
(76)-06-14842,(34)-22-81530,06/13/1980,11:44:33,80
(73)-13-29519,(59)-16-78633,06/13/1980,12:28:30,2045
(73)-12-54893,(53)-10-62956,06/13/1980,23:20:10,284
(39)-20-58206,(60)-06-31672,06/13/1980,23:59:52,5204
(33)-15-64783,(51)-07-51721,06/14/1980,01:41:15,838
(61)-02-90601,(54)-04-20452,06/14/1980,02:21:56,393
(55)-15-30408,(36)-22-67291,06/14/1980,14:13:04,205
(29)-23-20682,(47)-12-50164,06/14/1980,18:23:11,135
(53)-12-73207,(47)-21-61901,06/14/1980,18:40:33,798
(52)-12-88718,(44)-20-63569,06/14/1980,23:11:45,274
(50)-00-08749,(20)-30-64172,06/14/1980,23:43:27,192
(48)-15-62762,(58)-20-68218,06/15/1980,09:13:24,3550
(38)-18-99895,(56)-19-95038,06/15/1980,20:09:13,6746
(46)-06-30821,(52)-00-54587,06/16/1980,06:22:44,65
(72)-07-32166,(64)-11-13791,06/16/1980,11:42:25,3566
(69)-16-14685,(76)-10-19940,06/16/1980,13:13:59,1316
(69)-03-06000,(29)-01-62221,06/16/1980,16:23:16,93
(37)-02-66334,(72)-09-18923,06/16/1980,20:08:18,1241
(64)-15-86633,(61)-01-79863,06/17/1980,05:21:52,663
(44)-25-00677,(59)-07-81793,06/17/1980,06:00:46,133
(26)-11-54137,(28)-14-59157,06/17/1980,06:08:41,1273
(65)-15-47782,(30)-14-20882,06/17/1980,21:51:16,833
(46)-19-23401,(67)-09-94958,06/17/1980,23:02:08,3091
(36)-05-76980,(68)-04-61699,06/18/1980,00:08:35,2448
(37)-16-41696,(62)-05-03342,06/18/1980,01:15:16,40
(41)-16-79373,(43)-00-57613,06/18/1980,03:05:13,18
(67)-00-81092,(29)-25-32354,06/18/1980,03:43:34,595
(40)-12-93819,(20)-13-83943,06/18/1980,05:06:55,1072
(68)-11-78459,(62)-06-72844,06/18/1980,07:32:20,85
(38)-16-21713,(49)-12-38892,06/19/1980,01:25:54,841
(20)-23-21364,(72)-02-41924,06/19/1980,03:35:13,207
(21)-04-88597,(69)-15-53843,06/19/1980,08:29:27,1229
(68)-04-56010,(45)-12-33754,06/19/1980,10:19:20,182
(26)-27-92189,(34)-09-97212,06/19/1980,12:08:00,280
(32)-20-22236,(50)-08-68203,06/19/1980,22:01:26,3016
(39)-07-57556,(43)-13-93898,06/19/1980,22:40:23,100
(43)-04-41220,(73)-03-74371,06/20/1980,01:12:04,502
(52)-00-76378,(64)-07-36680,06/20/1980,11:54:49,2071
(24)-12-11099,(78)-11-74867,06/20/1980,18:18:47,454
(22)-24-68770,(74)-00-62651,06/20/1980,23:12:35,108
(47)-10-07061,(67)-03-61812,06/21/1980,02:55:27,255
(79)-01-07970,(72)-06-57023,06/21/1980,08:20:07,710
(71)-09-20990,(47)-00-45283,06/21/1980,08:24:17,56
(36)-11-65908,(60)-05-96352,06/21/1980,08:55:40,1090
(76)-13-92279,(78)-08-79836,06/21/1980,12:19:23,121
(45)-06-96456,(44)-15-55600,06/21/1980,20:48:02,15
(61)-19-29712,(72)-01-37364,06/21/1980,21:10:31,1245
(27)-09-35480,(76)-09-37398,06/22/1980,02:05:12,15
(34)-11-30843,(74)-02-19483,06/22/1980,02:46:15,388
(54)-21-35949,(50)-03-03156,06/22/1980,03:48:35,524
(38)-24-65745,(62)-18-24714,06/22/1980,09:52:10,494
(57)-16-65120,(46)-19-30145,06/22/1980,10:10:01,206
(31)-21-89487,(29)-08-51786,06/22/1980,10:33:46,829
(22)-29-62912,(24)-24-55869,06/22/1980,11:45:51,144
(72)-05-78280,(54)-05-76873,06/22/1980,21:46:25,186
(55)-07-02489,(22)-27-74436,06/23/1980,03:33:48,270
(56)-20-41634,(77)-03-22861,06/23/1980,16:26:40,547
(52)-22-54326,(67)-09-00579,06/23/1980,21:12:45,555
(51)-09-97535,(42)-06-62870,06/24/1980,04:02:17,12
(34)-17-06554,(46)-16-44645,06/24/1980,12:31:14,2028
(39)-24-89338,(48)-04-94598,06/24/1980,19:29:20,751
(39)-15-68159,(43)-03-04325,06/24/1980,21:43:08,229
(35)-16-61556,(36)-10-07383,06/24/1980,22:36:08,29
(62)-12-24088,(73)-09-72296,06/25/1980,01:13:54,1204
(77)-13-45803,(20)-01-00296,06/25/1980,08:14:07,241
(65)-03-97562,(70)-03-36593,06/25/1980,12:38:03,282
(74)-06-44128,(61)-17-35029,06/25/1980,15:15:03,966
(55)-06-03998,(28)-20-54962,06/26/1980,05:28:29,122
(72)-08-71887,(60)-19-37038,06/26/1980,13:37:49,31
(61)-19-58806,(46)-17-45739,06/26/1980,16:48:39,172
(30)-16-34962,(54)-13-90777,06/27/1980,01:06:50,265
(40)-11-37919,(62)-07-11910,06/27/1980,07:28:25,74
(25)-18-05639,(61)-12-76835,06/27/1980,07:40:32,2570
(29)-15-07043,(75)-06-80642,06/27/1980,10:37:02,70
(42)-23-93599,(68)-14-03223,06/27/1980,15:00:16,791
(63)-14-67048,(70)-06-75790,06/27/1980,16:13:29,657
(21)-31-94660,(23)-08-13382,06/27/1980,18:36:36,128
(42)-08-81779,(40)-07-44990,06/27/1980,20:39:16,112
(68)-03-41190,(40)-16-79470,06/28/1980,13:43:28,734
(31)-11-48078,(46)-00-78094,06/28/1980,17:05:16,533
(67)-08-80716,(36)-11-23963,06/28/1980,19:56:05,323
(66)-06-86530,(65)-16-51024,06/29/1980,00:53:03,56
(64)-09-50559,(69)-00-36156,06/29/1980,05:43:30,345
(69)-13-13931,(37)-27-98557,06/29/1980,09:23:37,225
(49)-03-42967,(37)-18-55293,06/29/1980,14:54:57,125
(76)-03-76919,(49)-13-53480,06/29/1980,16:05:59,10
(42)-00-98620,(28)-30-81633,06/29/1980,21:52:35,2756
(27)-27-77696,(25)-19-09729,06/30/1980,07:04:44,287
(45)-14-90188,(48)-12-15757,06/30/1980,08:26:03,395
(45)-00-83877,(71)-11-94175,06/30/1980,16:08:22,2968
(30)-14-27652,(77)-09-93003,06/30/1980,16:33:20,316
(65)-14-15789,(54)-17-50808,06/30/1980,18:41:30,830
(29)-12-81900,(74)-01-64154,06/30/1980,19:27:13,228
(79)-05-51527,(52)-00-32217,06/30/1980,20:44:27,441
(57)-06-43963,(49)-20-75189,06/30/1980,22:41:12,821
(36)-27-79859,(45)-06-55681,07/02/1980,02:16:32,1722
(34)-21-12709,(34)-11-91278,07/02/1980,04:30:33,152
(61)-02-60460,(48)-13-62378,07/02/1980,07:46:53,236
(39)-04-25307,(33)-18-96767,07/03/1980,01:57:48,228
(51)-15-19082,(22)-09-16198,07/03/1980,20:06:04,2983
(52)-02-69393,(27)-19-39360,07/04/1980,07:26:05,2728
(79)-03-71398,(47)-12-56779,07/04/1980,08:20:56,698
(73)-09-54172,(25)-00-12206,07/04/1980,08:50:17,3051
(20)-10-78796,(54)-13-32591,07/04/1980,11:18:29,271
(60)-19-97206,(56)-02-11112,07/04/1980,11:22:34,130
(28)-26-44275,(44)-14-05516,07/04/1980,12:41:21,142
(55)-15-10353,(57)-01-93390,07/04/1980,15:00:41,327
(53)-08-25918,(28)-16-75411,07/04/1980,16:44:00,19
(38)-06-71833,(48)-20-52475,07/04/1980,18:53:47,599
(79)-00-42604,(66)-17-53533,07/05/1980,03:33:32,222
(27)-00-57248,(28)-27-05672,07/05/1980,06:30:32,700
(21)-04-94508,(78)-10-33445,07/05/1980,21:44:24,90
(54)-04-82123,(60)-09-92510,07/06/1980,07:43:28,557
(61)-05-97554,(45)-07-18525,07/06/1980,08:38:24,46
(70)-05-77711,(66)-08-41668,07/06/1980,14:15:44,23
(35)-07-36403,(43)-13-55494,07/06/1980,19:55:05,3046
(77)-05-09878,(38)-07-83369,07/06/1980,23:12:58,483
(69)-16-89933,(28)-08-61940,07/07/1980,01:43:30,843
(63)-16-72760,(24)-19-30977,07/07/1980,08:07:06,3496
(27)-16-19010,(69)-00-65018,07/07/1980,13:22:10,3447
(71)-02-31635,(33)-09-09854,07/07/1980,16:08:13,346
(71)-05-00581,(31)-29-23694,07/07/1980,19:07:15,5587
(20)-02-44391,(67)-10-52423,07/08/1980,01:49:34,2509
(79)-06-46598,(76)-00-23560,07/08/1980,08:56:50,675
(63)-16-64782,(58)-13-79888,07/08/1980,09:10:52,823
(61)-02-43109,(47)-13-77516,07/08/1980,16:34:35,417
(66)-06-24841,(29)-25-12789,07/09/1980,01:36:52,1679
(77)-14-85079,(66)-04-08221,07/09/1980,05:57:18,165
(37)-23-31912,(47)-05-44917,07/09/1980,07:21:24,150
(38)-16-63548,(47)-22-45084,07/09/1980,08:54:16,841
(77)-08-93942,(72)-08-36250,07/09/1980,11:11:02,242
(47)-14-62869,(70)-12-62626,07/09/1980,20:12:23,882
(28)-20-57798,(47)-11-94252,07/09/1980,20:38:12,198
(75)-12-76147,(51)-12-19025,07/10/1980,01:07:11,287
(43)-10-12941,(51)-14-21284,07/10/1980,02:12:00,757
(26)-05-64806,(71)-06-50694,07/10/1980,03:26:52,52
(29)-04-08849,(59)-05-98856,07/10/1980,07:03:33,535
(66)-13-13338,(65)-02-32350,07/11/1980,07:08:27,92
(31)-02-87348,(29)-26-13135,07/11/1980,08:17:21,740
(20)-01-45255,(36)-11-66982,07/11/1980,09:39:10,607
(32)-04-18764,(56)-17-09492,07/11/1980,10:26:37,248
(48)-23-04276,(77)-06-10794,07/11/1980,13:12:02,1329
(58)-07-11962,(42)-21-55118,07/11/1980,19:39:10,875
(56)-13-95929,(58)-08-80334,07/11/1980,22:13:36,49
(71)-16-64040,(40)-13-37875,07/12/1980,02:49:05,716
(31)-23-35846,(45)-15-83534,07/12/1980,06:54:27,215
(72)-14-56416,(23)-07-66291,07/12/1980,10:38:24,31
(44)-11-19578,(79)-05-75271,07/12/1980,10:40:39,871
(32)-23-01116,(75)-10-15443,07/12/1980,11:47:10,139
(31)-14-51062,(43)-17-87324,07/12/1980,13:41:29,250
(69)-04-42319,(75)-04-67979,07/12/1980,15:09:45,383
(53)-02-75445,(59)-02-59237,07/12/1980,20:25:11,278
(60)-11-42664,(62)-04-94651,07/12/1980,20:35:04,864
(43)-04-02982,(71)-16-11606,07/12/1980,23:04:34,223
(67)-12-65497,(72)-04-03895,07/13/1980,03:42:56,206
(55)-16-80766,(53)-18-65880,07/13/1980,11:08:07,570
(26)-27-42162,(47)-17-30433,07/13/1980,12:06:13,1381
(77)-14-78531,(62)-18-51077,07/13/1980,14:46:40,9
(55)-05-46217,(51)-02-01537,07/13/1980,21:08:57,136
(44)-16-14287,(48)-06-77367,07/13/1980,22:54:00,243
(59)-18-20654,(62)-09-16920,07/14/1980,08:05:20,894
(70)-05-43476,(39)-12-59163,07/14/1980,09:07:31,607
(24)-22-64564,(33)-03-58805,07/14/1980,12:34:02,179
(37)-18-92600,(20)-28-73113,07/14/1980,14:49:44,27
(47)-12-70640,(59)-15-47378,07/15/1980,01:39:14,546
(68)-03-28130,(78)-04-11548,07/15/1980,14:14:28,310
(59)-08-70492,(40)-09-96606,07/15/1980,15:06:50,41
(20)-33-05936,(61)-17-82527,07/16/1980,03:04:37,174
(39)-26-27946,(20)-07-53078,07/16/1980,17:42:22,185
(74)-13-68010,(79)-02-95219,07/16/1980,18:55:36,736
(26)-00-83402,(32)-14-32920,07/16/1980,19:33:30,133
(73)-03-15304,(57)-04-00364,07/16/1980,21:00:50,659
(25)-18-80016,(32)-18-91930,07/17/1980,06:11:25,278
(35)-25-52523,(32)-14-11779,07/17/1980,07:30:56,87
(40)-08-80803,(36)-08-49821,07/17/1980,14:22:32,391
(65)-16-98008,(71)-05-37820,07/17/1980,21:41:39,146
(45)-17-95903,(55)-06-40513,07/18/1980,03:32:27,518
(26)-19-86973,(26)-10-80339,07/18/1980,07:16:55,281
(56)-20-15166,(22)-27-13573,07/18/1980,12:28:11,940
(25)-31-73027,(68)-04-47541,07/18/1980,12:51:50,75
(50)-04-99322,(27)-08-02114,07/18/1980,23:24:01,218
(70)-13-52307,(28)-16-87342,07/19/1980,07:14:10,89
(52)-03-66864,(66)-02-95318,07/19/1980,10:56:27,127
(29)-14-27384,(63)-04-85946,07/19/1980,16:08:40,2242
(39)-12-14854,(52)-04-55826,07/19/1980,17:13:32,5
(65)-18-38743,(50)-04-43381,07/19/1980,19:38:16,3206
(31)-00-09872,(51)-11-28445,07/20/1980,00:05:01,412
(25)-26-49861,(20)-15-09856,07/20/1980,03:19:28,163
(41)-04-69332,(33)-16-62440,07/20/1980,07:16:24,137
(29)-19-45016,(27)-20-44075,07/20/1980,07:17:12,793
(52)-10-15482,(45)-07-10165,07/20/1980,14:45:40,347
(40)-21-32753,(70)-13-40697,07/20/1980,17:48:20,91
(43)-25-43004,(36)-23-63799,07/20/1980,19:40:23,65
(56)-19-36741,(27)-24-82612,07/21/1980,00:55:09,1581
(29)-16-07446,(69)-08-77687,07/21/1980,09:53:07,563
(46)-02-67500,(24)-16-24308,07/21/1980,10:15:49,101
(29)-05-88487,(48)-02-79314,07/21/1980,14:05:33,292
(54)-02-24081,(79)-02-56360,07/21/1980,18:21:07,223
(77)-10-52066,(55)-11-78988,07/21/1980,19:10:08,197
(49)-09-53879,(72)-02-35526,07/21/1980,20:28:03,350
(33)-04-07360,(59)-10-77026,07/22/1980,02:34:51,220
(33)-26-07243,(49)-10-79247,07/22/1980,02:55:50,3108
(31)-00-88381,(71)-16-19839,07/23/1980,00:20:26,532
(53)-18-19027,(54)-15-38126,07/23/1980,03:19:35,3376
(63)-02-84928,(57)-19-78451,07/23/1980,05:36:39,1132
(44)-10-53769,(56)-04-30813,07/23/1980,08:36:53,646
(53)-22-48057,(23)-02-83417,07/23/1980,09:34:27,639
(36)-00-74852,(79)-12-73552,07/23/1980,09:48:45,33
(28)-06-95831,(63)-02-27675,07/23/1980,10:33:36,144
(40)-25-08894,(22)-04-56463,07/23/1980,10:51:02,533
(54)-19-74828,(67)-14-70511,07/23/1980,16:31:52,269
(32)-15-69274,(72)-14-19664,07/24/1980,02:05:07,249
(22)-09-55347,(32)-22-57050,07/24/1980,05:55:26,139
(30)-06-77084,(22)-23-55934,07/24/1980,17:55:54,242
(74)-06-56052,(54)-05-17883,07/24/1980,19:31:21,1184
(45)-24-40883,(76)-12-09738,07/25/1980,01:03:37,534
(63)-10-15292,(21)-02-14409,07/25/1980,08:09:42,277
(26)-03-66782,(27)-24-11960,07/25/1980,09:32:36,274
(57)-06-05497,(31)-13-30271,07/25/1980,10:52:46,175
(72)-14-95879,(64)-02-40654,07/25/1980,20:35:30,15
(29)-10-50813,(33)-10-59423,07/25/1980,21:22:25,279
(51)-13-28718,(30)-26-12173,07/25/1980,22:54:47,1678
(42)-09-04624,(55)-09-73616,07/26/1980,08:24:16,515
(69)-15-35892,(23)-02-99652,07/26/1980,11:18:15,226
(27)-00-86774,(27)-04-14854,07/26/1980,21:16:48,4869
(24)-00-90395,(27)-27-04813,07/27/1980,00:17:24,82
(73)-10-01512,(32)-07-05357,07/27/1980,03:30:26,1944
(21)-17-78270,(61)-12-72534,07/27/1980,05:52:38,1713
(63)-11-85562,(29)-01-77030,07/27/1980,10:47:39,496
(79)-06-30187,(59)-07-95589,07/27/1980,11:51:08,195
(65)-08-40659,(68)-15-88098,07/27/1980,14:54:11,675
(63)-06-67258,(66)-07-16477,07/28/1980,00:36:38,299
(31)-01-93836,(54)-08-38782,07/28/1980,06:47:25,45
(34)-26-54695,(47)-04-92447,07/28/1980,08:30:18,779
(68)-02-00185,(23)-16-84089,07/28/1980,18:11:12,163
(59)-09-68202,(25)-18-43784,07/28/1980,19:34:44,2547
(39)-22-91747,(53)-03-60092,07/29/1980,00:32:32,231
(32)-24-87247,(61)-03-47762,07/29/1980,15:02:42,89
(59)-04-16030,(47)-06-90303,07/29/1980,23:00:21,3096
(61)-03-80345,(68)-09-14762,07/30/1980,04:30:43,256
(70)-03-36593,(71)-02-92328,07/30/1980,06:47:09,3537
(41)-11-70478,(76)-04-52361,07/30/1980,07:12:27,491
(78)-01-17333,(39)-26-52719,07/30/1980,16:35:35,476
(75)-11-03110,(75)-12-20994,07/30/1980,17:56:14,392
(55)-04-59836,(26)-07-97090,07/30/1980,18:35:30,571
(25)-01-27740,(20)-17-57765,07/31/1980,02:36:11,237
(67)-12-51769,(29)-01-07839,07/31/1980,03:19:09,748
(46)-01-81825,(66)-11-35979,07/31/1980,07:14:33,83
(69)-12-89955,(73)-12-42410,07/31/1980,11:29:03,117
(78)-08-16664,(42)-14-57856,07/31/1980,13:59:47,249
(29)-17-51087,(52)-18-44684,07/31/1980,15:16:01,90
(45)-14-17692,(26)-03-89052,07/31/1980,17:54:43,275
(57)-03-80488,(45)-23-68970,07/31/1980,18:10:11,723
(40)-03-21396,(38)-11-27824,08/01/1980,01:23:32,265
(37)-03-53942,(38)-01-39270,08/01/1980,08:02:09,42
(24)-09-92011,(64)-17-64264,08/01/1980,11:20:08,858
(59)-14-56657,(56)-21-67040,08/01/1980,18:05:01,128
(48)-06-20086,(42)-15-84795,08/01/1980,19:07:50,170
(60)-12-15378,(70)-09-40370,08/02/1980,07:56:32,147
(24)-27-30765,(51)-17-87823,08/02/1980,10:20:17,799
(31)-22-43702,(28)-16-11972,08/02/1980,13:15:09,23
(64)-05-91126,(37)-06-80316,08/02/1980,15:31:34,789
(61)-09-74449,(42)-15-34304,08/02/1980,20:01:42,251
(26)-31-27007,(55)-12-40408,08/03/1980,01:06:00,219
(73)-11-56913,(46)-10-46086,08/03/1980,02:04:47,889
(24)-01-48879,(32)-10-38395,08/03/1980,02:57:13,284
(43)-14-81349,(53)-05-34153,08/03/1980,05:24:52,2415
(28)-15-99747,(46)-21-60583,08/03/1980,05:37:47,289
(23)-25-89228,(23)-18-29959,08/03/1980,10:55:09,297
(59)-03-04069,(29)-13-00205,08/03/1980,15:37:17,143
(60)-05-76442,(73)-13-81614,08/03/1980,21:40:33,2243
(30)-29-02014,(77)-04-81150,08/03/1980,22:53:49,725
(59)-20-24015,(47)-12-19120,08/04/1980,11:21:22,88
(40)-16-85482,(73)-12-43493,08/04/1980,14:56:41,224
(62)-03-32675,(47)-18-40289,08/04/1980,16:40:36,248
(53)-15-97137,(78)-03-36872,08/04/1980,19:16:32,11
(36)-00-27867,(71)-07-12383,08/04/1980,20:38:40,359
(65)-16-24112,(51)-19-45166,08/05/1980,09:19:07,50
(45)-21-38906,(37)-12-10581,08/05/1980,12:02:38,409
(23)-25-46381,(45)-15-14370,08/05/1980,19:53:14,615
(77)-12-92390,(21)-03-79793,08/05/1980,23:56:21,176
(28)-10-18261,(47)-04-75775,08/06/1980,03:15:35,865
(30)-02-47767,(53)-16-48801,08/06/1980,05:01:34,751
(75)-06-98735,(78)-02-87890,08/06/1980,14:34:33,121
(24)-18-37986,(72)-12-03915,08/07/1980,03:52:50,25
(67)-03-59992,(42)-06-87036,08/08/1980,00:42:38,841
(71)-02-36294,(72)-02-76336,08/08/1980,05:43:24,2091
(27)-28-90126,(59)-11-44005,08/08/1980,06:11:56,54
(41)-19-15385,(27)-08-12075,08/08/1980,13:26:13,245
(65)-11-77551,(54)-10-57568,08/08/1980,14:04:51,2493
(59)-02-40222,(77)-07-06884,08/08/1980,16:46:50,102
(54)-12-73036,(67)-07-71934,08/09/1980,01:50:23,1165
(34)-19-93780,(48)-17-03391,08/09/1980,03:38:12,3232
(20)-21-41880,(58)-08-56054,08/09/1980,06:24:10,263
(53)-05-34090,(55)-13-88904,08/09/1980,14:48:39,139
(74)-02-65265,(59)-11-52875,08/09/1980,21:32:50,163
(26)-22-69720,(64)-05-03323,08/10/1980,03:44:15,296
(37)-06-63393,(39)-18-57956,08/10/1980,05:20:53,751
(21)-08-47467,(21)-28-75398,08/10/1980,08:35:41,111
(56)-07-36345,(23)-05-57565,08/10/1980,15:44:36,9
(29)-04-78604,(41)-15-20459,08/10/1980,15:56:47,651
(23)-24-00135,(55)-13-36010,08/10/1980,20:15:29,191
(40)-04-40858,(23)-27-29842,08/10/1980,23:47:42,246
(60)-09-48441,(69)-00-32400,08/11/1980,00:03:43,3509
(54)-20-26754,(52)-07-10629,08/11/1980,16:34:36,171
(38)-25-89906,(61)-02-70652,08/11/1980,21:41:24,111
(73)-07-31133,(28)-12-37305,08/12/1980,03:32:30,235
(46)-01-42798,(40)-10-95617,08/12/1980,06:56:27,759
(73)-07-78481,(78)-00-38912,08/12/1980,08:47:45,2344
(29)-18-77532,(57)-17-79761,08/12/1980,18:08:24,557
(50)-12-58107,(22)-30-93036,08/13/1980,00:06:01,769
(43)-08-09866,(62)-19-19161,08/13/1980,06:36:33,20
(29)-08-63368,(76)-14-96642,08/13/1980,07:11:38,56
(52)-06-88007,(73)-02-60318,08/13/1980,08:27:24,2817
(27)-09-65507,(76)-13-06551,08/13/1980,17:38:50,481
(78)-11-67751,(25)-14-17881,08/13/1980,23:44:24,226
(62)-18-72529,(46)-22-26936,08/14/1980,05:33:48,112
(41)-04-49981,(60)-11-42664,08/14/1980,08:32:41,299
(72)-12-06866,(64)-16-95166,08/14/1980,12:29:47,4174
(77)-14-93622,(59)-10-11848,08/14/1980,17:56:27,266
(79)-06-27490,(21)-31-63212,08/14/1980,21:10:20,2844
(65)-01-49741,(69)-14-25879,08/15/1980,03:27:54,102
(65)-12-18293,(51)-06-60812,08/15/1980,12:55:23,325
(24)-05-87999,(44)-17-60499,08/15/1980,16:06:35,772
(65)-17-88725,(25)-03-83705,08/15/1980,18:18:18,75
(65)-08-02779,(43)-12-78635,08/15/1980,21:17:57,247
(31)-23-45305,(39)-13-87870,08/16/1980,00:34:21,139
(23)-18-23020,(43)-12-33386,08/16/1980,04:01:26,166
(35)-28-08215,(53)-04-11550,08/16/1980,08:21:29,3173
(56)-01-10940,(61)-09-13315,08/16/1980,17:44:46,1010
(66)-08-50414,(30)-10-39380,08/17/1980,02:18:22,82
(43)-14-81543,(49)-21-25068,08/17/1980,08:29:51,21
(45)-17-72361,(33)-07-69861,08/17/1980,20:21:42,73
(72)-15-34863,(62)-09-82083,08/18/1980,02:47:23,3564
(21)-11-29882,(35)-16-18697,08/18/1980,04:06:31,542
(60)-00-58501,(42)-21-95855,08/18/1980,04:56:54,248
(66)-14-22812,(79)-10-92767,08/18/1980,05:38:52,68
(35)-07-05753,(59)-03-80666,08/18/1980,11:24:02,2572
(60)-00-75725,(27)-19-13027,08/19/1980,03:41:17,231
(69)-08-13120,(67)-09-00579,08/19/1980,04:27:48,607
(56)-17-79117,(75)-08-57739,08/19/1980,04:57:36,173
(39)-04-05086,(21)-16-78683,08/19/1980,11:35:45,763
(50)-09-21474,(42)-06-92687,08/19/1980,22:47:27,256
(62)-01-16284,(73)-15-47608,08/20/1980,01:39:08,111
(65)-07-28865,(69)-11-28556,08/20/1980,05:51:44,266
(60)-14-91912,(59)-16-08027,08/20/1980,06:14:11,141
(61)-14-90827,(43)-01-46905,08/20/1980,13:53:43,665
(47)-19-85021,(33)-03-26161,08/21/1980,00:18:24,3288
(48)-06-79391,(58)-18-82069,08/21/1980,00:51:33,846
(39)-18-92816,(74)-10-77295,08/21/1980,00:58:10,6
(44)-22-57296,(34)-14-90424,08/21/1980,01:04:58,649
(28)-28-38738,(61)-08-23495,08/21/1980,06:28:27,2616
(31)-09-90709,(60)-09-71966,08/21/1980,19:14:19,1086
(51)-19-06730,(50)-09-76108,08/22/1980,07:47:19,126
(78)-00-13114,(61)-08-23873,08/22/1980,15:23:21,279
(21)-26-06547,(35)-10-46466,08/22/1980,20:11:11,1510
(64)-08-51924,(58)-20-68218,08/23/1980,04:58:57,887
(70)-13-60896,(49)-23-43200,08/23/1980,05:30:21,166
(73)-01-11349,(27)-24-30670,08/23/1980,06:20:12,3452
(42)-07-58136,(33)-17-73908,08/23/1980,13:48:09,262
(55)-21-06916,(64)-04-37433,08/24/1980,03:49:28,344
(67)-06-29828,(66)-00-41429,08/24/1980,04:11:48,10
(30)-13-96889,(74)-02-12714,08/24/1980,08:00:29,210
(50)-04-51743,(40)-18-89665,08/24/1980,11:13:19,2025
(65)-14-74176,(68)-07-92590,08/24/1980,15:37:45,419
(30)-04-49438,(73)-11-09933,08/24/1980,18:29:58,515
(58)-15-85261,(44)-25-47425,08/25/1980,08:04:06,806
(55)-14-98134,(35)-25-17712,08/25/1980,09:34:09,40
(53)-18-44925,(40)-26-22036,08/25/1980,18:27:28,26
(20)-12-08203,(71)-03-71490,08/25/1980,22:56:37,250
(61)-08-98705,(26)-29-66576,08/26/1980,00:56:22,392
(52)-06-26049,(71)-10-77266,08/26/1980,01:20:51,740
(59)-11-10776,(22)-21-44011,08/26/1980,01:37:44,793
(23)-09-27303,(60)-10-93718,08/26/1980,03:25:31,259
(57)-00-57889,(73)-02-53824,08/26/1980,05:33:36,73
(45)-07-07335,(29)-20-52219,08/26/1980,17:13:52,812
(69)-09-57272,(42)-07-72124,08/26/1980,17:23:15,727
(31)-09-94882,(60)-15-09844,08/26/1980,18:01:05,81
(54)-21-01010,(31)-04-26579,08/27/1980,02:59:23,252
(31)-01-46570,(51)-02-10511,08/27/1980,03:52:15,848
(39)-23-76305,(27)-22-42306,08/27/1980,07:16:57,221
(21)-07-50532,(55)-04-13223,08/27/1980,10:52:29,718
(77)-12-21379,(37)-03-82029,08/27/1980,20:49:03,2287
(59)-14-85195,(31)-29-79628,08/27/1980,23:06:04,1794
(28)-09-25418,(62)-00-50712,08/28/1980,01:52:11,57
(53)-20-50864,(35)-07-11449,08/28/1980,08:23:28,188
(32)-26-48350,(55)-03-21612,08/28/1980,15:10:47,53
(60)-03-00626,(38)-20-85882,08/28/1980,23:53:23,840
(62)-12-68279,(21)-30-83739,08/29/1980,05:25:44,13
(47)-20-83633,(61)-16-48119,08/29/1980,08:05:54,393
(40)-15-60223,(38)-08-53304,08/29/1980,08:25:41,441
(40)-04-66966,(62)-04-00180,08/29/1980,12:18:45,294
(35)-17-74097,(72)-06-52983,08/29/1980,12:42:48,3793
(69)-16-93905,(35)-18-12448,08/29/1980,14:06:00,210
(29)-10-42257,(37)-13-23638,08/29/1980,15:22:58,1140
(64)-00-84584,(33)-03-13040,08/29/1980,17:27:59,845
(57)-06-49905,(69)-11-65193,08/30/1980,00:48:05,26
(31)-03-61372,(31)-16-92617,08/30/1980,14:38:40,366
(22)-18-70133,(35)-28-74953,08/30/1980,19:55:10,2094
(72)-10-48036,(55)-20-31447,08/30/1980,20:30:04,272
(34)-25-11177,(59)-20-71614,08/30/1980,22:45:57,484
(77)-08-44571,(73)-10-96006,08/31/1980,04:43:20,81
(56)-09-63274,(62)-00-31004,08/31/1980,06:21:10,250
(59)-00-50025,(20)-10-04366,08/31/1980,08:00:40,164
(46)-14-99867,(55)-19-20574,08/31/1980,09:18:59,130
(65)-16-85331,(29)-16-53639,08/31/1980,10:40:55,3580
(63)-12-65287,(48)-15-27989,08/31/1980,14:18:23,259
(58)-04-77260,(57)-07-05558,08/31/1980,21:54:50,694
(37)-14-23186,(47)-06-70721,09/01/1980,00:20:34,183
(22)-25-06740,(52)-22-67921,09/01/1980,00:25:01,53
(54)-16-90053,(73)-07-52400,09/01/1980,02:48:19,121
(46)-13-67616,(57)-19-57948,09/01/1980,05:11:14,570
(37)-21-79984,(30)-04-56939,09/01/1980,05:48:27,472
(36)-21-57272,(76)-09-51051,09/01/1980,07:49:13,344
(37)-26-48353,(34)-08-26467,09/01/1980,08:15:31,858
(50)-06-83191,(53)-06-76846,09/01/1980,11:32:35,93
(51)-12-89515,(69)-00-90052,09/01/1980,11:33:11,269
(74)-07-93642,(76)-01-37992,09/01/1980,12:28:13,115
(59)-08-16942,(63)-06-93533,09/01/1980,17:25:00,75
(28)-11-97932,(65)-03-29995,09/01/1980,18:09:46,87
(28)-07-40319,(53)-14-65078,09/02/1980,04:10:34,155
(70)-13-36739,(61)-16-44777,09/02/1980,12:28:40,186
(38)-05-13597,(20)-04-31313,09/02/1980,15:11:30,64
(40)-06-53138,(30)-00-37745,09/03/1980,01:55:09,2847
(49)-09-38497,(53)-10-15318,09/03/1980,16:17:48,198
(41)-11-00450,(21)-09-00276,09/04/1980,04:35:42,1331
(60)-02-06360,(30)-23-58058,09/04/1980,15:18:47,178
(40)-11-63473,(61)-02-26837,09/04/1980,16:20:25,218
(32)-25-91675,(43)-23-31640,09/04/1980,17:39:43,598
(71)-09-19974,(50)-08-79858,09/05/1980,06:08:46,58
(22)-02-97772,(55)-06-65699,09/05/1980,15:57:25,125
(40)-02-23872,(59)-17-06184,09/05/1980,16:22:12,49
(47)-15-69446,(44)-23-57085,09/06/1980,00:13:11,150
(36)-02-92522,(67)-15-64786,09/06/1980,01:02:46,3354
(50)-00-08749,(45)-16-02337,09/06/1980,15:50:05,52
(56)-20-37167,(51)-16-03741,09/06/1980,15:55:13,571
(62)-13-74798,(29)-20-82585,09/06/1980,19:52:35,711
(56)-06-99338,(73)-11-24033,09/06/1980,20:20:59,1041
(79)-02-79100,(27)-23-71579,09/07/1980,00:42:36,793
(32)-19-45961,(35)-02-66938,09/07/1980,00:58:05,65
(60)-01-25147,(37)-14-84591,09/07/1980,04:09:20,2710
(50)-07-80402,(79)-03-89307,09/07/1980,10:19:41,22
(43)-03-24864,(62)-16-49630,09/07/1980,14:46:14,3386
(22)-19-04148,(21)-11-29882,09/08/1980,00:01:03,427
(77)-08-44000,(63)-13-28938,09/08/1980,04:12:12,760
(23)-31-46367,(58)-11-11905,09/08/1980,04:29:39,220
(58)-11-03287,(52)-15-68075,09/08/1980,07:21:41,92
(56)-14-80142,(31)-00-40737,09/08/1980,10:44:49,176
(46)-24-73361,(36)-21-69891,09/08/1980,11:26:50,221
(74)-03-06620,(78)-02-40547,09/09/1980,00:58:52,31
(60)-12-51992,(30)-25-15418,09/09/1980,06:36:35,270
(39)-16-44448,(24)-18-09304,09/09/1980,07:18:13,154
(43)-21-60713,(54)-17-53747,09/09/1980,08:40:33,147
(21)-27-65939,(39)-20-72893,09/09/1980,11:08:55,8
(70)-13-23420,(41)-26-90306,09/09/1980,11:55:30,55
(31)-16-81791,(23)-23-84684,09/09/1980,17:52:00,136
(60)-18-99142,(59)-19-70690,09/10/1980,01:46:17,90
(40)-21-70099,(78)-00-50141,09/10/1980,04:10:23,396
(30)-12-14973,(43)-04-22371,09/10/1980,04:25:52,21
(36)-24-54907,(70)-09-04389,09/10/1980,16:08:27,118
(59)-01-97325,(28)-22-64404,09/10/1980,19:29:59,892
(67)-01-38573,(53)-19-37297,09/11/1980,01:03:56,253
(62)-07-27828,(47)-22-89333,09/11/1980,02:27:22,15
(75)-14-77842,(47)-23-19366,09/11/1980,05:21:51,2168
(56)-06-81859,(39)-10-95779,09/11/1980,08:01:50,81
(38)-06-38648,(53)-04-35507,09/11/1980,09:09:02,3194
(76)-05-64343,(78)-12-27096,09/11/1980,18:16:22,6757
(54)-02-24884,(59)-00-21899,09/11/1980,21:25:18,109
(61)-03-86148,(48)-19-63168,09/11/1980,23:21:06,235
(22)-30-90888,(31)-19-87224,09/12/1980,08:34:02,2332
(36)-12-48067,(21)-31-57543,09/12/1980,09:03:05,6826
(78)-05-03481,(77)-13-27346,09/12/1980,10:15:47,403
(31)-24-07848,(49)-03-66817,09/12/1980,11:13:13,209
(21)-00-94894,(30)-08-75245,09/12/1980,11:19:38,67
(49)-07-93051,(64)-17-24258,09/12/1980,12:44:42,30
(69)-09-27261,(44)-03-63322,09/12/1980,15:33:52,429
(59)-19-77515,(24)-06-72349,09/12/1980,16:58:52,150
(38)-07-82058,(71)-04-52004,09/12/1980,18:05:42,410
(69)-09-78142,(77)-11-77084,09/12/1980,19:02:03,2185
(20)-15-46309,(42)-06-64480,09/13/1980,03:19:57,191
(77)-01-09342,(58)-10-47336,09/13/1980,18:06:03,3443
(61)-17-06542,(78)-03-93732,09/14/1980,09:24:47,169
(52)-18-19884,(73)-09-97118,09/14/1980,09:40:36,839
(58)-18-84771,(35)-14-54818,09/14/1980,15:26:40,254
(52)-19-70781,(37)-19-28925,09/14/1980,21:56:25,98
(66)-07-00726,(57)-08-72957,09/15/1980,00:07:11,44
(47)-19-21763,(64)-17-11323,09/15/1980,02:04:11,3507
(57)-05-60310,(40)-00-85796,09/15/1980,06:51:52,632
(20)-01-45438,(46)-17-51773,09/15/1980,07:39:58,224
(41)-19-20702,(60)-12-01290,09/15/1980,11:01:04,2585
(24)-21-65491,(61)-12-99514,09/15/1980,18:43:58,2145
(43)-23-31790,(74)-01-82625,09/15/1980,20:48:59,635
(64)-18-95914,(75)-06-51594,09/16/1980,07:31:16,170
(66)-11-67272,(76)-06-95911,09/16/1980,11:24:12,433
(57)-06-49905,(65)-11-22959,09/16/1980,22:32:07,649
(33)-25-53567,(21)-13-39761,09/17/1980,01:56:04,64
(22)-04-62267,(29)-02-32277,09/17/1980,03:24:47,708
(29)-01-49358,(58)-01-36341,09/17/1980,04:04:17,1993
(27)-01-39393,(53)-09-02162,09/17/1980,12:28:47,109
(60)-04-21596,(79)-08-59584,09/17/1980,13:21:29,95
(49)-07-37799,(60)-03-20789,09/17/1980,21:28:56,78
(51)-10-37243,(40)-10-76583,09/18/1980,06:42:37,273
(79)-08-87024,(46)-16-44645,09/18/1980,09:26:54,2401
(62)-05-19491,(36)-05-13622,09/18/1980,09:50:03,354
(51)-09-89006,(56)-15-79681,09/18/1980,15:27:58,745
(60)-03-08396,(37)-18-09770,09/18/1980,20:11:31,518
(79)-12-40543,(31)-04-50943,09/18/1980,21:12:04,95
(37)-26-29291,(73)-10-92637,09/19/1980,00:05:15,155
(79)-10-13398,(32)-26-84244,09/19/1980,08:19:37,823
(65)-08-83839,(62)-03-84080,09/19/1980,18:30:58,188
(78)-00-66459,(62)-14-04306,09/19/1980,21:55:37,6
(48)-23-59052,(25)-22-02501,09/20/1980,03:26:36,32
(67)-14-36563,(34)-26-92557,09/20/1980,05:34:00,257
(45)-13-37759,(50)-20-89371,09/20/1980,08:42:27,976
(42)-03-08565,(21)-29-18667,09/20/1980,09:14:31,107
(76)-02-77897,(63)-14-03925,09/20/1980,10:44:03,2205
(49)-14-99714,(42)-01-75101,09/20/1980,12:43:10,95
(68)-03-51571,(71)-11-25855,09/20/1980,22:59:51,732
(62)-15-63512,(45)-04-22153,09/21/1980,11:28:30,18
(66)-11-12011,(52)-11-98093,09/21/1980,11:51:51,270
(58)-17-41320,(74)-07-58268,09/21/1980,14:06:09,95
(74)-03-42488,(47)-19-18085,09/21/1980,14:37:45,140
(37)-15-42971,(25)-19-13444,09/21/1980,14:42:23,14
(76)-08-99540,(28)-22-98934,09/21/1980,15:41:03,3121
(36)-21-04780,(60)-13-55903,09/21/1980,21:22:11,162
(26)-31-88745,(49)-08-57918,09/21/1980,21:55:00,549
(68)-01-65978,(56)-19-64371,09/21/1980,22:11:14,483
(35)-12-89742,(45)-23-86624,09/22/1980,10:56:05,1672
(27)-19-73629,(22)-01-98183,09/22/1980,13:10:29,3239
(40)-17-63403,(76)-14-67738,09/22/1980,23:47:04,28
(35)-09-81600,(20)-01-48720,09/23/1980,00:02:34,251
(74)-14-00132,(46)-22-18956,09/23/1980,00:26:30,91
(37)-13-66884,(27)-12-87819,09/23/1980,01:24:10,709
(51)-12-63409,(59)-16-37412,09/23/1980,04:20:38,500
(61)-10-86445,(62)-02-68018,09/23/1980,05:40:07,112
(73)-00-92578,(48)-01-31714,09/23/1980,06:01:39,491
(78)-13-09092,(26)-05-97795,09/23/1980,09:31:27,148
(22)-06-81579,(66)-10-05516,09/23/1980,12:38:51,1251
(48)-13-31795,(58)-18-37860,09/23/1980,15:18:16,137
(77)-01-82268,(27)-28-85673,09/23/1980,16:37:56,452
(57)-13-50249,(44)-21-81319,09/24/1980,07:47:21,217
(58)-17-27495,(69)-08-64814,09/24/1980,08:03:08,600
(76)-00-07310,(55)-01-28803,09/24/1980,13:14:20,4337
(59)-01-37740,(68)-05-01369,09/24/1980,23:56:47,162
(51)-10-94177,(68)-07-92817,09/25/1980,00:13:12,122
(37)-15-33969,(72)-03-89088,09/25/1980,03:29:29,1245
(63)-00-94668,(51)-10-96382,09/25/1980,04:53:39,2948
(29)-09-43357,(32)-06-38115,09/25/1980,07:46:14,658
(27)-10-40531,(51)-16-93474,09/25/1980,08:36:16,195
(37)-23-11873,(39)-15-08575,09/25/1980,12:16:28,37
(23)-02-62458,(52)-10-14769,09/25/1980,21:32:49,236
(55)-06-75520,(53)-03-70234,09/26/1980,00:29:34,536
(68)-17-27233,(79)-13-65706,09/26/1980,01:43:39,356
(72)-07-06950,(72)-10-12539,09/26/1980,05:22:12,141
(61)-07-12549,(68)-01-11276,09/26/1980,11:25:26,297
(47)-18-17940,(67)-09-97486,09/26/1980,13:45:31,6
(61)-10-23797,(74)-01-21663,09/26/1980,15:47:01,256
(31)-23-79032,(79)-05-96814,09/26/1980,16:25:03,865
(78)-02-56455,(58)-02-20530,09/26/1980,19:09:56,536
(53)-03-80455,(35)-26-76443,09/26/1980,20:24:16,568
(44)-23-56136,(31)-07-37369,09/27/1980,01:56:43,617
(58)-15-66864,(78)-07-20929,09/27/1980,03:09:30,75
(58)-01-10945,(36)-23-94702,09/27/1980,04:22:59,2495
(77)-13-54446,(32)-29-78647,09/27/1980,06:43:35,39
(74)-14-26125,(22)-13-73186,09/27/1980,16:45:42,757
(37)-15-84938,(36)-15-89428,09/27/1980,19:09:48,196
(55)-20-53963,(76)-12-98977,09/28/1980,09:03:38,374
(45)-02-62296,(30)-01-45070,09/28/1980,10:51:12,153
(50)-09-15552,(36)-04-51827,09/28/1980,11:39:10,268
(54)-18-20153,(22)-09-33355,09/28/1980,17:26:58,69
(47)-00-76876,(35)-00-96675,09/28/1980,20:08:12,21
(27)-00-27628,(30)-00-15143,09/29/1980,00:21:59,784
(29)-11-82457,(72)-00-60313,09/29/1980,02:10:50,3164
(52)-11-19990,(68)-03-05865,09/29/1980,07:27:37,721
(31)-13-14456,(31)-24-25885,09/29/1980,07:28:56,57
(55)-19-32414,(59)-02-39201,09/29/1980,15:19:00,633
(24)-23-18218,(33)-12-20306,09/29/1980,15:42:00,772
(66)-16-12335,(33)-17-94900,09/29/1980,17:48:51,6800
(45)-02-99355,(35)-25-44995,09/29/1980,18:01:30,2663
(72)-00-51589,(56)-09-66945,09/29/1980,22:16:31,53
(22)-01-94649,(34)-09-70942,09/29/1980,23:41:57,256
(63)-17-52537,(65)-02-26235,09/30/1980,15:02:12,331
(66)-15-04879,(72)-00-45953,09/30/1980,15:46:22,252
(29)-17-14420,(76)-07-76867,09/30/1980,18:04:35,406
(66)-01-55940,(26)-31-60448,09/30/1980,19:03:40,179
(45)-22-87011,(49)-10-83305,09/30/1980,21:40:28,153
(70)-09-38052,(23)-30-97767,09/30/1980,22:28:28,198
(25)-08-11764,(39)-00-82224,10/01/1980,02:53:14,53
(45)-03-92183,(49)-00-67006,10/01/1980,04:14:54,1390
(61)-00-82541,(24)-28-58963,10/01/1980,06:18:03,222
(58)-00-48214,(65)-04-38682,10/01/1980,09:54:15,247
(45)-10-31883,(69)-15-70882,10/01/1980,15:47:36,832
(21)-17-95638,(21)-29-57635,10/01/1980,15:56:39,127
(39)-01-87305,(43)-08-30165,10/02/1980,01:04:15,821
(25)-02-07440,(32)-11-46985,10/02/1980,01:24:13,99
(62)-09-63310,(32)-02-22952,10/02/1980,06:02:06,244
(46)-00-93282,(48)-04-81609,10/02/1980,07:35:48,571
(63)-01-91757,(68)-02-51633,10/02/1980,21:06:23,200
(63)-01-02980,(58)-14-23083,10/03/1980,08:41:43,67
(67)-09-84325,(76)-08-78012,10/03/1980,10:11:48,453
(77)-12-46486,(56)-10-74084,10/03/1980,11:00:11,10
(40)-07-75297,(48)-04-68445,10/03/1980,12:13:33,221
(69)-07-21455,(44)-05-04691,10/03/1980,21:25:49,151
(45)-19-52663,(24)-13-40954,10/03/1980,23:32:10,273
(26)-04-50642,(68)-11-43326,10/04/1980,00:40:10,123
(66)-15-44031,(70)-13-11515,10/04/1980,02:48:50,64
(73)-10-63963,(46)-16-82768,10/04/1980,02:54:30,43
(63)-17-90703,(49)-20-10232,10/04/1980,05:45:12,197
(45)-12-73408,(59)-01-53418,10/04/1980,17:08:30,133
(50)-14-34785,(24)-08-79741,10/04/1980,17:28:53,253
(29)-30-31677,(40)-18-05385,10/04/1980,20:44:00,1870
(45)-10-18020,(79)-10-79776,10/05/1980,09:40:30,373
(25)-24-13371,(38)-01-05463,10/05/1980,14:24:25,52
(55)-15-88244,(45)-18-16714,10/05/1980,15:16:01,488
(67)-01-92500,(26)-25-16478,10/05/1980,17:50:31,118
(48)-22-33079,(22)-17-03026,10/06/1980,03:31:27,211
(27)-27-95553,(72)-01-36886,10/06/1980,05:31:07,565
(41)-17-70853,(69)-14-84160,10/06/1980,06:55:26,2835
(67)-02-38095,(58)-02-85309,10/06/1980,13:04:53,1318
(66)-04-47682,(20)-11-42619,10/06/1980,14:19:10,70
(35)-10-37874,(59)-03-13811,10/07/1980,10:59:17,185
(40)-22-39960,(41)-10-21072,10/07/1980,13:54:27,3301
(49)-20-61884,(20)-29-92530,10/07/1980,19:39:54,282
(39)-25-36429,(66)-11-65274,10/08/1980,08:56:49,893
(45)-01-80034,(46)-13-58005,10/08/1980,10:35:07,2590
(50)-01-55687,(49)-11-05612,10/08/1980,11:56:14,1169
(23)-31-70790,(43)-20-54855,10/08/1980,15:38:58,3850
(28)-17-85051,(74)-15-11141,10/08/1980,15:46:52,264
(49)-20-55221,(26)-18-79033,10/08/1980,17:21:09,26
(24)-09-71012,(79)-08-22836,10/08/1980,19:48:50,3003
(33)-08-42196,(44)-00-96878,10/08/1980,20:56:23,692
(64)-06-00448,(75)-12-98957,10/08/1980,21:57:37,641
(28)-26-03735,(60)-02-62181,10/08/1980,22:57:57,1678
(58)-19-49160,(53)-21-36169,10/09/1980,02:47:07,224
(33)-07-01711,(30)-18-10318,10/09/1980,19:29:21,335
(72)-05-84649,(45)-16-28092,10/09/1980,20:28:17,194
(50)-23-43591,(29)-23-02416,10/09/1980,21:56:23,806
(63)-01-89056,(53)-06-70172,10/10/1980,05:47:09,2060
(74)-05-02511,(75)-09-15677,10/10/1980,13:45:00,1950
(70)-10-62734,(58)-03-84792,10/10/1980,17:26:04,37
(24)-19-15497,(72)-12-36868,10/10/1980,20:36:55,2977
(20)-29-31790,(21)-31-01338,10/11/1980,00:51:47,128
(63)-03-28539,(43)-04-68773,10/11/1980,07:19:14,255
(61)-09-28217,(24)-18-26408,10/11/1980,14:56:38,1224
(48)-06-03846,(54)-03-00397,10/12/1980,05:42:53,940
(67)-16-63922,(54)-17-06841,10/12/1980,07:14:10,153
(75)-01-04528,(29)-03-48797,10/12/1980,07:32:54,2836
(63)-18-24183,(39)-12-18183,10/12/1980,09:07:18,296
(50)-11-71464,(44)-00-42979,10/12/1980,12:24:37,114
(25)-03-56973,(68)-15-76476,10/12/1980,18:58:33,331
(32)-26-81634,(45)-08-64997,10/13/1980,00:55:14,196
(64)-14-16941,(77)-01-21591,10/13/1980,03:04:56,287
(62)-10-50041,(50)-23-88446,10/13/1980,03:52:17,680
(54)-02-55738,(43)-11-96210,10/13/1980,05:25:31,244
(64)-03-75821,(45)-04-44226,10/13/1980,14:59:51,245
(57)-08-26322,(47)-02-11298,10/13/1980,15:12:48,356
(20)-27-76884,(52)-13-35736,10/13/1980,17:54:43,180
(52)-01-01555,(66)-04-61685,10/13/1980,18:43:49,1991
(35)-06-68156,(67)-10-52423,10/13/1980,23:09:46,245
(22)-13-58642,(36)-10-22660,10/14/1980,00:31:42,3524
(76)-13-14013,(37)-21-16294,10/14/1980,05:03:57,704
(59)-17-06253,(33)-25-13746,10/14/1980,07:47:28,1390
(23)-31-77296,(57)-09-60262,10/14/1980,08:58:12,699
(76)-06-91907,(28)-26-03368,10/14/1980,09:04:41,894
(20)-12-51213,(41)-19-19314,10/14/1980,11:30:00,1777
(45)-03-98557,(68)-00-00567,10/14/1980,15:16:18,242
(40)-12-23714,(32)-06-68907,10/15/1980,04:21:23,574
(48)-19-37053,(72)-03-98748,10/15/1980,08:42:50,546
(30)-21-88781,(27)-25-42407,10/15/1980,16:06:43,304
(22)-21-70542,(67)-10-12702,10/15/1980,17:56:05,1460
(34)-21-69575,(63)-12-77211,10/16/1980,14:06:04,2992
(63)-01-43585,(59)-19-18304,10/16/1980,14:34:05,2314
(53)-15-67083,(24)-13-22528,10/16/1980,17:01:10,113
(46)-16-99450,(63)-04-01166,10/16/1980,17:18:30,3164
(54)-16-82398,(26)-24-72638,10/16/1980,18:51:59,83
(78)-09-91001,(54)-14-66522,10/16/1980,19:04:43,313
(30)-22-59130,(27)-21-94200,10/17/1980,13:07:08,1669
(43)-12-52575,(41)-08-70322,10/17/1980,16:30:22,58
(61)-06-25842,(34)-13-05189,10/17/1980,17:23:01,1279
(66)-07-67715,(25)-29-92236,10/18/1980,07:40:27,453
(34)-09-94225,(23)-32-51794,10/18/1980,10:13:51,272
(73)-15-88577,(58)-02-32099,10/18/1980,20:19:19,344
(55)-11-04328,(54)-21-54609,10/19/1980,05:08:06,3121
(62)-14-99513,(40)-19-12914,10/19/1980,08:23:11,67
(21)-05-98099,(60)-17-45893,10/19/1980,08:49:08,651
(43)-25-80072,(46)-06-70301,10/19/1980,16:07:32,181
(31)-00-31738,(64)-01-81840,10/19/1980,20:10:19,946
(51)-17-78150,(24)-03-81984,10/19/1980,21:57:47,141
(39)-14-08716,(30)-01-35971,10/20/1980,03:26:51,242
(26)-18-33491,(46)-10-07261,10/20/1980,06:19:20,2510
(50)-20-17917,(63)-18-19379,10/20/1980,12:25:33,298
(57)-14-60204,(56)-14-45756,10/20/1980,13:15:17,572
(25)-17-84842,(61)-02-37098,10/20/1980,14:27:19,1090
(54)-03-62144,(66)-05-20470,10/20/1980,16:11:25,275
(68)-02-41320,(50)-07-73744,10/20/1980,17:04:03,277
(64)-01-77849,(34)-14-87671,10/20/1980,19:17:38,1378
(28)-22-94220,(40)-08-63725,10/20/1980,23:48:26,197
(29)-00-77035,(39)-15-10255,10/21/1980,03:13:37,221
(23)-16-00262,(21)-10-28066,10/21/1980,08:03:50,135
(59)-09-12485,(66)-13-87391,10/21/1980,08:56:31,296
(50)-20-94261,(40)-05-59130,10/21/1980,10:22:43,246
(65)-11-28198,(51)-02-25190,10/22/1980,01:06:57,55
(63)-00-85741,(62)-06-81799,10/22/1980,11:05:32,794
(39)-19-14265,(75)-07-00695,10/22/1980,12:56:54,3556
(26)-31-47496,(54)-16-93114,10/22/1980,17:10:23,234
(75)-02-32710,(55)-03-58585,10/22/1980,19:41:00,118
(25)-00-10962,(50)-17-37800,10/22/1980,22:55:51,48
(53)-08-45354,(57)-03-75915,10/23/1980,00:52:27,121
(20)-15-57413,(64)-08-24937,10/23/1980,08:42:02,729
(53)-13-04107,(61)-04-94019,10/23/1980,09:31:51,138
(52)-05-57230,(51)-16-54741,10/23/1980,12:02:27,215
(30)-02-84204,(34)-22-68395,10/23/1980,15:09:14,1029
(30)-04-71645,(54)-14-62215,10/23/1980,16:34:07,8
(53)-07-29757,(25)-20-71937,10/23/1980,18:01:13,3509
(23)-05-06354,(56)-19-97502,10/23/1980,20:50:40,333
(74)-07-87539,(73)-05-24653,10/23/1980,21:21:14,1012
(61)-09-74064,(31)-24-40546,10/23/1980,21:41:17,204
(45)-22-68882,(30)-26-37644,10/23/1980,21:51:15,129
(36)-07-14497,(67)-04-55598,10/24/1980,01:07:47,279
(50)-01-42375,(40)-13-28712,10/24/1980,01:26:22,704
(24)-25-20566,(21)-23-13346,10/24/1980,08:19:53,2931
(55)-02-05327,(34)-16-48634,10/24/1980,22:25:31,136
(29)-24-38650,(28)-24-74240,10/25/1980,06:10:06,785
(55)-07-58768,(49)-20-31498,10/25/1980,07:08:50,658
(63)-13-25836,(60)-17-92709,10/25/1980,08:27:29,474
(56)-17-76048,(64)-10-49070,10/25/1980,09:51:36,118
(72)-00-38132,(54)-13-25636,10/25/1980,11:30:43,72
(36)-02-47128,(51)-18-64191,10/25/1980,19:30:13,1598
(52)-12-84820,(21)-07-79803,10/25/1980,22:43:27,716
(68)-10-23520,(41)-24-64074,10/26/1980,06:45:15,1726
(52)-08-13902,(76)-14-34631,10/26/1980,11:38:17,765
(78)-01-49698,(37)-18-09770,10/26/1980,12:31:54,232
(47)-19-32026,(72)-07-64266,10/26/1980,12:46:48,554
(70)-04-60286,(46)-11-52642,10/26/1980,19:37:06,119
(57)-19-82791,(63)-07-08186,10/26/1980,20:16:41,44
(58)-20-03061,(65)-17-73150,10/26/1980,20:26:32,23
(41)-15-92609,(22)-31-92369,10/26/1980,22:31:17,238
(37)-11-50565,(30)-12-70665,10/27/1980,02:38:09,592
(79)-07-48364,(48)-00-38676,10/27/1980,09:59:34,145
(47)-11-40298,(38)-25-96164,10/27/1980,11:56:13,163
(58)-04-13796,(22)-14-92270,10/27/1980,18:20:57,2426
(68)-09-26752,(27)-20-52466,10/27/1980,18:52:36,517
(49)-05-02450,(39)-10-76695,10/27/1980,20:03:39,174
(77)-02-63036,(53)-12-18668,10/28/1980,02:28:47,289
(41)-00-80603,(23)-03-69196,10/28/1980,08:48:35,48
(63)-16-90642,(77)-14-41580,10/28/1980,09:51:25,1224
(21)-26-60168,(65)-16-66440,10/28/1980,19:51:00,240
(60)-10-28716,(29)-14-66907,10/29/1980,02:14:33,122
(67)-10-17851,(40)-08-52150,10/29/1980,02:37:48,215
(55)-03-74206,(52)-20-76208,10/29/1980,05:08:36,2218
(48)-03-79506,(25)-06-40217,10/29/1980,05:22:36,281
(69)-06-29025,(42)-10-63017,10/29/1980,07:52:00,66
(47)-06-03261,(34)-01-96120,10/29/1980,07:59:09,5922
(50)-00-43325,(35)-21-04436,10/29/1980,09:38:27,760
(50)-19-30100,(57)-14-66440,10/29/1980,15:24:14,2710
(54)-05-16714,(62)-00-85497,10/29/1980,22:04:37,1634
(25)-15-47757,(68)-12-81399,10/30/1980,01:36:59,270
(21)-15-18081,(66)-12-09742,10/30/1980,19:07:58,258
(74)-08-71055,(60)-05-76442,10/30/1980,20:10:24,18
(31)-20-35397,(65)-16-85331,10/31/1980,04:54:32,572
(50)-13-22598,(20)-12-08203,10/31/1980,08:31:25,1228
(29)-26-68559,(71)-00-24736,10/31/1980,12:06:19,2088
(62)-19-39793,(35)-27-60758,10/31/1980,13:16:22,859
(45)-16-10721,(78)-12-75650,10/31/1980,15:40:25,858
(59)-06-18651,(30)-20-53736,10/31/1980,23:06:30,6
(63)-06-07056,(41)-03-18075,10/31/1980,23:27:23,478
(75)-01-31117,(48)-17-42590,11/01/1980,09:50:32,204
(53)-18-94580,(36)-19-30871,11/01/1980,10:41:14,1749
(70)-06-76854,(22)-10-53969,11/01/1980,11:12:10,147
(36)-18-96786,(30)-09-88847,11/01/1980,12:02:51,280
(63)-00-85782,(77)-01-96064,11/01/1980,12:15:16,133
(33)-00-60815,(56)-03-29028,11/01/1980,12:18:22,732
(49)-16-83187,(78)-13-21570,11/01/1980,16:57:30,234
(20)-12-54603,(22)-16-75845,11/03/1980,04:28:38,211
(23)-15-07368,(77)-00-69305,11/03/1980,09:46:47,33
(38)-07-54235,(29)-08-59433,11/03/1980,16:25:19,731
(73)-13-29363,(56)-09-85202,11/03/1980,17:34:46,16
(48)-07-88359,(44)-17-43311,11/03/1980,18:28:18,260
(35)-07-51749,(26)-07-55694,11/03/1980,18:47:20,2129
(59)-13-94978,(77)-10-26341,11/03/1980,19:10:43,168
(56)-05-29297,(67)-08-11872,11/03/1980,22:23:00,82
(74)-01-55290,(26)-16-04447,11/04/1980,00:12:58,12
(44)-11-80715,(67)-09-34153,11/04/1980,01:53:09,508
(33)-21-27599,(56)-13-19503,11/04/1980,03:02:37,213
(25)-27-29089,(43)-05-57146,11/04/1980,13:03:35,73
(51)-02-09565,(27)-02-96555,11/04/1980,14:30:52,1875
(36)-14-53663,(72)-09-97258,11/04/1980,18:08:14,274
(47)-16-17026,(39)-12-10398,11/04/1980,19:27:02,147
(26)-30-19015,(76)-00-33221,11/04/1980,19:30:31,42
(55)-16-82604,(29)-00-22700,11/04/1980,21:37:27,1027
(63)-15-14040,(56)-21-82345,11/04/1980,23:03:53,989
(73)-08-32686,(32)-13-95893,11/05/1980,01:33:27,173
(51)-20-31951,(39)-07-97624,11/05/1980,02:33:30,2626
(73)-15-94296,(76)-07-46566,11/05/1980,04:13:56,161
(49)-04-58973,(38)-26-50376,11/05/1980,08:40:54,629
(78)-03-12435,(54)-12-76121,11/05/1980,08:46:58,163
(36)-25-28660,(37)-21-52257,11/05/1980,20:36:38,196
(74)-03-79198,(66)-11-38750,11/05/1980,21:03:41,296
(27)-19-17359,(31)-16-49520,11/06/1980,00:35:40,66
(64)-06-55308,(53)-13-89276,11/06/1980,03:54:43,187
(79)-03-83638,(47)-07-17916,11/06/1980,12:34:31,289
(48)-14-10015,(66)-03-05339,11/06/1980,19:22:12,80
(68)-17-11365,(75)-08-86340,11/07/1980,01:10:36,210
(42)-00-28325,(45)-03-01173,11/07/1980,07:08:51,211
(74)-11-87008,(77)-00-64199,11/07/1980,10:26:43,812
(58)-02-74963,(49)-15-16452,11/07/1980,15:05:58,257
(25)-30-94623,(65)-11-31275,11/07/1980,18:00:40,218
(60)-13-63585,(57)-13-76163,11/07/1980,19:39:55,218
(23)-26-38088,(61)-11-23587,11/07/1980,20:52:14,178
(57)-16-53781,(63)-09-17862,11/07/1980,21:20:09,1631
(73)-15-54386,(52)-00-45563,11/08/1980,02:08:15,2782
(25)-26-56728,(52)-14-09989,11/08/1980,03:58:28,156
(67)-14-31121,(47)-20-49710,11/08/1980,11:26:44,166
(75)-05-10289,(32)-04-62448,11/08/1980,12:21:42,545
(56)-20-77976,(64)-00-64394,11/08/1980,16:00:51,1288
(74)-08-76767,(25)-16-25688,11/08/1980,18:02:05,596
(33)-21-17328,(75)-08-37467,11/08/1980,21:07:18,893
(54)-09-51986,(36)-20-52050,11/08/1980,23:09:25,107
(74)-08-40630,(71)-02-28580,11/08/1980,23:42:38,767
(66)-09-10199,(56)-07-28151,11/09/1980,00:30:35,6782
(53)-12-61445,(67)-02-04074,11/09/1980,03:20:44,432
(47)-20-27179,(62)-03-06822,11/09/1980,04:16:16,237
(26)-03-33286,(36)-13-16309,11/09/1980,08:00:13,1063
(76)-00-49269,(27)-21-56642,11/09/1980,13:48:43,2554
(36)-17-54041,(69)-02-83829,11/09/1980,14:19:38,890
(25)-04-21844,(71)-04-51070,11/09/1980,17:42:58,2477
(68)-14-68133,(52)-14-21261,11/09/1980,23:23:00,290
(35)-26-69075,(25)-30-90133,11/10/1980,04:49:26,558
(63)-02-40916,(50)-16-70803,11/10/1980,06:11:07,68
(46)-11-24423,(55)-14-80555,11/10/1980,07:24:06,275
(54)-19-35611,(26)-28-17718,11/10/1980,09:37:50,183
(77)-04-58995,(57)-05-14587,11/10/1980,17:47:31,727
(57)-00-76453,(55)-09-33714,11/10/1980,21:29:52,234
(74)-00-13468,(35)-16-55368,11/11/1980,05:46:30,37
(66)-03-93033,(43)-12-47941,11/11/1980,06:40:02,17
(42)-12-62404,(71)-06-22412,11/11/1980,11:47:35,176
(39)-21-33587,(35)-23-79838,11/11/1980,12:21:48,578
(36)-05-64349,(43)-00-74961,11/11/1980,14:05:48,230
(45)-07-43386,(26)-18-06487,11/11/1980,18:28:43,869
(20)-12-96041,(60)-05-78325,11/11/1980,21:25:40,116
(44)-05-98223,(21)-04-94508,11/12/1980,03:44:29,187
(23)-26-31870,(53)-12-29325,11/12/1980,04:22:27,165
(23)-16-00262,(45)-01-26686,11/12/1980,05:42:53,328
(35)-10-21635,(55)-19-30190,11/12/1980,10:12:28,448
(62)-11-56107,(65)-16-81518,11/12/1980,10:25:23,468
(24)-00-20981,(78)-12-94953,11/12/1980,11:41:58,154
(78)-07-19829,(31)-28-94731,11/12/1980,20:47:52,573
(43)-18-53178,(48)-00-87565,11/12/1980,23:42:08,158
(31)-03-04538,(39)-01-99271,11/13/1980,02:48:04,2158
(23)-24-30489,(25)-28-55295,11/13/1980,03:07:20,39
(45)-19-18708,(33)-16-62440,11/13/1980,16:54:30,1345
(44)-22-07305,(58)-18-29831,11/13/1980,22:29:19,206
(22)-13-39545,(50)-16-79152,11/14/1980,00:23:18,48
(75)-07-83507,(44)-08-59598,11/14/1980,01:17:24,256
(45)-11-16208,(24)-27-27160,11/14/1980,03:30:10,177
(47)-24-03437,(32)-27-79675,11/14/1980,04:06:52,56
(39)-02-51606,(59)-20-86468,11/14/1980,04:14:47,204
(41)-01-55811,(23)-23-64674,11/14/1980,06:26:44,450
(53)-22-90914,(44)-16-85666,11/14/1980,16:56:54,142
(52)-03-47121,(54)-20-97051,11/14/1980,19:15:25,185
(43)-00-50585,(61)-04-92707,11/14/1980,23:58:23,70
(60)-15-11213,(28)-04-82508,11/15/1980,02:56:50,682
(31)-04-98913,(70)-08-81721,11/15/1980,05:06:17,722
(77)-09-96836,(48)-05-25230,11/15/1980,07:24:23,106
(46)-21-02409,(74)-06-60079,11/15/1980,16:16:37,127
(34)-26-20849,(39)-15-31903,11/15/1980,18:31:20,283
(48)-00-47808,(64)-17-93586,11/15/1980,20:45:41,142
(39)-05-59238,(60)-00-76001,11/15/1980,22:00:51,1467
(63)-02-08933,(79)-09-76871,11/16/1980,07:08:37,447
(63)-03-14306,(46)-02-00812,11/16/1980,19:45:42,836
(28)-29-54037,(51)-00-84707,11/16/1980,20:17:26,541
(43)-00-43079,(44)-00-38154,11/16/1980,23:08:35,1520
(22)-26-22354,(28)-09-81524,11/17/1980,01:40:27,3126
(20)-30-97935,(36)-12-67869,11/17/1980,06:33:05,3143
(79)-02-45632,(51)-08-35706,11/17/1980,06:45:18,230
(21)-02-14409,(50)-18-78501,11/17/1980,09:32:30,91
(62)-09-73147,(30)-28-63237,11/17/1980,12:25:57,234
(45)-03-73189,(58)-17-49364,11/17/1980,13:01:58,236
(29)-12-97347,(70)-09-89166,11/18/1980,03:55:20,4810
(28)-16-67324,(50)-11-33201,11/18/1980,06:42:07,1326
(78)-12-33285,(29)-27-18945,11/18/1980,13:23:45,788
(38)-17-43286,(35)-15-83934,11/18/1980,15:28:22,7
(52)-11-56216,(47)-11-56483,11/18/1980,17:42:03,217
(33)-11-00105,(71)-12-39601,11/18/1980,19:01:11,616
(30)-26-04849,(72)-10-80496,11/19/1980,03:29:43,706
(57)-04-82510,(27)-20-88744,11/19/1980,05:14:23,1757
(53)-06-59973,(61)-19-16498,11/19/1980,12:00:21,238
(73)-00-06695,(78)-11-52815,11/19/1980,15:07:20,864
(31)-14-49493,(63)-18-99884,11/19/1980,18:30:32,586
(45)-11-78465,(52)-14-20596,11/19/1980,19:12:08,164
(75)-04-39386,(49)-14-31480,11/19/1980,19:25:32,172
(23)-17-25385,(33)-17-70273,11/19/1980,20:52:33,1293
(54)-21-23960,(59)-20-85391,11/19/1980,22:02:30,240
(56)-15-17091,(58)-06-19244,11/20/1980,01:19:04,191
(46)-15-25383,(63)-03-89814,11/20/1980,09:57:09,3449
(74)-13-66209,(56)-04-67740,11/20/1980,13:08:51,58
(26)-29-72252,(50)-12-62251,11/20/1980,16:31:57,35
(41)-09-31625,(64)-15-77132,11/21/1980,00:14:47,160
(65)-08-11425,(32)-14-44868,11/21/1980,07:52:29,80
(75)-08-85085,(60)-12-49394,11/21/1980,19:00:47,150
(62)-03-97900,(60)-14-37613,11/22/1980,00:33:10,209
(53)-14-92587,(28)-14-14124,11/22/1980,04:01:20,2928
(37)-14-97089,(29)-27-64384,11/22/1980,05:11:11,79
(46)-21-66191,(53)-03-63108,11/22/1980,07:52:59,166
(56)-20-90727,(65)-02-71372,11/22/1980,08:00:44,2332
(59)-03-83468,(32)-13-78711,11/22/1980,12:51:25,440
(27)-03-58110,(59)-16-28553,11/22/1980,17:22:08,188
(30)-23-39402,(58)-04-37657,11/22/1980,18:25:22,798
(42)-15-31256,(78)-13-67072,11/23/1980,00:43:35,268
(63)-09-92048,(32)-13-05894,11/23/1980,02:27:58,241
(78)-00-50511,(72)-10-91556,11/23/1980,05:56:58,5
(24)-16-08353,(76)-12-27378,11/23/1980,10:40:19,184
(20)-25-19336,(28)-15-82959,11/23/1980,12:50:44,268
(34)-27-30753,(65)-15-47458,11/23/1980,22:19:38,706
(74)-14-00311,(31)-14-50460,11/24/1980,00:57:46,411
(50)-02-98013,(37)-06-48036,11/24/1980,05:22:38,131
(60)-13-69608,(50)-07-63005,11/24/1980,23:16:40,59
(28)-15-16182,(34)-26-19572,11/25/1980,01:27:16,230
(50)-06-40383,(49)-06-14095,11/25/1980,07:26:24,1223
(50)-13-34290,(74)-13-94234,11/25/1980,07:45:21,80
(40)-22-53387,(77)-04-20436,11/25/1980,10:14:58,203
(22)-24-99767,(45)-12-02214,11/26/1980,01:08:31,91
(77)-00-68684,(79)-11-53907,11/26/1980,04:38:55,57
(39)-24-41943,(34)-20-59210,11/26/1980,10:09:12,522
(77)-13-17473,(30)-28-84425,11/26/1980,17:54:13,148
(54)-04-88103,(59)-03-39521,11/26/1980,23:07:35,300
(30)-10-10643,(54)-15-74466,11/27/1980,02:56:28,650
(44)-10-20957,(25)-13-67742,11/27/1980,04:48:48,725
(64)-01-07729,(54)-03-14280,11/27/1980,05:18:56,818
(41)-03-56236,(36)-04-74869,11/27/1980,12:03:50,82
(30)-15-39681,(34)-04-15587,11/27/1980,13:00:51,275
(59)-15-09022,(41)-13-09296,11/27/1980,13:22:15,293
(66)-07-91868,(39)-09-14520,11/27/1980,16:06:26,1001
(36)-01-41371,(66)-13-04525,11/28/1980,00:35:53,239
(39)-02-85396,(38)-24-54983,11/28/1980,01:18:00,319
(56)-17-93558,(79)-13-05325,11/28/1980,04:23:20,579
(37)-24-85678,(40)-26-96994,11/28/1980,14:04:31,150
(29)-30-94177,(69)-02-82100,11/28/1980,16:41:28,1142
(23)-10-79787,(24)-27-17708,11/28/1980,17:09:19,215
(27)-17-06821,(53)-19-91883,11/28/1980,17:39:10,149
(71)-00-24508,(73)-03-53058,11/28/1980,21:59:45,179
(68)-14-70052,(66)-07-07444,11/28/1980,22:13:01,86
(60)-19-93724,(32)-08-04621,11/28/1980,23:39:17,516
(50)-02-74032,(73)-14-59261,11/29/1980,01:55:20,316
(36)-07-99869,(28)-08-54585,11/29/1980,09:31:37,230
(73)-12-55615,(21)-22-73079,11/29/1980,17:19:57,128
(56)-13-14699,(68)-11-87998,11/29/1980,23:50:07,255
(40)-08-91884,(45)-11-00516,11/30/1980,03:15:28,709
(54)-16-91619,(65)-17-76163,11/30/1980,04:04:45,110
(71)-13-79614,(52)-18-01520,11/30/1980,13:59:06,33
(47)-06-40134,(37)-20-36052,12/01/1980,01:03:53,275
(25)-10-39867,(43)-09-37586,12/01/1980,13:17:19,649
(33)-13-91803,(65)-04-90740,12/01/1980,13:50:58,293
(68)-14-79948,(20)-22-88980,12/01/1980,22:47:30,255
(66)-11-65278,(59)-18-25028,12/02/1980,05:13:23,3252
(24)-13-53069,(21)-16-81060,12/02/1980,09:15:23,169
(40)-08-48044,(20)-22-87520,12/02/1980,10:29:47,233
(71)-16-75077,(55)-12-18080,12/02/1980,18:22:50,9
(43)-06-20372,(65)-06-53068,12/03/1980,02:26:40,246
(58)-12-51063,(72)-03-29064,12/03/1980,03:26:59,496
(50)-15-73634,(35)-07-74645,12/03/1980,04:30:12,915
(57)-07-47171,(51)-18-11087,12/03/1980,07:08:52,541
(55)-15-15701,(27)-12-36893,12/03/1980,11:21:24,2961
(76)-02-82933,(51)-22-23866,12/03/1980,17:23:10,113
(67)-05-13931,(58)-18-40332,12/03/1980,23:06:59,312
(48)-12-15757,(75)-04-85139,12/03/1980,23:30:00,536
(69)-08-59049,(73)-13-66042,12/04/1980,04:32:32,629
(76)-01-09812,(75)-10-72044,12/04/1980,09:17:16,30
(78)-03-74098,(47)-13-64585,12/04/1980,10:17:09,600
(44)-16-22629,(32)-04-79228,12/04/1980,13:31:40,524
(44)-19-15947,(74)-03-75523,12/04/1980,15:17:36,169
(68)-08-76458,(60)-08-79509,12/05/1980,03:09:54,66
(64)-12-35250,(32)-13-29700,12/05/1980,16:12:55,1730
(64)-11-34197,(52)-21-62391,12/05/1980,16:19:39,147
(63)-01-24735,(53)-01-32059,12/05/1980,18:30:03,287
(51)-10-61299,(54)-18-90005,12/05/1980,21:42:38,82
(59)-13-01230,(66)-01-09527,12/05/1980,23:33:59,767
(21)-06-92759,(57)-12-29079,12/06/1980,12:29:15,681
(67)-11-55152,(70)-00-18382,12/06/1980,14:27:43,3373
(34)-00-01651,(52)-21-55358,12/06/1980,14:45:31,89
(60)-06-41138,(62)-09-86461,12/07/1980,01:05:27,1400
(68)-14-50393,(43)-23-88404,12/07/1980,18:47:57,99
(78)-07-50604,(20)-16-28369,12/08/1980,00:56:59,11
(56)-12-04019,(74)-01-10199,12/08/1980,15:36:32,234
(75)-01-02325,(32)-04-62448,12/08/1980,18:24:14,172
(62)-18-10751,(59)-00-94287,12/08/1980,18:38:05,2232
(38)-03-77222,(44)-01-17812,12/08/1980,22:08:52,173
(57)-08-57503,(77)-04-58450,12/09/1980,01:54:25,370
(63)-12-77211,(52)-02-87266,12/09/1980,17:39:59,139
(79)-04-08163,(51)-17-00308,12/09/1980,18:16:36,64
(29)-10-68730,(77)-06-77074,12/09/1980,21:10:42,36
(66)-00-76321,(34)-11-91328,12/10/1980,09:24:21,858
(39)-11-23144,(57)-03-06460,12/10/1980,13:27:30,84
(27)-03-98922,(58)-16-02328,12/10/1980,22:24:09,61
(69)-06-34162,(22)-16-86641,12/11/1980,06:37:01,321
(22)-28-69783,(58)-14-44291,12/11/1980,09:05:39,92
(73)-14-91449,(77)-00-28952,12/12/1980,14:53:37,77
(73)-07-80186,(28)-19-13398,12/12/1980,15:56:24,1459
(25)-18-70850,(65)-01-77275,12/12/1980,19:30:50,264
(46)-11-63105,(39)-10-04923,12/12/1980,23:28:48,8
(36)-11-61792,(31)-13-18027,12/13/1980,05:25:29,154
(40)-16-46659,(36)-20-75749,12/14/1980,00:18:18,130
(35)-14-97187,(67)-03-75980,12/14/1980,01:10:10,231
(49)-22-81859,(60)-09-20265,12/14/1980,01:52:31,145
(35)-12-21684,(20)-19-84477,12/14/1980,11:37:45,459
(55)-13-51204,(24)-20-14809,12/14/1980,22:20:32,3325
(54)-02-16377,(62)-06-81799,12/14/1980,23:14:30,523
(30)-15-27627,(76)-02-92687,12/15/1980,02:59:32,6703
(54)-02-71549,(56)-06-60261,12/15/1980,05:20:52,106
(24)-07-30599,(54)-02-63888,12/15/1980,09:50:29,204
(69)-04-44566,(53)-19-14366,12/15/1980,13:06:00,492
(38)-03-35426,(53)-22-11901,12/16/1980,20:19:35,73
(79)-02-92928,(61)-01-57836,12/16/1980,22:02:51,165
(20)-15-57413,(75)-13-94842,12/16/1980,22:45:27,3012
(31)-11-86451,(25)-03-15964,12/17/1980,02:31:28,848
(73)-06-60083,(42)-12-62536,12/17/1980,06:21:37,286
(76)-02-83898,(60)-19-57192,12/17/1980,10:06:49,744
(70)-07-29757,(62)-09-55836,12/17/1980,15:59:21,139
(45)-01-09907,(50)-18-90463,12/17/1980,18:02:59,112
(63)-17-98463,(48)-18-17321,12/17/1980,18:50:16,295
(58)-12-15362,(28)-25-13023,12/17/1980,18:53:18,36
(66)-12-81094,(38)-26-58297,12/17/1980,19:24:59,6
(61)-14-96387,(51)-12-91525,12/17/1980,22:33:38,965
(70)-07-76077,(68)-14-53859,12/18/1980,04:43:45,252
(53)-08-99215,(41)-23-17354,12/18/1980,10:11:19,245
(42)-01-42203,(62)-05-03342,12/18/1980,12:13:43,92
(50)-20-80515,(26)-03-51727,12/18/1980,17:20:16,100
(63)-01-77373,(41)-15-11941,12/19/1980,01:47:01,858
(28)-06-45807,(70)-05-80989,12/19/1980,03:16:27,205
(73)-01-58641,(61)-06-35712,12/19/1980,17:04:21,202
(40)-14-71785,(36)-17-04445,12/20/1980,05:17:19,201
(36)-25-67152,(58)-02-89161,12/20/1980,07:47:11,38
(30)-22-79803,(61)-14-66309,12/20/1980,09:29:45,89
(25)-03-41883,(42)-10-17377,12/20/1980,12:45:56,176
(43)-16-52374,(42)-24-05418,12/20/1980,15:40:24,2902
(70)-12-19420,(50)-11-35457,12/20/1980,16:49:30,37
(44)-10-57297,(59)-09-00514,12/20/1980,17:57:23,67
(50)-23-22627,(62)-18-05478,12/20/1980,19:49:32,202
(61)-02-30715,(70)-09-99779,12/20/1980,20:53:28,778
(29)-26-13135,(46)-12-88606,12/20/1980,23:13:22,26
(21)-18-14748,(51)-21-74241,12/20/1980,23:18:27,209
(53)-17-48023,(67)-07-52093,12/21/1980,04:48:23,641
(32)-01-04885,(44)-05-60882,12/21/1980,11:09:24,817
(27)-20-51280,(69)-04-94430,12/21/1980,12:08:39,4827
(59)-06-62141,(62)-08-55086,12/21/1980,12:37:08,35
(66)-09-66461,(26)-07-53779,12/21/1980,14:17:02,226
(45)-07-68932,(47)-06-58535,12/22/1980,00:53:41,184
(66)-12-80058,(20)-33-50442,12/22/1980,05:02:05,178
(76)-08-67836,(55)-12-13886,12/22/1980,10:43:12,108
(71)-05-51107,(58)-10-12979,12/22/1980,12:51:14,15
(23)-01-08724,(22)-30-30413,12/22/1980,16:06:57,207
(72)-05-44174,(67)-10-26204,12/22/1980,16:14:16,153
(29)-25-45310,(56)-18-71999,12/22/1980,18:04:16,69
(24)-28-98596,(27)-19-36512,12/23/1980,15:33:37,2097
(63)-11-83563,(21)-28-07409,12/23/1980,18:41:08,1352
(25)-11-49890,(76)-08-29942,12/23/1980,22:37:46,30
(26)-03-62273,(54)-09-69142,12/24/1980,00:52:05,2258
(60)-11-92603,(34)-08-26467,12/24/1980,06:44:02,881
(63)-16-84607,(57)-16-47517,12/24/1980,19:47:26,232
(78)-07-68724,(37)-10-45646,12/24/1980,21:05:32,74
(41)-17-15840,(67)-17-89023,12/24/1980,23:03:51,2501
(41)-05-71810,(78)-05-06417,12/24/1980,23:51:01,129
(53)-06-99103,(48)-03-97483,12/25/1980,00:38:37,2892
(24)-16-56081,(74)-13-15231,12/25/1980,00:39:59,427
(71)-02-05397,(46)-16-32987,12/25/1980,02:37:50,412
(43)-17-16156,(68)-10-69502,12/25/1980,05:15:35,2521
(26)-16-15238,(23)-13-19701,12/25/1980,08:20:11,86
(52)-16-02799,(50)-12-54155,12/25/1980,12:22:38,529
(78)-06-57856,(56)-06-31482,12/25/1980,20:22:26,257
(75)-04-79729,(27)-25-29616,12/26/1980,04:08:14,879
(65)-11-03913,(43)-18-46652,12/26/1980,08:01:36,1798
(30)-07-66604,(49)-21-70227,12/26/1980,13:36:28,820
(40)-25-80118,(39)-03-09445,12/26/1980,13:46:21,3102
(43)-01-44208,(36)-10-20309,12/26/1980,15:01:16,3415
(20)-03-72274,(56)-13-13224,12/26/1980,15:34:34,280
(20)-20-95034,(58)-08-42260,12/26/1980,20:03:32,84
(76)-01-08076,(52)-02-85715,12/27/1980,00:58:50,2949
(20)-07-13925,(55)-16-54925,12/27/1980,11:42:07,896
(22)-08-74792,(57)-17-01253,12/27/1980,12:02:17,301
(20)-06-41817,(53)-11-91359,12/28/1980,04:41:37,73
(53)-18-74958,(31)-01-91308,12/28/1980,06:42:50,182
(74)-01-54048,(45)-00-96921,12/28/1980,07:02:53,795
(22)-12-84360,(58)-01-09898,12/28/1980,16:30:54,295
(67)-03-41570,(69)-10-94281,12/28/1980,20:58:15,419
(27)-30-01469,(65)-10-42369,12/28/1980,22:43:52,145
(67)-02-45890,(36)-15-41209,12/28/1980,23:25:34,183
(69)-13-37464,(24)-09-73289,12/29/1980,06:14:58,244
(42)-17-13946,(66)-11-31718,12/29/1980,09:09:22,426
(45)-19-94737,(69)-06-97957,12/29/1980,11:17:53,98
(33)-23-81041,(75)-09-02428,12/29/1980,14:52:21,2760
(34)-17-34468,(61)-02-25047,12/29/1980,19:57:58,607
(48)-02-86547,(38)-22-97260,12/30/1980,00:17:03,238
(67)-15-35195,(27)-30-32619,12/30/1980,03:34:26,101
(55)-13-65686,(26)-11-18432,12/30/1980,11:05:46,705
(34)-06-90810,(71)-11-18728,12/30/1980,14:03:22,6152
(35)-16-06694,(70)-04-07868,12/30/1980,15:17:35,150
(62)-02-28484,(66)-03-52420,12/30/1980,16:47:08,270
(42)-14-40138,(49)-14-41754,12/30/1980,21:44:56,243
(49)-21-80748,(52)-15-25240,12/30/1980,23:27:01,741
(72)-14-67864,(31)-09-56418,12/31/1980,06:37:42,437
(21)-12-80812,(40)-08-48044,12/31/1980,09:42:19,269
(72)-05-99089,(53)-22-07353,12/31/1980,15:07:32,3612
(61)-02-53937,(51)-08-98176,12/31/1980,15:29:57,2018
(65)-10-10400,(64)-09-87416,12/31/1980,15:55:37,2483
(24)-12-11099,(71)-13-85497,12/31/1980,16:50:28,714
(53)-21-33159,(75)-10-35487,12/31/1980,20:22:49,2716
(26)-22-54732,(42)-23-45311,12/31/1980,22:03:59,116
(60)-02-79491,(43)-24-80620,01/01/1981,03:02:16,4591
(22)-02-82360,(61)-03-33795,01/01/1981,10:15:08,162
(52)-10-58411,(61)-00-82391,01/01/1981,18:52:26,248
(73)-13-66042,(20)-09-14695,01/01/1981,20:00:34,763
(78)-03-48182,(75)-02-73969,01/01/1981,20:55:58,201
(52)-13-41110,(75)-10-22388,01/01/1981,22:14:45,121
(52)-08-84684,(52)-01-79636,01/01/1981,23:54:12,745
(42)-12-05676,(72)-03-89062,01/02/1981,01:05:31,732
(24)-13-80219,(74)-05-85607,01/02/1981,04:19:01,177
(73)-10-00306,(46)-04-75021,01/02/1981,06:56:35,788
(46)-02-11014,(35)-12-05612,01/02/1981,06:56:48,877
(27)-28-61434,(64)-13-97963,01/02/1981,07:21:23,289
(65)-15-86635,(63)-05-23054,01/02/1981,09:45:31,7091
(61)-02-15537,(42)-25-72350,01/02/1981,11:43:51,228
(55)-20-96042,(46)-17-37447,01/02/1981,12:36:30,161
(22)-28-65136,(54)-19-86810,01/02/1981,17:40:09,179
(70)-07-96388,(38)-25-00079,01/02/1981,21:14:17,171
(41)-03-07595,(58)-03-19214,01/03/1981,04:30:27,2064
(44)-19-79713,(33)-16-59124,01/03/1981,05:22:03,811
(52)-04-53706,(32)-28-59899,01/03/1981,08:30:07,967
(26)-01-48815,(33)-20-13770,01/03/1981,14:39:32,658
(63)-08-60275,(78)-01-75240,01/03/1981,23:22:00,164
(37)-12-05892,(59)-20-34616,01/04/1981,14:23:50,1084
(55)-12-02955,(41)-21-43712,01/04/1981,18:25:44,285
(20)-16-62286,(48)-17-00400,01/04/1981,18:41:14,869
(69)-04-38841,(31)-29-04176,01/04/1981,20:51:28,27
(32)-16-36106,(35)-13-96697,01/05/1981,07:04:01,788
(69)-13-81031,(45)-20-10788,01/05/1981,10:45:18,523
(53)-02-58924,(54)-17-80275,01/05/1981,18:22:36,185
(48)-18-26914,(47)-18-49271,01/05/1981,19:48:58,79
(68)-15-16210,(44)-06-82029,01/05/1981,20:37:20,701
(30)-15-01293,(50)-02-87709,01/05/1981,23:43:18,240
(50)-21-79738,(77)-13-49104,01/06/1981,02:34:53,141
(66)-11-01865,(21)-03-26769,01/06/1981,12:36:19,160
(57)-01-28907,(72)-12-20638,01/06/1981,15:00:16,42
(42)-22-60564,(39)-18-15550,01/06/1981,15:08:29,433
(60)-16-72211,(27)-10-55081,01/07/1981,00:03:29,243
(35)-14-36060,(32)-29-28016,01/07/1981,00:40:46,146
(48)-17-07858,(76)-10-27531,01/07/1981,02:27:01,248
(59)-17-74002,(44)-12-07963,01/07/1981,07:37:01,1507
(27)-30-58598,(56)-07-62377,01/07/1981,16:46:27,150
(74)-06-83292,(38)-13-38788,01/07/1981,21:43:47,245
(77)-14-08680,(31)-27-49085,01/08/1981,08:51:48,732
(62)-04-96496,(59)-11-86467,01/08/1981,13:49:43,146
(24)-09-99380,(54)-15-08199,01/08/1981,17:47:32,79
(41)-26-86527,(60)-15-97725,01/08/1981,21:47:27,2403
(43)-19-36720,(65)-00-21149,01/08/1981,22:48:40,162
(78)-05-28235,(20)-31-85261,01/09/1981,07:42:28,3417
(57)-08-07277,(20)-32-55927,01/09/1981,10:20:16,629
(48)-10-26937,(24)-24-68858,01/09/1981,12:06:55,32
(60)-10-57349,(27)-03-84127,01/09/1981,12:57:50,34
(22)-19-75327,(70)-05-49856,01/10/1981,02:34:05,287
(57)-00-29172,(64)-09-07529,01/10/1981,22:16:52,627
(41)-17-53646,(64)-15-84282,01/11/1981,08:04:10,2305
(68)-00-80660,(25)-14-97635,01/11/1981,13:26:54,621
(72)-04-75928,(78)-11-91135,01/11/1981,14:52:19,399
(24)-26-56361,(64)-16-70765,01/11/1981,23:54:57,1110
(52)-17-51148,(21)-01-95411,01/12/1981,00:12:19,7
(77)-10-43265,(73)-08-82648,01/12/1981,01:51:18,122
(28)-06-12049,(56)-12-88736,01/12/1981,02:16:25,737
(76)-04-86152,(56)-06-28983,01/12/1981,10:47:39,334
(57)-05-61945,(64)-07-58755,01/12/1981,13:48:29,730
(75)-11-93885,(38)-21-10636,01/12/1981,15:29:30,328
(77)-08-44000,(45)-02-80953,01/12/1981,22:19:27,2238
(69)-11-98808,(69)-13-42967,01/13/1981,01:42:00,652
(77)-00-69391,(29)-15-85291,01/13/1981,16:02:51,2040
(66)-00-02622,(29)-01-76502,01/14/1981,02:14:00,1376
(22)-04-99081,(64)-07-04158,01/14/1981,05:51:33,3864
(45)-19-36739,(40)-15-92473,01/14/1981,08:50:05,3122
(57)-02-23587,(35)-06-76195,01/14/1981,10:04:33,93
(30)-26-99569,(71)-09-20990,01/14/1981,12:19:45,213
(50)-09-13372,(37)-24-61782,01/14/1981,13:15:18,370
(44)-09-28626,(40)-19-66036,01/14/1981,20:03:21,288
(33)-13-40220,(25)-19-20192,01/14/1981,23:29:12,268
(28)-13-16782,(77)-01-53686,01/15/1981,00:32:28,30
(69)-01-09877,(36)-17-66306,01/15/1981,08:17:20,242
(74)-14-51427,(75)-01-05260,01/15/1981,14:48:07,122
(40)-19-76576,(54)-04-23545,01/15/1981,15:31:47,2514
(54)-04-72234,(31)-03-36574,01/15/1981,17:01:21,3809
(49)-19-81821,(22)-28-19551,01/16/1981,00:27:24,2080
(26)-04-54654,(28)-13-99442,01/16/1981,05:38:50,294
(40)-09-92791,(61)-02-75810,01/16/1981,12:18:23,47
(24)-29-81377,(74)-07-04904,01/16/1981,14:56:05,222
(56)-04-31407,(40)-10-95663,01/17/1981,06:56:26,843
(26)-08-38241,(41)-08-64029,01/17/1981,13:54:18,885
(20)-04-47019,(48)-02-47574,01/17/1981,14:17:22,390
(42)-10-94995,(21)-18-00641,01/17/1981,19:01:41,484
(30)-16-24614,(50)-13-93042,01/18/1981,04:14:47,110
(33)-23-74638,(58)-05-64665,01/18/1981,13:12:22,204
(60)-07-76803,(73)-01-72892,01/18/1981,16:48:30,7161
(56)-01-17805,(25)-31-46653,01/19/1981,01:08:02,167
(57)-03-20125,(79)-10-45728,01/19/1981,06:17:45,258
(22)-28-32276,(38)-04-04324,01/19/1981,06:59:53,2347
(32)-21-80590,(75)-07-32867,01/19/1981,09:07:32,49
(27)-27-01093,(60)-04-26440,01/19/1981,09:52:48,2254
(26)-21-84505,(51)-11-00868,01/19/1981,10:49:59,403
(73)-11-18843,(28)-18-64833,01/19/1981,13:53:35,220
(51)-06-15300,(71)-00-75936,01/19/1981,20:01:34,111
(59)-00-67021,(56)-13-19503,01/19/1981,22:22:52,785
(68)-11-90233,(48)-20-32731,01/20/1981,00:28:50,564
(22)-10-91628,(44)-02-75736,01/20/1981,01:24:48,2441
(35)-19-83007,(40)-10-82809,01/20/1981,04:06:53,798
(69)-16-15528,(45)-12-57866,01/20/1981,07:20:06,590
(40)-19-85114,(60)-08-70382,01/20/1981,11:10:58,3279
(53)-18-47004,(26)-26-78585,01/20/1981,12:11:15,229
(33)-03-69550,(37)-15-92291,01/20/1981,14:22:36,312
(49)-01-59055,(59)-11-08934,01/20/1981,14:30:36,894
(22)-31-12179,(73)-06-43599,01/20/1981,17:16:21,193
(69)-01-10858,(50)-05-42831,01/21/1981,03:58:58,228
(27)-01-11495,(70)-11-51312,01/21/1981,12:50:38,712
(43)-01-71233,(29)-15-41629,01/21/1981,14:25:56,138
(60)-08-56198,(59)-00-60434,01/21/1981,15:06:33,237
(35)-11-04337,(41)-20-43620,01/21/1981,20:16:22,793
(23)-05-53307,(63)-18-22702,01/22/1981,11:24:11,653
(38)-22-78327,(74)-00-57556,01/22/1981,13:40:24,2160
(42)-14-08904,(54)-06-86784,01/22/1981,15:03:54,2577
(61)-19-83346,(72)-08-03880,01/23/1981,10:09:50,41
(23)-04-66862,(72)-08-03698,01/23/1981,11:03:16,222
(76)-04-54000,(65)-03-07380,01/23/1981,12:15:57,707
(66)-09-56911,(71)-05-94900,01/23/1981,18:19:51,137
(39)-21-76852,(64)-13-07604,01/24/1981,06:47:53,236
(58)-19-60576,(73)-07-54968,01/24/1981,19:37:13,782
(34)-05-41444,(33)-09-17139,01/24/1981,22:07:21,794
(67)-04-76320,(71)-06-82650,01/25/1981,04:10:13,268
(48)-07-19208,(38)-19-81154,01/25/1981,08:46:00,91
(30)-12-31905,(57)-02-31969,01/25/1981,11:52:57,763
(28)-19-03223,(27)-23-05024,01/25/1981,13:36:02,810
(21)-24-29773,(77)-10-85221,01/25/1981,15:29:20,77
(79)-01-28889,(23)-15-01957,01/25/1981,15:58:05,104
(72)-13-35871,(35)-06-16267,01/25/1981,16:45:52,2082
(28)-21-94101,(20)-10-43016,01/26/1981,07:45:43,1759
(25)-20-42253,(30)-05-13112,01/26/1981,09:34:24,113
(59)-16-27435,(43)-17-86746,01/26/1981,12:04:31,96
(69)-14-07178,(56)-11-16586,01/27/1981,06:26:56,2052
(51)-11-12177,(55)-12-39121,01/27/1981,06:48:10,697
(46)-10-61615,(55)-21-07363,01/27/1981,08:11:31,209
(55)-12-39121,(47)-21-58213,01/27/1981,12:59:21,135
(23)-09-25522,(48)-03-78187,01/27/1981,13:20:29,28
(61)-08-04186,(26)-25-72349,01/27/1981,22:09:50,14
(77)-00-55419,(35)-04-87969,01/28/1981,00:56:58,50
(29)-26-05177,(66)-07-07348,01/28/1981,05:36:16,3334
(30)-01-35971,(61)-12-67266,01/28/1981,11:06:15,593
(21)-23-70091,(48)-08-30355,01/28/1981,17:05:33,298
(36)-03-37260,(25)-03-51109,01/28/1981,22:17:40,175
(40)-07-75747,(28)-14-47738,01/28/1981,23:43:04,558
(32)-26-23871,(24)-21-27708,01/28/1981,23:49:29,3277
(26)-04-63549,(77)-01-53527,01/29/1981,00:22:48,269
(28)-24-81119,(55)-21-98264,01/29/1981,07:38:29,1337
(67)-13-80714,(32)-01-17058,01/29/1981,08:56:32,68
(65)-05-54612,(68)-10-41640,01/29/1981,20:32:12,34
(41)-01-38505,(24)-17-91533,01/29/1981,20:48:19,276
(51)-16-85717,(68)-13-42218,01/30/1981,05:12:53,157
(58)-17-41320,(46)-08-56143,01/30/1981,06:03:08,38
(20)-32-33682,(68)-12-55754,01/30/1981,09:18:08,766
(48)-13-20746,(53)-09-44001,01/30/1981,11:51:59,381
(41)-18-37457,(34)-00-83157,01/30/1981,13:27:52,740
(57)-12-81700,(33)-24-93166,01/30/1981,18:02:10,509
(44)-24-19495,(21)-06-28317,01/30/1981,20:58:04,548
(29)-02-83688,(37)-18-97511,01/31/1981,09:30:28,105
(74)-01-77421,(22)-27-91584,01/31/1981,10:13:07,237
(68)-12-12089,(68)-02-77628,01/31/1981,10:46:39,19
(44)-00-65334,(34)-22-29485,01/31/1981,10:47:42,252
(68)-14-10326,(43)-02-19922,01/31/1981,13:14:56,896
(25)-31-52529,(25)-16-27559,01/31/1981,13:38:14,169
(65)-16-99934,(26)-05-80024,01/31/1981,14:04:00,159
(48)-12-55411,(49)-11-99642,01/31/1981,20:12:42,1495
(23)-04-16531,(71)-08-07736,01/31/1981,23:20:28,810
(43)-22-85945,(43)-12-69606,02/01/1981,03:13:28,1813
(34)-26-69387,(54)-12-84508,02/01/1981,04:41:57,616
(35)-25-39853,(38)-07-95282,02/01/1981,20:16:41,162
(59)-01-32814,(73)-05-11527,02/02/1981,01:19:10,870
(54)-07-19121,(63)-13-74164,02/02/1981,09:19:21,210
(55)-04-11871,(76)-11-64803,02/02/1981,22:25:18,277
(68)-05-65491,(54)-02-39809,02/03/1981,00:27:36,248
(58)-10-98528,(51)-15-49276,02/03/1981,05:47:33,257
(79)-05-45154,(47)-11-49966,02/03/1981,16:55:48,226
(70)-15-37181,(75)-02-49961,02/03/1981,18:11:20,3546
(58)-07-80451,(50)-11-41140,02/03/1981,21:41:43,217
(56)-16-30412,(64)-09-67475,02/04/1981,03:08:37,1250
(67)-00-39200,(33)-07-48484,02/04/1981,07:17:07,55
(68)-15-53734,(26)-30-56542,02/04/1981,10:03:07,703
(77)-04-28176,(26)-15-18454,02/04/1981,12:50:19,659
(37)-26-03230,(48)-18-85993,02/04/1981,15:14:03,29
(56)-07-28151,(34)-06-12689,02/04/1981,20:22:45,291
(60)-02-05145,(39)-11-69213,02/05/1981,02:39:02,2739
(34)-03-58784,(35)-27-28529,02/05/1981,09:42:11,18
(21)-12-78796,(30)-25-82161,02/05/1981,12:45:07,56
(21)-00-17185,(47)-08-83976,02/05/1981,14:46:44,70
(57)-15-33989,(41)-25-86965,02/05/1981,16:16:50,1520
(57)-04-99364,(49)-02-11090,02/05/1981,16:38:50,798
(37)-04-24161,(76)-09-75066,02/05/1981,23:07:01,209
(69)-13-88981,(52)-01-46852,02/06/1981,05:15:58,479
(23)-25-80122,(65)-15-72548,02/06/1981,05:33:18,193
(43)-24-83844,(43)-21-05416,02/06/1981,13:39:12,566
(78)-05-39935,(57)-00-50089,02/07/1981,01:44:36,253
(42)-16-30221,(40)-15-46330,02/07/1981,04:57:39,223
(55)-03-46671,(48)-01-44462,02/07/1981,08:48:41,3346
(74)-07-50367,(63)-04-51730,02/07/1981,12:45:39,3384
(44)-02-67722,(35)-13-20179,02/07/1981,14:53:48,760
(79)-06-78802,(57)-03-91209,02/07/1981,15:56:35,268
(32)-06-55045,(50)-00-38515,02/07/1981,21:09:37,54
(61)-12-20815,(64)-10-66685,02/08/1981,04:54:40,651
(67)-01-07092,(44)-16-59224,02/08/1981,11:47:55,3092
(47)-05-16768,(39)-12-63789,02/08/1981,19:07:45,133
(66)-01-17819,(46)-07-21627,02/08/1981,22:04:11,863
(43)-22-69973,(72)-15-02100,02/08/1981,23:12:58,10
(44)-25-48331,(58)-13-04327,02/08/1981,23:13:55,839
(63)-02-40916,(72)-14-86715,02/08/1981,23:38:21,441
(77)-00-42965,(74)-03-31773,02/09/1981,00:15:18,28
(40)-18-40607,(60)-11-70160,02/09/1981,04:37:20,2671
(53)-18-36848,(79)-12-51977,02/09/1981,10:10:17,144
(44)-21-06245,(62)-13-78797,02/09/1981,10:29:50,1175
(66)-12-93793,(39)-11-18206,02/09/1981,14:49:06,224
(26)-27-00309,(58)-05-11812,02/09/1981,20:28:38,2465
(34)-24-08898,(60)-01-42821,02/09/1981,22:23:05,12
(77)-13-39518,(62)-08-81851,02/10/1981,03:50:59,1816
(76)-12-33654,(23)-21-01467,02/10/1981,03:57:39,48
(67)-11-01833,(46)-04-46025,02/10/1981,08:09:09,5798
(36)-06-35482,(45)-21-24747,02/10/1981,12:37:15,1665
(58)-15-73072,(28)-11-07419,02/10/1981,13:38:22,929
(58)-04-39332,(32)-26-36550,02/10/1981,14:34:14,134
(23)-02-88643,(61)-16-66776,02/10/1981,18:17:23,6599
(39)-14-07449,(33)-13-96797,02/10/1981,23:17:08,1295
(54)-03-75686,(41)-18-55409,02/11/1981,00:38:27,85
(49)-15-69703,(68)-01-67254,02/11/1981,07:50:32,168
(56)-10-56065,(39)-24-86234,02/11/1981,07:54:34,3241
(38)-10-27026,(39)-26-34633,02/11/1981,12:09:19,79
(74)-00-98136,(39)-20-14567,02/11/1981,17:08:43,628
(48)-10-84372,(79)-00-27762,02/11/1981,18:31:54,700
(57)-03-01800,(43)-21-32128,02/11/1981,22:22:58,734
(40)-01-15302,(66)-16-18939,02/12/1981,10:35:59,62
(68)-10-33769,(72)-02-27847,02/12/1981,10:58:31,551
(37)-10-99169,(45)-22-48085,02/12/1981,12:09:25,556
(51)-03-21975,(30)-12-21119,02/12/1981,13:30:36,150
(56)-03-77873,(75)-11-92787,02/12/1981,14:03:29,1342
(23)-18-44793,(47)-19-81782,02/12/1981,14:13:20,883
(29)-00-42950,(50)-06-19380,02/12/1981,22:54:08,2554
(51)-09-43469,(46)-06-63690,02/12/1981,23:36:44,254
(44)-17-06143,(21)-07-32035,02/13/1981,08:31:22,930
(63)-00-18113,(79)-12-62179,02/13/1981,10:38:19,29
(25)-07-74912,(59)-04-82485,02/13/1981,15:32:50,832
(59)-08-79161,(27)-25-29322,02/13/1981,16:43:37,800
(69)-00-35124,(67)-06-94342,02/13/1981,23:48:04,452
(41)-20-59705,(56)-06-78398,02/14/1981,05:26:59,750
(29)-10-39341,(32)-22-68876,02/14/1981,07:18:35,206
(35)-27-93463,(29)-22-90890,02/14/1981,07:38:25,1970
(75)-09-39238,(65)-02-07478,02/14/1981,09:22:35,276
(21)-23-14682,(30)-02-25554,02/14/1981,13:29:23,262
(43)-04-94637,(49)-00-08133,02/15/1981,02:12:53,130
(67)-09-49611,(51)-03-59510,02/15/1981,02:24:26,146
(29)-06-26024,(36)-11-84209,02/15/1981,03:35:08,1131
(70)-05-81382,(63)-16-28464,02/15/1981,16:51:00,850
(22)-02-17044,(26)-14-56718,02/15/1981,20:48:00,240
(52)-21-81600,(72)-11-72985,02/15/1981,21:54:10,231
(20)-10-96961,(76)-01-15931,02/16/1981,02:37:43,1271
(76)-13-23453,(60)-17-88217,02/16/1981,02:56:36,1954
(64)-00-46764,(21)-31-73931,02/16/1981,04:24:57,224
(77)-12-15475,(45)-19-16281,02/16/1981,05:45:50,132
(73)-09-16698,(75)-02-06676,02/16/1981,06:23:24,289
(27)-16-73669,(68)-00-68639,02/16/1981,07:56:05,505
(42)-23-48400,(28)-30-01257,02/16/1981,09:22:52,35
(26)-19-09714,(47)-21-52496,02/16/1981,15:04:27,524
(29)-10-14876,(76)-05-64343,02/16/1981,22:49:29,730
(54)-09-55481,(68)-01-12620,02/16/1981,23:30:04,767
(47)-10-42006,(55)-21-86794,02/17/1981,03:36:14,537
(45)-17-39581,(22)-12-63632,02/17/1981,03:51:15,215
(48)-00-94519,(76)-09-91521,02/17/1981,10:10:03,1674
(39)-03-09445,(57)-08-07277,02/17/1981,10:37:22,855
(55)-05-09097,(43)-11-63180,02/17/1981,10:49:25,73
(52)-19-22470,(60)-16-92324,02/17/1981,11:39:31,446
(43)-12-66241,(34)-20-27817,02/17/1981,17:22:48,338
(20)-04-41456,(64)-03-30140,02/17/1981,17:51:59,826
(46)-06-25592,(47)-03-45446,02/17/1981,20:02:42,2675
(66)-05-96641,(48)-05-58053,02/18/1981,03:28:15,2226
(58)-07-49821,(73)-08-16564,02/18/1981,06:58:32,297
(53)-18-99063,(69)-03-13050,02/18/1981,13:35:29,3316
(71)-11-75008,(27)-08-67654,02/18/1981,17:42:05,58
(58)-09-11217,(31)-18-85210,02/18/1981,18:43:47,391
(23)-28-50400,(42)-05-60554,02/18/1981,22:11:21,3315
(40)-09-54721,(28)-27-55834,02/19/1981,00:27:46,3340
(62)-04-04120,(45)-03-53185,02/19/1981,03:55:07,308
(35)-00-92229,(66)-16-70643,02/19/1981,06:03:45,1981
(54)-00-51362,(78)-07-28878,02/19/1981,07:06:22,186
(38)-27-61986,(28)-21-92225,02/19/1981,10:12:06,268
(55)-05-26297,(52)-07-89653,02/19/1981,11:27:36,35
(73)-07-50255,(42)-17-88458,02/19/1981,12:05:39,193
(27)-27-21751,(31)-21-84611,02/19/1981,18:48:06,770
(21)-21-18248,(21)-06-64889,02/19/1981,20:28:16,272
(62)-16-29054,(22)-19-05932,02/19/1981,22:26:59,550
(40)-02-56737,(56)-04-03042,02/20/1981,01:12:31,102
(26)-03-49016,(74)-03-51302,02/20/1981,01:21:22,102
(59)-20-56206,(29)-07-05683,02/20/1981,02:03:28,2924
(72)-08-17692,(51)-08-08570,02/20/1981,07:32:55,185
(78)-02-04084,(39)-03-04673,02/20/1981,07:43:17,141
(76)-00-64401,(47)-22-41558,02/20/1981,13:03:37,32
(76)-08-31389,(69)-00-83473,02/20/1981,17:36:14,6704
(52)-16-38060,(48)-18-17915,02/20/1981,18:47:34,655
(28)-25-57322,(68)-14-14435,02/21/1981,01:41:36,270
(39)-20-92533,(51)-21-02353,02/21/1981,04:53:30,8
(22)-05-33389,(23)-16-05724,02/21/1981,14:19:57,5
(49)-13-83583,(63)-13-59660,02/21/1981,14:51:55,2606
(46)-02-19557,(23)-02-40652,02/21/1981,15:10:09,2895
(53)-03-41044,(78)-00-50141,02/21/1981,16:20:08,2075
(43)-09-73797,(32)-16-68933,02/21/1981,16:44:31,377
(46)-16-94486,(48)-08-54093,02/21/1981,23:00:27,253
(41)-00-46501,(35)-17-98080,02/22/1981,00:43:55,152
(40)-15-05348,(33)-25-76499,02/22/1981,09:46:00,282
(52)-10-40053,(27)-02-58672,02/22/1981,15:18:04,174
(69)-04-09975,(65)-06-78194,02/22/1981,17:10:35,821
(31)-25-03066,(79)-01-30467,02/22/1981,23:07:50,315
(43)-09-25867,(29)-27-04629,02/23/1981,01:30:50,91
(24)-02-71894,(21)-14-70467,02/23/1981,07:13:02,115
(38)-27-00860,(22)-02-58958,02/23/1981,08:19:37,2262
(59)-04-10166,(32)-06-54333,02/23/1981,09:06:30,213
(35)-06-71679,(73)-11-91281,02/23/1981,09:45:53,269
(36)-25-89088,(49)-23-83296,02/23/1981,12:18:54,556
(53)-15-03966,(53)-17-91936,02/23/1981,13:48:14,742
(27)-20-34100,(25)-14-64264,02/23/1981,15:13:08,1931
(59)-12-05080,(26)-03-95670,02/23/1981,21:00:02,1161
(40)-07-97326,(47)-11-41445,02/23/1981,22:16:17,280
(25)-07-89057,(58)-10-36393,02/24/1981,02:38:43,34
(36)-16-67880,(57)-13-76225,02/24/1981,15:36:38,205
(46)-07-12872,(45)-23-62619,02/24/1981,23:54:45,49
(69)-09-48202,(39)-08-96796,02/25/1981,03:07:32,77
(75)-03-65119,(25)-16-97276,02/25/1981,03:44:04,80
(39)-00-27386,(76)-10-71483,02/25/1981,04:13:51,117
(28)-29-90496,(67)-02-16789,02/25/1981,13:03:43,668
(67)-00-86940,(29)-14-55997,02/25/1981,13:41:22,2158
(75)-01-42595,(41)-05-87864,02/25/1981,18:13:53,228
(42)-19-49560,(54)-07-45724,02/25/1981,21:23:02,2324
(37)-05-36416,(39)-12-92604,02/25/1981,23:19:13,224
(21)-05-93781,(34)-28-57946,02/26/1981,03:09:23,1356
(64)-08-34667,(49)-05-80488,02/26/1981,03:37:04,541
(71)-07-06268,(37)-00-22259,02/26/1981,08:02:15,638
(64)-15-83963,(35)-17-44041,02/26/1981,08:02:57,2730
(73)-04-11108,(68)-05-78661,02/26/1981,09:59:05,289
(29)-09-67832,(63)-13-79387,02/26/1981,18:34:50,272
(74)-09-53249,(27)-20-93824,02/26/1981,19:15:21,47
(65)-17-18237,(55)-04-31115,02/27/1981,01:43:57,62
(27)-17-57044,(26)-10-70536,02/27/1981,02:04:24,390
(21)-32-01483,(23)-23-85658,02/27/1981,05:44:38,424
(20)-01-55835,(42)-02-44410,02/27/1981,05:48:59,1617
(71)-16-46975,(64)-05-40978,02/27/1981,14:18:46,268
(45)-18-70236,(69)-12-20550,02/27/1981,17:31:40,242
(24)-08-82839,(76)-12-52909,02/27/1981,21:24:18,282
(55)-09-23923,(52)-06-15689,02/27/1981,23:24:59,899
(60)-17-17119,(75)-04-13476,02/28/1981,01:36:12,14
(27)-06-80417,(76)-12-52797,02/28/1981,06:52:57,131
(50)-03-05448,(42)-09-27113,02/28/1981,16:32:36,3195
(42)-00-98620,(45)-03-95628,02/28/1981,17:56:11,17
(79)-03-75102,(41)-25-08687,03/01/1981,04:24:20,102
(34)-23-26749,(55)-02-50040,03/01/1981,08:32:26,555
(49)-02-41734,(41)-03-91218,03/01/1981,09:10:39,17
(77)-10-52618,(21)-14-85452,03/01/1981,11:36:41,223
(24)-25-35906,(27)-25-29322,03/01/1981,13:26:00,344
(50)-05-38616,(39)-05-84411,03/01/1981,17:16:38,1595
(59)-16-79863,(59)-07-89908,03/01/1981,19:37:47,1265
(24)-08-45380,(45)-01-58376,03/02/1981,06:39:32,1606
(35)-13-38326,(57)-02-15362,03/02/1981,10:30:03,3227
(65)-17-83728,(43)-13-61513,03/02/1981,19:37:53,630
(70)-09-34546,(58)-04-91558,03/02/1981,20:32:32,47
(79)-10-45720,(41)-05-31718,03/03/1981,00:00:23,246
(29)-30-94177,(39)-11-42844,03/03/1981,01:24:14,299
(27)-26-16682,(58)-11-35795,03/03/1981,04:00:48,642
(64)-11-26199,(30)-13-55261,03/03/1981,08:17:26,74
(51)-01-23904,(28)-07-43859,03/03/1981,11:01:05,282
(65)-04-04219,(29)-08-50169,03/03/1981,16:08:11,5148
(67)-10-64760,(50)-20-25799,03/03/1981,16:17:12,109
(51)-11-94632,(68)-04-65545,03/04/1981,00:31:36,147
(39)-03-07983,(46)-12-98055,03/04/1981,13:07:57,109
(78)-08-58323,(35)-09-70175,03/04/1981,17:26:54,1817
(49)-09-55396,(26)-09-59834,03/04/1981,18:32:53,41
(20)-18-23012,(75)-03-37474,03/04/1981,19:20:41,194
(53)-03-07191,(55)-16-31809,03/04/1981,19:27:41,410
(71)-04-13540,(24)-19-85984,03/04/1981,23:24:22,438
(36)-02-72527,(30)-14-09305,03/04/1981,23:49:07,479
(55)-00-03746,(58)-13-72860,03/05/1981,01:42:19,683
(61)-06-16184,(33)-08-96607,03/05/1981,08:51:50,29
(42)-02-82737,(43)-15-45020,03/05/1981,10:05:10,194
(30)-29-87720,(67)-11-83732,03/05/1981,22:23:16,55
(44)-07-50567,(68)-11-24558,03/05/1981,22:50:31,179
(39)-24-53178,(35)-11-71962,03/06/1981,05:19:39,252
(71)-14-60895,(48)-21-80097,03/06/1981,05:53:06,39
(53)-15-78442,(43)-07-02446,03/06/1981,09:03:00,763
(47)-05-50183,(76)-01-01180,03/06/1981,11:27:48,51
(68)-03-44557,(50)-14-34785,03/06/1981,12:04:52,256
(42)-00-43394,(38)-17-15476,03/06/1981,17:36:20,11
(55)-11-65813,(70)-05-62975,03/06/1981,20:30:47,65
(21)-01-79868,(28)-20-67021,03/07/1981,02:22:45,700
(43)-16-83905,(68)-16-37730,03/07/1981,12:46:03,561
(70)-01-07041,(58)-06-67855,03/07/1981,15:33:39,6609
(75)-06-37766,(74)-08-79907,03/08/1981,04:33:14,2707
(27)-05-49069,(64)-01-05534,03/08/1981,07:09:43,369
(24)-31-99091,(30)-17-28616,03/08/1981,08:01:07,7031
(70)-06-35177,(76)-10-01652,03/08/1981,09:10:53,112
(73)-04-89328,(64)-15-15591,03/08/1981,09:31:31,2024
(40)-03-84958,(59)-08-32568,03/08/1981,11:55:38,2223
(69)-01-84325,(79)-09-76871,03/08/1981,17:10:00,270
(28)-09-25418,(55)-08-94195,03/09/1981,17:44:35,137
(52)-21-24337,(41)-05-97389,03/09/1981,19:01:46,166
(41)-10-65562,(38)-01-72051,03/10/1981,05:08:42,183
(32)-02-15822,(61)-16-35404,03/10/1981,07:07:00,876
(72)-09-17419,(50)-03-75405,03/10/1981,07:16:39,184
(71)-02-07830,(70)-11-69328,03/10/1981,08:01:45,381
(50)-02-67618,(63)-17-98463,03/10/1981,12:19:09,164
(77)-00-39863,(38)-11-45194,03/10/1981,13:42:44,6
(58)-00-10548,(79)-01-05848,03/10/1981,17:32:10,178
(67)-01-47651,(70)-08-21942,03/11/1981,10:39:14,630
(44)-11-92168,(41)-22-44112,03/11/1981,16:18:41,818
(32)-16-72145,(33)-00-10899,03/11/1981,20:10:51,71
(35)-08-72408,(40)-20-68682,03/12/1981,00:41:42,224
(22)-24-25935,(79)-05-73027,03/12/1981,07:12:04,3162
(21)-30-66412,(78)-02-67396,03/12/1981,08:21:19,356
(21)-24-01098,(50)-03-81314,03/12/1981,10:52:58,422
(76)-10-15973,(65)-16-89161,03/12/1981,12:26:26,399
(21)-09-22321,(27)-09-42216,03/12/1981,13:06:23,295
(69)-13-44305,(26)-16-24933,03/12/1981,19:07:31,192
(20)-33-43362,(76)-05-61015,03/12/1981,23:08:42,246
(69)-09-22407,(74)-12-44641,03/12/1981,23:12:37,15
(25)-25-07748,(30)-28-56090,03/12/1981,23:20:35,589
(47)-07-55843,(51)-00-40162,03/13/1981,09:23:21,575
(31)-15-37101,(36)-00-69692,03/13/1981,10:05:29,887
(21)-04-23186,(50)-15-75600,03/13/1981,16:31:33,164
(25)-05-23316,(77)-07-26957,03/14/1981,05:34:45,12
(79)-12-37376,(74)-14-22169,03/14/1981,09:22:17,371
(25)-27-34065,(59)-13-25894,03/14/1981,11:19:36,130
(23)-08-97301,(45)-02-60443,03/14/1981,16:49:02,112
(23)-01-67306,(69)-16-56092,03/14/1981,22:40:12,4998
(21)-13-76620,(27)-04-98035,03/15/1981,00:06:49,47
(62)-14-09969,(62)-00-29936,03/15/1981,07:24:34,373
(35)-19-51834,(30)-20-85280,03/15/1981,22:43:57,3326
(44)-14-79494,(53)-03-91423,03/16/1981,02:43:25,283
(72)-00-77944,(32)-20-60814,03/16/1981,03:05:42,164
(21)-09-71438,(73)-09-38125,03/16/1981,11:21:25,119
(70)-02-83789,(67)-09-90524,03/16/1981,12:30:27,230
(76)-06-14452,(20)-08-86145,03/16/1981,13:29:45,788
(30)-07-16882,(74)-11-47960,03/16/1981,15:31:56,33
(23)-19-79964,(42)-16-68050,03/16/1981,16:08:24,5
(21)-11-88862,(63)-14-15392,03/16/1981,16:36:23,47
(25)-31-83322,(64)-11-38275,03/16/1981,21:39:50,202
(75)-11-99862,(64)-03-37381,03/16/1981,22:25:57,180
(50)-08-13869,(33)-27-36625,03/17/1981,00:17:25,31
(20)-17-77645,(45)-08-67174,03/17/1981,05:02:29,161
(72)-09-67940,(71)-13-19497,03/17/1981,08:29:49,1716
(51)-09-24487,(72)-11-38539,03/17/1981,10:48:57,1051
(43)-04-73540,(20)-03-57116,03/18/1981,00:36:31,134
(40)-25-42923,(54)-09-07115,03/18/1981,13:24:10,2860
(69)-09-46047,(31)-04-79264,03/18/1981,14:40:11,5070
(52)-00-44925,(62)-19-72409,03/18/1981,15:32:13,164
(77)-02-16860,(69)-15-13415,03/18/1981,16:25:50,815
(30)-26-96868,(62)-05-76638,03/18/1981,17:19:35,573
(73)-03-25601,(59)-19-99247,03/18/1981,20:01:03,5
(71)-08-06586,(56)-07-13793,03/19/1981,11:06:07,593
(40)-08-75170,(28)-00-96688,03/19/1981,22:08:33,448
(58)-11-74107,(47)-08-09871,03/19/1981,22:47:51,128
(36)-11-13311,(61)-13-10961,03/20/1981,03:07:41,672
(25)-22-30162,(72)-04-23660,03/20/1981,08:14:45,310
(43)-12-98612,(29)-28-60754,03/20/1981,09:39:05,315
(69)-01-74666,(43)-18-82424,03/20/1981,14:19:37,2720
(74)-15-53665,(34)-14-02386,03/20/1981,14:44:51,184
(62)-10-48345,(31)-02-87348,03/20/1981,15:02:40,728
(24)-07-02974,(37)-17-13468,03/20/1981,15:47:41,1975
(73)-03-58337,(25)-11-22363,03/20/1981,18:22:08,76
(44)-06-52878,(59)-04-39300,03/21/1981,01:20:08,735
(77)-04-03434,(38)-00-52048,03/21/1981,01:58:23,2736
(50)-08-83879,(64)-13-06271,03/21/1981,17:51:04,119
(30)-04-59568,(61)-00-82541,03/22/1981,00:03:15,554
(56)-16-16665,(48)-14-25600,03/22/1981,06:00:13,2679
(54)-15-24168,(28)-26-18916,03/22/1981,13:21:52,44
(40)-15-78714,(50)-19-94357,03/23/1981,13:28:19,1533
(29)-05-42007,(65)-05-67064,03/23/1981,17:32:10,1116
(29)-14-77790,(42)-24-80468,03/23/1981,23:20:25,757
(26)-00-96999,(42)-23-71323,03/24/1981,01:50:33,2750
(66)-06-32263,(60)-10-30715,03/24/1981,03:51:28,2377
(36)-26-92796,(74)-07-19725,03/24/1981,09:07:06,3069
(27)-03-11465,(47)-11-52812,03/24/1981,09:51:53,61
(74)-09-04843,(75)-00-65101,03/24/1981,16:23:22,866
(63)-13-98005,(39)-02-35721,03/25/1981,03:43:35,6857
(48)-06-70157,(49)-14-41451,03/25/1981,11:40:24,218
(47)-00-45283,(77)-05-42734,03/25/1981,12:45:21,3464
(29)-05-42007,(47)-05-50617,03/25/1981,14:06:53,52
(49)-15-80211,(76)-01-99504,03/25/1981,17:54:29,288
(65)-05-36100,(46)-16-48850,03/25/1981,21:39:13,276
(58)-17-61698,(50)-15-99906,03/26/1981,07:20:30,1130
(50)-13-21539,(72)-11-63900,03/26/1981,07:38:59,261
(63)-06-42140,(29)-02-15997,03/26/1981,08:03:27,5222
(65)-00-96195,(63)-00-58128,03/26/1981,12:13:20,155
(37)-19-53533,(72)-04-36608,03/26/1981,15:18:12,1700
(65)-09-66068,(57)-10-75247,03/26/1981,18:27:13,67
(43)-15-87508,(39)-00-94663,03/27/1981,03:04:34,3539
(22)-13-61867,(39)-19-14265,03/27/1981,04:02:49,129
(61)-15-97004,(70)-16-94849,03/27/1981,06:10:03,793
(50)-01-72721,(26)-27-95269,03/27/1981,07:54:41,69
(69)-12-39825,(59)-01-80774,03/27/1981,13:12:59,271
(29)-06-23381,(50)-07-55822,03/27/1981,13:14:21,556
(64)-02-87511,(41)-15-18025,03/27/1981,16:56:01,126
(25)-08-02423,(69)-00-17468,03/27/1981,20:18:35,741
(75)-11-47909,(63)-16-17212,03/28/1981,06:36:08,2276
(58)-01-83578,(68)-11-86101,03/28/1981,08:53:18,192
(55)-10-81326,(73)-07-62027,03/28/1981,08:55:53,124
(62)-03-71843,(66)-15-00342,03/28/1981,15:06:52,73
(50)-13-41308,(74)-02-49793,03/28/1981,16:04:05,226
(70)-03-04681,(40)-15-04276,03/28/1981,18:04:14,214
(22)-31-12808,(50)-05-38353,03/28/1981,19:58:34,120
(72)-15-44297,(25)-20-31585,03/28/1981,21:23:47,843
(27)-20-34931,(35)-13-73616,03/28/1981,23:52:03,3161
(57)-04-74622,(64)-13-49310,03/29/1981,00:26:12,877
(65)-06-24265,(62)-07-09780,03/29/1981,02:54:38,636
(28)-30-08817,(53)-05-30518,03/29/1981,05:44:24,794
(56)-04-79559,(30)-15-90272,03/29/1981,08:25:02,369
(42)-06-03483,(74)-08-79256,03/29/1981,11:43:52,295
(30)-15-13427,(35)-01-38042,03/29/1981,11:54:58,1102
(71)-09-62279,(30)-19-54115,03/29/1981,14:03:54,202
(51)-22-38239,(68)-10-33769,03/30/1981,00:15:30,3039
(78)-01-53796,(38)-07-27822,03/30/1981,06:28:35,249
(35)-23-88623,(40)-02-67150,03/30/1981,06:37:41,599
(78)-02-28660,(53)-12-39036,03/30/1981,13:09:59,264
(65)-08-65324,(77)-03-22053,03/30/1981,14:54:53,370
(40)-10-77930,(56)-12-87085,03/30/1981,22:01:53,702
(37)-14-49557,(41)-16-55653,03/31/1981,02:09:05,49
(41)-22-89363,(27)-22-48430,03/31/1981,16:20:18,16
(75)-05-29877,(42)-14-27594,03/31/1981,18:10:12,210
(34)-26-20849,(44)-02-69058,03/31/1981,18:17:48,80
(55)-13-75456,(38)-22-37451,03/31/1981,19:54:41,323
(57)-08-01628,(37)-26-28317,04/01/1981,07:43:28,186
(34)-20-34447,(28)-05-00704,04/01/1981,17:36:31,792
(56)-18-53983,(20)-24-42818,04/01/1981,19:18:00,227
(30)-06-49424,(58)-04-74978,04/01/1981,22:48:31,2589
(58)-19-18390,(46)-12-53713,04/02/1981,02:27:14,831
(54)-20-88363,(79)-03-85067,04/02/1981,06:57:31,481
(43)-00-68071,(68)-17-86846,04/02/1981,15:11:22,179
(45)-17-98915,(41)-14-00840,04/02/1981,17:22:57,2938
(26)-02-49203,(46)-16-15978,04/02/1981,18:22:24,248
(36)-14-95069,(71)-01-78940,04/02/1981,20:46:05,3548
(58)-04-77278,(31)-17-49946,04/02/1981,23:02:50,118
(42)-05-51771,(26)-20-88240,04/02/1981,23:22:00,685
(68)-07-76133,(60)-05-18427,04/03/1981,04:02:29,113
(38)-18-92298,(58)-18-69241,04/03/1981,09:24:08,250
(39)-13-17983,(74)-11-31015,04/03/1981,13:53:08,789
(25)-24-59614,(65)-01-62258,04/03/1981,14:43:18,565
(32)-16-82261,(69)-11-99010,04/03/1981,19:48:26,708
(66)-07-33196,(29)-26-44823,04/03/1981,23:25:22,3114
(38)-10-97705,(53)-11-48184,04/04/1981,00:18:03,354
(20)-33-94348,(74)-10-17060,04/04/1981,05:53:45,236
(32)-13-31509,(64)-01-92536,04/04/1981,07:00:51,1708
(63)-07-04884,(31)-13-75758,04/04/1981,07:21:33,208
(62)-01-55624,(69)-07-15644,04/04/1981,09:14:26,39
(76)-03-11606,(41)-12-79215,04/04/1981,10:24:07,1776
(64)-05-71715,(51)-17-45689,04/04/1981,12:54:25,407
(31)-29-73608,(43)-06-32288,04/05/1981,01:21:35,149
(57)-20-80708,(52)-15-55242,04/05/1981,06:30:29,23
(66)-10-75442,(37)-16-86595,04/05/1981,13:04:12,3475
(62)-17-00801,(24)-05-37837,04/05/1981,15:01:49,116
(58)-09-75422,(67)-15-53430,04/05/1981,15:34:48,73
(49)-17-92077,(74)-10-57912,04/05/1981,17:11:45,288
(55)-04-28782,(57)-20-54688,04/05/1981,22:03:00,228
(43)-20-77361,(70)-15-44978,04/06/1981,01:08:04,1498
(73)-05-75089,(61)-02-90509,04/06/1981,05:25:46,217
(42)-25-98603,(30)-01-33935,04/06/1981,05:34:56,785
(23)-18-15207,(78)-09-09584,04/06/1981,09:58:00,151
(60)-02-62181,(22)-13-34507,04/06/1981,13:40:18,62
(59)-05-53241,(58)-15-21129,04/07/1981,02:01:41,876
(55)-08-72193,(61)-10-84841,04/07/1981,04:15:14,106
(21)-00-47171,(67)-12-59824,04/07/1981,07:36:18,2956
(27)-02-71526,(72)-13-10068,04/07/1981,09:19:52,25
(42)-00-79524,(78)-08-32169,04/07/1981,16:48:08,951
(34)-19-67155,(41)-06-09742,04/07/1981,17:49:49,56
(79)-09-49952,(25)-03-31602,04/07/1981,20:47:39,877
(29)-10-47653,(35)-25-67925,04/07/1981,22:02:22,869
(60)-02-05149,(70)-08-25844,04/07/1981,23:54:53,122
(48)-12-57706,(36)-25-45718,04/08/1981,06:59:40,52
(24)-00-42849,(66)-05-62094,04/08/1981,13:07:46,623
(28)-10-89057,(69)-04-71429,04/08/1981,14:16:41,201
(24)-02-33226,(71)-14-50870,04/08/1981,23:44:36,215
(57)-18-31366,(31)-02-35757,04/09/1981,05:39:50,240
(21)-05-77795,(62)-09-40753,04/09/1981,06:44:54,244
(47)-01-39328,(40)-09-05962,04/09/1981,10:45:25,265
(58)-20-30078,(24)-30-45862,04/09/1981,15:17:33,484
(21)-22-20437,(44)-16-85666,04/09/1981,16:01:05,910
(28)-00-11717,(31)-23-89257,04/09/1981,17:11:57,354
(46)-05-61808,(59)-17-53156,04/10/1981,04:48:14,114
(53)-12-31446,(22)-07-24630,04/10/1981,06:46:19,253
(27)-01-38097,(44)-16-65919,04/10/1981,12:09:30,1211
(49)-08-94210,(69)-01-63339,04/10/1981,13:05:46,228
(60)-04-32998,(37)-01-77202,04/10/1981,19:21:19,623
(78)-11-67751,(69)-13-60150,04/10/1981,19:50:09,536
(56)-13-65469,(33)-17-85397,04/11/1981,01:27:59,524
(27)-12-00198,(55)-14-51340,04/11/1981,11:11:12,176
(20)-07-69783,(60)-00-04232,04/11/1981,13:02:14,173
(60)-07-78206,(67)-17-96706,04/11/1981,17:44:09,244
(54)-11-29653,(52)-22-82749,04/11/1981,18:29:57,287
(64)-13-23867,(64)-13-96530,04/11/1981,21:16:34,137
(30)-28-42494,(30)-08-68141,04/12/1981,00:14:36,49
(24)-08-30391,(22)-20-44143,04/12/1981,01:17:57,114
(75)-06-91010,(32)-10-97091,04/12/1981,01:36:29,3242
(44)-11-19836,(52)-01-53991,04/12/1981,12:59:34,72
(45)-01-84923,(63)-06-09851,04/12/1981,17:38:50,815
(66)-05-07765,(41)-19-98651,04/12/1981,19:05:22,208
(26)-04-63549,(56)-03-68360,04/12/1981,22:25:58,1718
(54)-15-65287,(57)-17-48225,04/12/1981,22:38:52,1672
(50)-09-72152,(58)-18-42785,04/13/1981,03:49:09,755
(55)-15-11300,(71)-04-53735,04/13/1981,04:58:14,858
(58)-08-81304,(55)-07-78170,04/13/1981,09:58:51,1379
(72)-12-42252,(38)-11-51007,04/13/1981,11:07:20,691
(41)-02-90820,(63)-09-92048,04/13/1981,13:41:04,539
(34)-05-76683,(69)-02-12219,04/13/1981,22:35:50,719
(54)-07-64746,(66)-04-62185,04/13/1981,22:42:24,203
(78)-10-03341,(39)-00-26117,04/14/1981,00:01:30,275
(72)-00-05794,(58)-09-77293,04/14/1981,00:19:40,235
(76)-08-54092,(49)-18-69635,04/14/1981,02:58:02,3183
(69)-05-54516,(77)-10-22944,04/14/1981,10:52:55,174
(66)-16-21974,(74)-06-04218,04/14/1981,13:36:03,1762
(31)-07-61844,(42)-13-52046,04/14/1981,17:17:53,274
(55)-03-97761,(29)-12-01680,04/14/1981,20:08:34,1635
(74)-14-59743,(40)-21-83977,04/15/1981,00:11:03,308
(75)-08-37978,(62)-05-82397,04/15/1981,04:30:59,5047
(25)-03-82771,(35)-10-13331,04/15/1981,08:25:52,103
(66)-11-06973,(30)-16-15397,04/15/1981,10:33:23,684
(46)-07-28344,(36)-07-04355,04/15/1981,10:39:41,571
(60)-11-58772,(24)-10-65074,04/15/1981,11:25:18,594
(67)-10-90016,(44)-08-98310,04/15/1981,20:58:10,28
(23)-20-73595,(23)-25-89776,04/15/1981,21:59:29,2274
(44)-13-16675,(67)-03-45389,04/15/1981,23:28:21,236
(35)-15-70186,(65)-01-59837,04/16/1981,05:30:04,749
(26)-27-71487,(45)-03-09850,04/16/1981,06:16:18,836
(66)-00-38048,(28)-16-55061,04/16/1981,16:45:15,297
(68)-07-76133,(34)-14-24570,04/16/1981,18:12:27,394
(20)-12-38038,(42)-04-22361,04/16/1981,18:25:09,82
(28)-26-03799,(70)-08-98665,04/16/1981,20:46:10,2216
(50)-04-75944,(33)-17-94900,04/16/1981,23:14:54,243
(69)-14-34148,(64)-09-67475,04/17/1981,20:18:31,77
(33)-14-14752,(56)-18-48086,04/17/1981,21:32:11,278
(77)-06-17913,(35)-25-81991,04/17/1981,22:41:22,40
(45)-04-76276,(39)-00-26117,04/18/1981,02:26:12,257
(64)-13-20791,(47)-04-54648,04/18/1981,06:56:20,152
(61)-19-82115,(65)-07-34826,04/18/1981,07:39:27,800
(46)-04-83480,(75)-05-95143,04/18/1981,09:50:12,1905
(45)-16-81899,(47)-11-80230,04/18/1981,11:00:40,830
(61)-17-30432,(31)-27-50621,04/19/1981,00:53:21,58
(61)-09-02195,(32)-08-68200,04/19/1981,04:35:55,41
(39)-10-44530,(28)-26-34831,04/19/1981,04:55:04,194
(51)-03-85367,(67)-17-43452,04/19/1981,06:21:47,374
(74)-04-24222,(54)-15-30957,04/19/1981,06:36:46,214
(23)-16-63487,(53)-17-55473,04/19/1981,08:33:30,795
(50)-04-19415,(72)-08-49404,04/19/1981,10:33:33,427
(73)-12-84752,(70)-04-40190,04/19/1981,10:34:35,594
(55)-09-11552,(53)-03-49513,04/19/1981,20:11:57,124
(39)-06-24003,(43)-23-01287,04/20/1981,00:21:34,585
(65)-09-86668,(47)-16-57480,04/20/1981,05:47:05,22
(44)-12-10211,(79)-11-54876,04/20/1981,11:38:43,604
(54)-14-04328,(72)-09-62193,04/20/1981,14:58:57,14
(61)-04-81815,(22)-20-44143,04/20/1981,20:35:50,566
(52)-08-06582,(20)-16-26872,04/20/1981,22:35:48,60
(51)-11-65562,(30)-03-27284,04/20/1981,23:52:31,361
(33)-25-79402,(70)-10-26725,04/21/1981,15:54:06,3387
(58)-02-23535,(41)-07-82172,04/21/1981,18:02:59,251
(69)-13-99204,(79)-06-37068,04/21/1981,18:26:00,210
(74)-02-65303,(36)-15-10032,04/22/1981,00:13:00,638
(39)-22-63112,(22)-25-25726,04/22/1981,02:40:32,348
(67)-03-60879,(77)-05-23989,04/22/1981,12:05:38,325
(33)-08-99064,(61)-15-97004,04/22/1981,21:13:23,354
(43)-06-80180,(76)-06-77162,04/23/1981,05:36:45,701
(76)-14-97909,(54)-16-96752,04/23/1981,09:10:19,583
(63)-04-02337,(79)-13-78379,04/23/1981,09:43:50,1422
(70)-12-71806,(54)-21-98208,04/23/1981,13:32:19,196
(46)-24-47906,(53)-11-73684,04/23/1981,23:16:39,3144
(51)-13-44570,(74)-07-51748,04/24/1981,03:17:09,102
(29)-21-65962,(62)-09-52320,04/24/1981,06:30:23,158
(49)-09-00339,(41)-11-36755,04/24/1981,14:34:33,1677
(53)-04-26800,(46)-14-90683,04/24/1981,15:45:26,3474
(71)-12-55205,(39)-22-73190,04/25/1981,10:28:46,362
(46)-08-06545,(21)-16-79461,04/25/1981,13:16:39,55
(34)-04-75201,(54)-20-32030,04/25/1981,19:22:33,273
(34)-25-99634,(55)-10-81326,04/25/1981,22:32:44,273
(22)-10-84772,(26)-08-15909,04/26/1981,03:56:07,63
(55)-12-26726,(53)-09-27852,04/26/1981,05:54:01,728
(73)-13-88205,(72)-13-87114,04/26/1981,16:42:10,294
(44)-24-97879,(64)-11-09030,04/26/1981,18:31:45,418
(70)-03-44118,(77)-05-89521,04/26/1981,21:05:05,20
(70)-16-07124,(58)-07-65102,04/27/1981,05:30:19,207
(20)-06-58512,(70)-02-98077,04/27/1981,10:08:24,92
(33)-19-90069,(20)-14-79139,04/27/1981,15:34:32,143
(38)-16-85704,(22)-07-33992,04/27/1981,17:44:07,189
(74)-08-79328,(79)-00-24336,04/27/1981,18:40:17,438
(48)-05-81220,(64)-06-38458,04/27/1981,20:35:09,497
(66)-11-55885,(57)-05-72407,04/27/1981,20:36:18,85
(65)-05-34718,(20)-22-84358,04/27/1981,20:37:17,126
(69)-09-25241,(79)-02-13208,04/28/1981,05:47:49,1373
(23)-12-05728,(68)-14-18565,04/28/1981,07:23:05,2957
(42)-25-44392,(76)-00-56573,04/28/1981,07:57:20,7179
(77)-07-32914,(74)-13-98336,04/28/1981,17:20:19,290
(49)-18-41313,(65)-10-76378,04/28/1981,17:58:54,104
(49)-20-71745,(31)-00-65167,04/28/1981,18:18:55,119
(72)-13-23922,(43)-21-58722,04/28/1981,23:16:32,51
(21)-28-00142,(52)-14-05277,04/29/1981,04:38:54,46
(79)-01-97406,(21)-13-20049,04/29/1981,11:04:06,295
(48)-14-18826,(56)-03-93452,04/29/1981,15:56:15,281
(60)-03-38158,(38)-13-68870,04/30/1981,03:28:27,2817
(73)-09-68756,(68)-13-95220,04/30/1981,04:34:55,608
(47)-08-53280,(26)-26-50851,04/30/1981,05:04:37,54
(34)-27-10707,(62)-13-23251,04/30/1981,08:49:59,851
(25)-25-65394,(52)-06-86722,04/30/1981,11:18:40,2856
(54)-07-19957,(69)-09-91950,04/30/1981,14:47:50,254
(31)-23-89734,(44)-04-25690,04/30/1981,17:14:39,465
(72)-10-91639,(36)-26-57002,04/30/1981,19:28:37,16
(66)-10-22229,(76)-03-44581,04/30/1981,20:18:16,1288
(63)-00-14008,(71)-12-35120,04/30/1981,20:29:25,291
(36)-08-45630,(51)-17-47767,05/01/1981,02:30:20,276
(39)-20-99896,(41)-20-09332,05/01/1981,11:50:24,369
(42)-24-82097,(78)-05-81421,05/01/1981,15:44:25,35
(31)-19-04862,(21)-18-79515,05/01/1981,17:48:26,677
(41)-11-40341,(63)-17-12713,05/01/1981,19:27:47,218
(32)-07-87577,(39)-17-88705,05/01/1981,22:33:06,279
(29)-04-54166,(69)-14-22405,05/02/1981,04:23:37,282
(63)-12-44134,(52)-18-15435,05/02/1981,05:49:46,2342
(36)-01-93141,(29)-17-55377,05/02/1981,08:24:32,445
(29)-23-81229,(69)-10-88211,05/02/1981,08:35:49,266
(30)-21-63088,(66)-16-90927,05/02/1981,13:39:59,140
(79)-06-14382,(50)-08-42002,05/02/1981,18:53:25,6
(44)-07-93916,(29)-15-59478,05/03/1981,06:02:18,504
(78)-07-49308,(67)-02-97454,05/03/1981,07:37:12,449
(20)-17-18474,(50)-07-54798,05/03/1981,08:02:58,103
(62)-11-27488,(27)-09-65507,05/03/1981,20:49:10,700
(30)-15-06779,(30)-02-52120,05/03/1981,23:20:39,2279
(66)-10-09654,(67)-01-16989,05/04/1981,02:32:03,241
(63)-10-82477,(48)-20-00181,05/04/1981,04:21:16,94
(37)-12-25729,(71)-02-91626,05/04/1981,18:52:39,755
(40)-20-95684,(47)-11-39036,05/04/1981,21:24:38,796
(21)-32-63631,(53)-17-24752,05/04/1981,21:57:54,457
(71)-01-33436,(78)-12-34644,05/05/1981,00:30:18,758
(36)-01-15778,(20)-30-95177,05/05/1981,13:26:14,206
(65)-18-23620,(66)-08-16005,05/05/1981,18:59:43,236
(28)-11-46809,(40)-04-66966,05/06/1981,00:12:30,67
(68)-06-09402,(60)-10-90765,05/06/1981,00:21:45,231
(68)-02-34233,(49)-02-18449,05/06/1981,00:51:27,192
(27)-19-20508,(54)-05-32996,05/06/1981,08:10:36,2312
(55)-20-42142,(34)-14-64967,05/06/1981,12:11:36,277
(32)-16-20879,(54)-12-55702,05/06/1981,16:32:06,125
(22)-14-43103,(54)-03-95296,05/06/1981,19:08:15,749
(60)-08-15776,(53)-11-64947,05/07/1981,06:05:32,303
(75)-01-30992,(33)-24-39961,05/07/1981,07:57:44,848
(62)-17-86464,(79)-10-72677,05/07/1981,16:10:06,531
(23)-06-54052,(59)-16-82628,05/07/1981,17:29:47,1997
(75)-02-84480,(59)-04-52577,05/08/1981,06:51:23,890
(36)-07-14497,(62)-10-95754,05/08/1981,08:18:50,1885
(40)-10-86896,(68)-16-14979,05/08/1981,11:49:10,168
(51)-00-55698,(45)-15-31459,05/08/1981,12:34:07,448
(28)-20-66080,(28)-04-65960,05/08/1981,16:27:43,627
(79)-03-54042,(29)-24-90154,05/08/1981,17:53:39,67
(45)-00-34340,(31)-01-03210,05/09/1981,01:10:02,125
(26)-28-69320,(49)-15-35209,05/09/1981,09:41:30,1377
(52)-12-54791,(55)-02-91454,05/09/1981,22:13:04,145
(31)-23-43754,(74)-03-42835,05/10/1981,01:55:24,650
(23)-00-25295,(22)-15-10665,05/10/1981,04:24:45,390
(24)-12-35634,(22)-15-71920,05/10/1981,13:03:20,249
(49)-05-63273,(46)-11-06759,05/10/1981,13:04:03,782
(79)-04-37913,(34)-20-54472,05/11/1981,01:53:32,491
(39)-14-29655,(55)-21-94848,05/11/1981,02:18:51,741
(46)-08-60607,(23)-12-35954,05/11/1981,03:50:27,246
(53)-22-06189,(76)-01-26390,05/11/1981,05:53:08,195
(45)-09-64236,(35)-20-34652,05/11/1981,05:57:04,2887
(68)-03-60159,(28)-09-97144,05/11/1981,06:06:11,498
(53)-17-87939,(36)-22-38839,05/11/1981,11:58:41,163
(41)-15-45648,(48)-22-70332,05/11/1981,15:34:28,425
(53)-19-39131,(74)-03-55185,05/11/1981,16:55:41,368
(28)-12-04905,(37)-22-79660,05/11/1981,17:51:30,79
(28)-17-66696,(32)-14-54302,05/11/1981,18:11:28,641
(48)-03-67444,(65)-10-31034,05/11/1981,22:24:45,685
(40)-01-12315,(21)-20-39218,05/12/1981,01:21:35,122
(45)-15-53996,(61)-04-15624,05/12/1981,09:44:29,226
(67)-11-20933,(62)-12-66829,05/12/1981,20:05:45,218
(53)-04-80461,(33)-14-85501,05/13/1981,00:39:07,492
(50)-09-82761,(57)-15-16736,05/13/1981,02:46:55,271
(29)-17-83758,(23)-19-51961,05/13/1981,03:02:30,795
(55)-04-67545,(75)-07-05898,05/13/1981,09:56:46,212
(25)-31-87329,(72)-08-78936,05/14/1981,02:11:38,34
(25)-15-21841,(63)-18-78820,05/14/1981,07:49:28,878
(21)-19-70239,(68)-12-31912,05/14/1981,09:31:28,235
(31)-01-46570,(53)-00-44165,05/14/1981,12:43:50,494
(34)-00-83157,(44)-22-18249,05/14/1981,19:47:50,535
(28)-06-57768,(64)-06-60568,05/15/1981,07:50:48,332
(34)-14-96374,(52)-02-20809,05/15/1981,13:01:44,1480
(65)-02-10037,(31)-15-40133,05/15/1981,16:41:55,197
(64)-08-15829,(61)-08-75500,05/15/1981,18:28:34,2832
(30)-28-84425,(52)-00-02672,05/15/1981,19:17:14,536
(50)-11-00324,(28)-18-63943,05/15/1981,19:27:54,748
(30)-00-72171,(57)-07-82014,05/15/1981,20:12:21,551
(65)-12-24477,(21)-05-18167,05/16/1981,02:25:33,707
(29)-15-48263,(68)-17-39162,05/16/1981,04:09:21,57
(60)-01-61230,(21)-06-50752,05/16/1981,12:43:48,83
(25)-00-47468,(70)-05-90084,05/16/1981,15:53:28,607
(20)-32-27174,(57)-05-20380,05/17/1981,00:46:47,1572
(28)-11-08925,(26)-19-94869,05/17/1981,02:45:01,1986
(67)-07-95601,(58)-02-92081,05/17/1981,07:13:24,692
(20)-13-82452,(37)-13-48041,05/17/1981,08:33:00,3319
(65)-15-69005,(43)-14-08851,05/17/1981,12:27:19,1693
(51)-18-57858,(74)-02-62277,05/17/1981,12:28:03,607
(74)-03-59224,(62)-11-10523,05/17/1981,16:20:01,52
(43)-12-71294,(20)-30-82895,05/17/1981,21:50:11,846
(39)-20-32531,(32)-14-50075,05/18/1981,00:31:31,1438
(62)-09-43905,(30)-06-59191,05/18/1981,09:02:40,152
(26)-21-67349,(53)-02-65790,05/18/1981,11:24:33,238
(48)-06-53143,(68)-00-30549,05/18/1981,12:25:18,110
(23)-19-88367,(39)-25-95759,05/18/1981,17:28:56,296
(21)-27-33445,(75)-09-19359,05/18/1981,19:01:10,3841
(65)-15-01441,(32)-06-31687,05/18/1981,22:46:27,220
(42)-10-33463,(54)-13-65534,05/18/1981,23:33:42,264
(35)-25-16923,(24)-11-61289,05/19/1981,00:31:49,268
(63)-16-60611,(57)-18-48088,05/19/1981,14:55:39,213
(63)-14-17579,(61)-02-15909,05/19/1981,15:12:19,405
(76)-07-65448,(30)-03-59229,05/19/1981,19:09:11,164
(67)-04-67903,(60)-02-96919,05/19/1981,23:57:35,2781
(38)-22-16078,(41)-17-38576,05/20/1981,01:16:34,6
(43)-22-61902,(77)-10-81460,05/20/1981,15:12:56,996
(69)-07-43059,(34)-26-49771,05/20/1981,17:40:55,185
(31)-19-53879,(57)-06-15000,05/20/1981,18:10:53,90
(52)-02-87266,(32)-03-31409,05/20/1981,18:58:24,23
(21)-15-05415,(68)-11-48419,05/20/1981,23:12:11,142
(51)-03-03365,(49)-08-54870,05/21/1981,00:05:56,700
(54)-14-89114,(66)-12-02168,05/21/1981,01:19:46,2872
(64)-02-17315,(47)-13-10683,05/21/1981,05:47:45,6107
(24)-12-12790,(26)-28-01236,05/21/1981,07:23:52,191
(39)-17-85796,(54)-15-01633,05/21/1981,09:34:30,137
(55)-02-82522,(36)-17-44267,05/21/1981,10:18:54,144
(21)-20-67239,(59)-08-14731,05/21/1981,22:09:15,265
(77)-11-83366,(31)-17-56125,05/21/1981,22:44:58,147
(43)-01-94163,(26)-25-12228,05/21/1981,23:21:53,327
(72)-02-35208,(35)-24-70038,05/22/1981,01:16:04,861
(69)-03-03634,(61)-00-49981,05/22/1981,12:10:09,672
(23)-11-38240,(48)-06-60369,05/22/1981,17:36:38,225
(63)-10-11143,(61)-03-92115,05/22/1981,19:32:25,157
(42)-21-63420,(67)-10-67065,05/23/1981,05:21:47,750
(70)-07-94105,(68)-05-96614,05/23/1981,07:09:57,116
(22)-14-75779,(69)-03-02763,05/23/1981,12:02:38,597
(74)-05-10360,(36)-05-66761,05/24/1981,00:59:44,641
(55)-20-92769,(74)-13-98579,05/24/1981,04:40:55,761
(26)-16-66332,(29)-10-98725,05/24/1981,15:01:30,247
(63)-11-38273,(38)-23-15520,05/24/1981,19:47:51,58
(35)-08-50603,(23)-24-70766,05/24/1981,21:41:58,85
(21)-04-17702,(34)-12-89328,05/25/1981,04:27:42,184
(33)-06-98005,(63)-07-93647,05/25/1981,08:14:53,118
(70)-06-25379,(79)-13-12306,05/25/1981,09:34:14,116
(78)-04-40968,(74)-00-17833,05/25/1981,22:53:01,2490
(57)-20-54688,(59)-01-26190,05/25/1981,22:56:54,26
(60)-18-84259,(24)-31-87896,05/26/1981,07:08:46,38
(43)-09-39741,(21)-00-90375,05/26/1981,07:48:08,393
(47)-11-60786,(31)-09-57895,05/26/1981,13:59:26,143
(72)-03-69546,(44)-22-93833,05/26/1981,14:38:14,857
(36)-01-35022,(72)-09-36877,05/26/1981,18:15:17,1214
(49)-02-36498,(39)-26-38760,05/26/1981,18:17:34,213
(26)-09-72870,(38)-14-89570,05/26/1981,23:05:38,602
(53)-12-48057,(29)-27-48496,05/27/1981,01:51:48,289
(28)-07-55397,(77)-07-92489,05/27/1981,03:15:54,49
(33)-03-22161,(73)-04-57225,05/27/1981,05:36:01,836
(46)-16-90466,(68)-07-05487,05/27/1981,20:06:36,2307
(22)-12-47091,(53)-01-12578,05/27/1981,20:50:15,262
(45)-21-91792,(50)-02-83473,05/28/1981,00:42:48,371
(27)-16-47249,(37)-01-72140,05/28/1981,01:41:39,327
(38)-14-02746,(59)-03-18846,05/28/1981,01:49:30,3190
(47)-12-84450,(29)-07-23770,05/28/1981,05:20:50,65
(35)-13-90232,(74)-02-16509,05/28/1981,13:17:24,287
(28)-25-63406,(34)-19-39067,05/28/1981,15:07:43,812
(67)-03-23708,(67)-00-63319,05/28/1981,16:43:12,1492
(50)-07-20848,(20)-07-31745,05/29/1981,02:00:14,51
(64)-14-78626,(72)-01-70705,05/29/1981,02:41:10,1954
(46)-18-27150,(76)-03-77138,05/29/1981,03:14:32,163
(37)-01-29849,(72)-10-17689,05/29/1981,05:39:06,214
(27)-17-19287,(22)-32-22578,05/29/1981,11:19:28,294
(73)-03-66293,(79)-05-78676,05/29/1981,12:00:42,137
(32)-17-19343,(37)-13-98903,05/29/1981,13:32:55,443
(55)-20-95609,(29)-15-31567,05/29/1981,18:11:29,193
(48)-12-22203,(50)-06-14613,05/29/1981,18:21:02,163
(39)-23-08416,(50)-07-35484,05/29/1981,19:50:08,724
(28)-04-51380,(34)-23-15575,05/29/1981,21:19:41,82
(60)-06-85509,(60)-12-49394,05/30/1981,02:34:56,382
(35)-18-01333,(66)-15-85668,05/30/1981,04:13:12,788
(51)-17-45183,(43)-16-48216,05/30/1981,04:40:21,385
(41)-15-00840,(68)-00-63751,05/30/1981,15:11:00,2116
(20)-16-33712,(79)-03-00237,05/30/1981,19:48:49,777
(34)-04-53096,(23)-28-81786,05/30/1981,20:16:09,559
(75)-07-83507,(41)-04-17627,05/30/1981,21:15:55,304
(67)-02-21180,(61)-04-45678,05/31/1981,02:43:16,200
(23)-28-85204,(61)-03-84711,05/31/1981,05:20:36,111
(42)-11-28971,(41)-26-09227,05/31/1981,11:47:44,3086
(71)-01-33286,(76)-14-74878,05/31/1981,12:56:00,114
(39)-11-00025,(71)-13-81599,05/31/1981,13:52:07,168
(64)-06-09297,(70)-07-89687,05/31/1981,17:59:27,1360
(23)-25-49324,(26)-19-09369,05/31/1981,21:53:39,420
(29)-17-87591,(27)-28-49719,06/01/1981,02:26:15,444
(51)-13-06250,(48)-14-37583,06/01/1981,10:03:35,3356
(36)-10-45620,(25)-12-07739,06/01/1981,11:26:45,76
(74)-01-10199,(62)-01-35844,06/01/1981,11:41:16,378
(32)-05-69527,(46)-15-96126,06/01/1981,12:20:39,3599
(68)-04-45009,(33)-24-56597,06/02/1981,02:02:09,55
(64)-15-20522,(31)-08-26567,06/02/1981,03:29:35,49
(52)-11-20672,(57)-05-59048,06/02/1981,07:59:35,3207
(73)-05-36102,(61)-03-70881,06/02/1981,11:31:41,905
(48)-07-64720,(66)-04-29805,06/02/1981,11:47:43,193
(52)-15-94754,(30)-20-42463,06/02/1981,15:40:48,645
(60)-19-06109,(61)-06-81505,06/02/1981,18:26:27,423
(37)-12-76171,(33)-27-18433,06/02/1981,19:24:11,351
(49)-00-76575,(54)-05-43935,06/02/1981,20:59:55,332
(58)-18-77663,(63)-08-12079,06/03/1981,00:03:50,28
(52)-14-41490,(69)-14-45889,06/03/1981,06:06:26,537
(30)-01-87659,(57)-06-20849,06/03/1981,20:44:03,1601
(76)-06-06075,(25)-22-30162,06/03/1981,23:07:11,37
(78)-04-24617,(73)-09-46265,06/04/1981,02:28:18,2328
(64)-03-25925,(47)-21-67566,06/04/1981,04:34:12,396
(73)-05-81245,(51)-00-97970,06/04/1981,11:50:44,240
(28)-12-71842,(73)-09-53241,06/04/1981,17:37:41,1565
(66)-03-06552,(77)-05-79177,06/04/1981,18:29:03,174
(72)-06-33543,(37)-23-13994,06/05/1981,05:34:07,365
(66)-02-96618,(67)-04-00437,06/05/1981,12:45:40,634
(54)-00-03287,(36)-13-63336,06/05/1981,17:51:27,242
(51)-22-78004,(47)-09-96495,06/05/1981,19:51:38,475
(70)-11-70783,(65)-11-34860,06/05/1981,22:21:28,245
(52)-08-48598,(33)-17-69762,06/06/1981,12:50:15,158
(30)-02-90672,(69)-01-30574,06/06/1981,14:10:01,211
(41)-26-00929,(73)-04-84556,06/06/1981,15:47:21,399
(58)-07-96697,(32)-29-08970,06/06/1981,16:08:52,894
(23)-10-69545,(38)-13-90543,06/06/1981,18:35:17,171
(60)-07-90945,(32)-04-36385,06/06/1981,20:35:41,2812
(50)-07-49073,(23)-32-81217,06/06/1981,21:48:40,22
(31)-09-16916,(40)-03-29058,06/07/1981,03:00:37,125
(37)-15-90209,(64)-18-53699,06/07/1981,10:15:19,292
(71)-12-29760,(25)-14-60530,06/07/1981,11:21:27,398
(68)-04-65545,(43)-23-82629,06/07/1981,14:31:11,670
(58)-12-16368,(53)-06-32186,06/08/1981,00:47:51,1355
(31)-27-46512,(23)-09-11383,06/08/1981,00:58:06,819
(40)-03-57750,(48)-00-48100,06/08/1981,06:25:22,733
(49)-07-32395,(29)-16-56719,06/08/1981,10:18:22,501
(75)-07-19895,(30)-16-95512,06/08/1981,12:20:49,72
(74)-00-21322,(41)-08-55035,06/08/1981,18:37:53,347
(44)-09-71662,(35)-04-70465,06/08/1981,19:04:32,248
(49)-05-28003,(77)-11-10514,06/08/1981,19:51:36,319
(21)-07-21190,(48)-00-24872,06/08/1981,23:41:14,193
(74)-09-58965,(40)-20-80108,06/09/1981,07:16:58,168
(71)-10-92874,(54)-06-29699,06/09/1981,10:28:22,3250
(42)-00-46704,(72)-03-04291,06/09/1981,11:02:52,269
(75)-06-05425,(40)-12-25699,06/09/1981,19:25:35,773
(34)-27-74998,(27)-02-11565,06/09/1981,19:47:10,595
(32)-18-27580,(77)-04-89721,06/09/1981,20:20:36,86
(70)-06-24175,(25)-15-56710,06/09/1981,22:06:28,3126
(33)-00-38626,(21)-08-25497,06/09/1981,22:53:55,2882
(40)-11-70555,(33)-25-41052,06/09/1981,23:53:52,54
(44)-13-21870,(49)-11-14805,06/10/1981,00:13:13,1763
(55)-10-87203,(68)-06-80848,06/10/1981,01:13:59,127
(22)-18-75346,(53)-19-32223,06/10/1981,12:20:04,41
(43)-02-59779,(72)-11-97745,06/10/1981,22:33:22,1253
(57)-03-00727,(46)-23-25177,06/11/1981,08:45:12,2022
(79)-06-51112,(72)-08-90044,06/11/1981,15:59:58,364
(52)-18-62615,(40)-17-07122,06/11/1981,19:54:49,245
(76)-14-61054,(75)-12-83419,06/12/1981,08:36:12,207
(28)-19-39397,(34)-09-83200,06/12/1981,12:10:52,410
(64)-05-88900,(39)-12-67381,06/12/1981,13:35:50,18
(28)-03-39715,(22)-21-96235,06/12/1981,15:04:59,1002
(52)-19-35518,(67)-08-11872,06/12/1981,16:58:06,1852
(66)-03-99508,(73)-09-81011,06/12/1981,21:25:59,315
(62)-16-38525,(29)-29-67872,06/12/1981,23:05:21,883
(24)-23-95520,(74)-00-57890,06/13/1981,00:33:57,518
(31)-13-61432,(67)-10-38418,06/13/1981,03:56:33,596
(72)-10-26949,(76)-08-79063,06/13/1981,05:15:37,179
(32)-02-61491,(31)-16-17083,06/13/1981,11:37:20,1158
(27)-25-52078,(24)-00-66389,06/13/1981,14:10:56,306
(73)-14-23007,(42)-12-67498,06/13/1981,16:30:25,925
(45)-17-55778,(43)-20-17050,06/13/1981,19:34:48,275
(66)-07-14911,(56)-09-57176,06/13/1981,23:15:32,129
(51)-14-96062,(53)-03-27993,06/14/1981,04:11:02,3331
(26)-09-76153,(61)-12-49562,06/14/1981,05:25:08,711
(72)-14-56177,(48)-15-94059,06/14/1981,10:19:34,27
(66)-08-19938,(24)-21-21671,06/14/1981,18:05:01,75
(72)-09-67435,(22)-15-12799,06/15/1981,04:29:53,1298
(35)-26-82836,(79)-06-83551,06/15/1981,14:54:10,333
(42)-02-09870,(39)-04-69810,06/15/1981,19:23:31,295
(49)-10-26548,(75)-13-96054,06/15/1981,23:33:56,436
(71)-16-75734,(36)-14-38439,06/16/1981,04:08:29,55
(46)-16-71051,(56)-06-29756,06/16/1981,11:02:13,3372
(40)-03-78185,(47)-21-27477,06/16/1981,18:38:03,1299
(78)-08-67880,(29)-14-66799,06/16/1981,21:26:32,99
(49)-19-30967,(37)-09-18480,06/17/1981,01:17:38,84
(59)-01-11725,(71)-00-76379,06/17/1981,01:27:37,2423
(73)-11-58161,(65)-12-18293,06/17/1981,07:02:27,12
(69)-14-87942,(51)-08-18715,06/17/1981,07:46:33,139
(77)-14-88127,(57)-14-76998,06/17/1981,18:38:58,990
(55)-12-48679,(32)-25-75261,06/17/1981,18:56:46,475
(66)-10-84881,(39)-25-93461,06/17/1981,21:02:45,2111
(29)-24-31509,(78)-13-60162,06/17/1981,22:28:58,198
(66)-06-58336,(73)-13-51985,06/17/1981,22:39:00,2310
(76)-13-86587,(77)-08-85118,06/18/1981,01:17:27,152
(34)-18-66341,(75)-13-00930,06/18/1981,13:09:17,274
(64)-04-89664,(32)-11-17697,06/18/1981,14:23:14,791
(68)-05-90779,(24)-07-89113,06/18/1981,19:11:06,31
(52)-03-66543,(77)-02-39419,06/18/1981,20:15:17,417
(75)-13-06593,(71)-02-98977,06/19/1981,04:51:23,2663
(63)-18-78820,(32)-13-04840,06/19/1981,05:21:50,2908
(65)-17-92444,(75)-14-10540,06/19/1981,07:55:47,532
(76)-02-43037,(79)-08-36935,06/19/1981,09:23:33,762
(26)-07-20401,(64)-11-09926,06/19/1981,10:53:33,868
(23)-31-21270,(74)-07-58268,06/19/1981,14:33:21,831
(70)-05-78362,(62)-06-60488,06/19/1981,17:05:45,330
(51)-01-57711,(57)-20-50469,06/19/1981,23:17:13,1815
(28)-30-35313,(42)-08-81779,06/20/1981,01:44:42,145
(40)-02-21370,(76)-05-65012,06/20/1981,03:09:37,1646
(42)-10-36142,(73)-09-40918,06/20/1981,05:53:39,1263
(39)-12-00680,(64)-13-81273,06/20/1981,07:31:31,380
(66)-09-00451,(59)-19-94682,06/20/1981,09:28:37,158
(55)-00-68952,(22)-16-31726,06/20/1981,10:18:30,265
(24)-10-80943,(23)-07-16627,06/20/1981,15:14:56,279
(37)-23-44965,(39)-10-76695,06/20/1981,15:18:41,63
(66)-07-51503,(25)-09-96420,06/20/1981,15:47:35,220
(28)-09-53714,(37)-12-56148,06/20/1981,17:49:42,205
(69)-14-02058,(75)-06-05425,06/20/1981,22:21:54,106
(45)-11-04432,(46)-11-27624,06/21/1981,08:55:39,132
(41)-24-13686,(44)-06-31849,06/21/1981,09:25:07,859
(58)-01-69277,(27)-22-36115,06/22/1981,12:25:13,3018
(32)-28-15277,(64)-13-30253,06/22/1981,13:19:41,89
(37)-26-64970,(32)-06-14981,06/22/1981,15:01:30,224
(31)-03-61372,(79)-05-31789,06/22/1981,16:10:05,7
(35)-03-46968,(54)-11-63000,06/22/1981,16:27:12,224
(79)-03-17699,(79)-13-77733,06/22/1981,19:21:23,2583
(44)-13-31252,(39)-19-22372,06/22/1981,22:36:26,608
(24)-10-30820,(43)-14-33831,06/23/1981,04:26:44,1930
(73)-14-04963,(54)-15-06574,06/23/1981,15:27:33,681
(31)-01-90279,(32)-04-61269,06/23/1981,18:54:25,125
(73)-13-12546,(47)-06-94874,06/23/1981,21:14:17,738
(45)-03-48707,(70)-01-56047,06/23/1981,23:35:18,480
(72)-11-27955,(27)-02-77902,06/24/1981,04:15:41,99
(30)-04-55338,(69)-16-80081,06/24/1981,05:38:14,432
(60)-02-68895,(50)-11-52670,06/24/1981,06:29:56,277
(25)-31-96056,(31)-09-08808,06/24/1981,09:10:15,253
(33)-06-50738,(36)-07-83514,06/24/1981,10:03:13,109
(78)-02-25965,(22)-26-18562,06/24/1981,12:09:36,135
(56)-09-80984,(56)-08-94306,06/24/1981,20:34:53,773
(37)-08-97262,(34)-16-26387,06/25/1981,00:06:40,523
(55)-02-01218,(22)-21-71996,06/25/1981,03:03:46,68
(39)-14-51698,(30)-02-23242,06/25/1981,05:29:13,284
(55)-13-65994,(45)-24-57188,06/25/1981,06:40:07,828
(20)-28-60369,(31)-14-36987,06/25/1981,10:43:38,168
(61)-16-57293,(62)-12-49929,06/25/1981,21:55:45,224
(74)-08-79913,(24)-28-95595,06/25/1981,22:52:22,246
(29)-25-07541,(34)-02-42518,06/26/1981,07:19:01,159
(59)-19-99247,(64)-00-64115,06/26/1981,07:43:25,139
(64)-04-01241,(46)-22-91330,06/26/1981,21:49:57,168
(39)-04-59952,(57)-12-84026,06/27/1981,10:35:22,1851
(34)-10-93063,(55)-06-98263,06/27/1981,17:10:23,704
(21)-08-41307,(46)-11-61287,06/27/1981,21:39:20,355
(20)-06-72451,(49)-10-08255,06/27/1981,23:54:33,19
(20)-05-18317,(22)-17-97666,06/28/1981,06:49:23,103
(42)-18-49848,(79)-13-33483,06/28/1981,07:20:22,140
(47)-18-88153,(30)-22-25295,06/28/1981,09:51:28,87
(77)-07-67143,(23)-22-24507,06/28/1981,19:39:12,810
(53)-00-86311,(58)-03-39903,06/28/1981,22:39:43,4232
(52)-22-14617,(65)-02-93245,06/29/1981,04:04:40,521
(65)-01-43550,(79)-13-87360,06/29/1981,09:52:12,267
(20)-11-16737,(74)-11-66699,06/29/1981,15:57:17,201
(22)-32-21238,(34)-26-25840,06/29/1981,18:32:33,980
(31)-07-35573,(32)-15-01725,06/30/1981,05:58:59,370
(62)-09-44674,(29)-15-33804,06/30/1981,09:59:43,164
(73)-10-73697,(45)-22-36732,06/30/1981,18:56:00,768
(35)-11-74354,(46)-02-46341,06/30/1981,19:47:14,141
(23)-16-50369,(42)-18-76807,06/30/1981,20:55:38,276
(61)-17-93146,(53)-22-78345,07/01/1981,00:30:17,282
(39)-13-71292,(52)-20-34632,07/01/1981,01:01:13,2738
(39)-13-14553,(48)-03-16348,07/01/1981,05:27:36,270
(66)-01-19784,(79)-00-78572,07/01/1981,15:40:05,265
(24)-03-94740,(65)-16-85331,07/01/1981,19:10:57,2308
(76)-06-30530,(78)-08-78688,07/02/1981,08:56:36,269
(69)-11-08707,(51)-00-96976,07/02/1981,11:22:06,302
(37)-23-01426,(22)-23-67973,07/02/1981,15:59:53,1830
(31)-19-53772,(28)-30-69298,07/03/1981,03:33:37,567
(51)-14-42182,(31)-05-23145,07/03/1981,05:55:31,59
(50)-03-66364,(79)-02-81930,07/03/1981,07:48:55,67
(64)-07-27500,(23)-28-69490,07/03/1981,12:29:33,3360
(23)-18-47006,(38)-10-28666,07/03/1981,13:44:52,740
(52)-06-90732,(34)-12-59720,07/03/1981,21:24:48,559
(72)-11-97583,(49)-11-20592,07/04/1981,10:58:12,292
(59)-07-85113,(68)-12-70406,07/04/1981,21:24:50,126
(48)-14-92625,(56)-05-45427,07/04/1981,22:33:02,183
(42)-00-73913,(55)-08-68765,07/05/1981,09:53:16,100
(70)-00-11399,(43)-13-02579,07/05/1981,15:01:21,84
(32)-20-87366,(75)-06-61437,07/05/1981,17:39:38,88
(32)-14-23106,(29)-03-38856,07/05/1981,17:49:56,581
(63)-08-09281,(57)-14-18018,07/06/1981,06:29:28,747
(42)-23-50057,(59)-13-99056,07/06/1981,18:49:55,246
(57)-03-01906,(77)-13-49104,07/06/1981,19:10:33,76
(58)-14-74554,(21)-29-02378,07/06/1981,20:38:07,820
(34)-14-56129,(51)-18-60711,07/07/1981,03:19:42,348
(25)-00-10660,(64)-03-20477,07/07/1981,04:26:58,774
(53)-08-58814,(76)-01-19242,07/07/1981,07:49:41,296
(47)-02-99244,(70)-03-53346,07/07/1981,09:26:42,555
(34)-22-81530,(50)-07-86391,07/07/1981,13:50:22,890
(31)-03-07943,(65)-02-50555,07/07/1981,14:20:28,236
(54)-19-16724,(35)-19-97724,07/07/1981,18:16:17,94
(50)-01-54096,(67)-10-55067,07/07/1981,18:54:04,265
(58)-15-89829,(77)-14-87492,07/07/1981,23:22:48,13
(35)-20-69294,(72)-04-87333,07/08/1981,02:57:40,3391
(20)-05-88667,(59)-10-36928,07/08/1981,04:50:14,661
(20)-01-35601,(56)-15-05068,07/08/1981,06:28:53,1375
(32)-18-27595,(36)-09-77045,07/08/1981,23:18:37,477
(47)-00-68227,(65)-13-97725,07/09/1981,13:28:13,77
(42)-02-71001,(50)-11-34973,07/09/1981,15:11:18,713
(37)-03-82029,(27)-25-55351,07/09/1981,15:29:00,190
(67)-01-59901,(54)-08-85680,07/09/1981,16:58:35,2858
(31)-28-71812,(40)-18-15539,07/09/1981,17:33:21,1310
(47)-03-23246,(55)-15-63208,07/09/1981,19:16:45,3483
(59)-18-58358,(39)-07-33455,07/10/1981,21:34:33,122
(43)-07-99621,(56)-05-98615,07/11/1981,00:45:23,298
(33)-18-37015,(43)-17-09397,07/11/1981,12:11:42,599
(66)-13-52993,(36)-06-86508,07/11/1981,15:57:28,167
(79)-00-16685,(34)-01-33019,07/11/1981,19:45:31,566
(50)-15-33209,(50)-01-42707,07/12/1981,05:35:19,135
(39)-03-34316,(73)-15-08772,07/12/1981,12:50:22,828
(30)-24-46863,(65)-03-27945,07/12/1981,13:34:22,463
(46)-00-16976,(55)-08-91223,07/12/1981,13:56:27,132
(24)-17-76890,(75)-06-74542,07/12/1981,20:37:57,55
(52)-09-99318,(72)-01-76584,07/13/1981,00:31:24,271
(32)-21-24809,(43)-15-66836,07/13/1981,09:16:34,508
(63)-01-73332,(51)-00-88533,07/13/1981,11:30:12,227
(76)-01-36669,(52)-00-36991,07/13/1981,19:27:45,2766
(35)-05-06166,(62)-06-64620,07/14/1981,07:16:02,731
(21)-19-07705,(39)-07-03380,07/14/1981,09:02:17,495
(31)-09-04930,(57)-16-15486,07/14/1981,09:31:22,501
(21)-26-30352,(74)-01-15432,07/14/1981,10:13:05,168
(31)-01-63353,(49)-08-12771,07/14/1981,10:52:59,553
(40)-19-85323,(30)-12-29358,07/15/1981,02:05:38,2943
(79)-01-75735,(37)-03-41297,07/15/1981,07:14:39,98
(24)-00-54909,(59)-08-85857,07/15/1981,13:14:35,554
(28)-15-58222,(67)-06-54432,07/16/1981,03:38:32,107
(25)-24-35121,(45)-13-79773,07/16/1981,04:00:08,592
(50)-07-77122,(27)-09-65507,07/16/1981,07:26:37,298
(34)-11-73844,(77)-13-59388,07/16/1981,11:40:07,2663
(41)-04-53337,(33)-04-65013,07/16/1981,17:33:12,2542
(66)-12-80090,(74)-09-72378,07/16/1981,18:59:38,108
(40)-06-66815,(62)-06-29446,07/16/1981,19:55:13,133
(45)-18-71413,(64)-00-53200,07/16/1981,22:54:40,2227
(59)-06-53155,(68)-13-20398,07/17/1981,00:53:38,3400
(70)-16-52391,(68)-17-90207,07/17/1981,06:22:26,619
(43)-20-50953,(73)-11-49252,07/17/1981,11:49:03,5657
(30)-15-50729,(42)-16-04648,07/17/1981,17:53:39,840
(26)-04-46031,(52)-09-79172,07/18/1981,00:27:47,866
(41)-03-81037,(67)-03-29240,07/18/1981,02:21:35,536
(74)-03-42488,(72)-01-46383,07/18/1981,02:48:11,500
(51)-17-51757,(39)-09-99182,07/18/1981,05:21:35,222
(27)-01-43184,(44)-05-01692,07/18/1981,05:38:19,631
(62)-08-29336,(67)-03-98145,07/18/1981,07:27:12,1518
(66)-10-50614,(39)-10-76695,07/18/1981,10:39:10,84
(21)-30-21047,(42)-18-67132,07/18/1981,13:08:10,271
(78)-07-07541,(30)-18-10318,07/18/1981,13:41:05,2151
(61)-19-33800,(35)-12-39063,07/18/1981,14:34:43,472
(66)-09-03028,(64)-03-59704,07/18/1981,18:24:40,690
(48)-09-68293,(56)-12-23499,07/19/1981,08:49:52,664
(61)-14-35732,(73)-07-19071,07/19/1981,09:53:34,237
(60)-07-59659,(20)-19-52884,07/19/1981,16:48:59,764
(30)-23-62646,(26)-17-97114,07/19/1981,19:02:10,109
(21)-21-38780,(31)-10-81297,07/20/1981,07:03:00,202
(34)-24-59316,(79)-11-43754,07/20/1981,08:33:21,60
(24)-18-68109,(25)-17-75009,07/20/1981,11:49:20,578
(77)-00-25031,(21)-06-35875,07/20/1981,12:40:30,60
(37)-07-35744,(74)-11-73195,07/20/1981,13:18:00,586
(20)-18-70165,(61)-05-27174,07/20/1981,16:44:44,220
(54)-00-52022,(76)-00-75723,07/21/1981,00:37:12,158
(71)-16-39724,(78)-03-39742,07/21/1981,04:00:24,39
(48)-21-66588,(36)-01-54262,07/21/1981,04:13:10,751
(77)-03-83536,(55)-17-50589,07/21/1981,05:01:23,95
(39)-25-29179,(66)-07-16901,07/21/1981,07:04:49,298
(74)-01-85916,(74)-05-56938,07/21/1981,11:59:35,3410
(43)-24-23693,(70)-15-84732,07/21/1981,14:50:16,709
(27)-08-74237,(79)-05-94887,07/21/1981,15:27:45,135
(72)-07-67030,(49)-18-19117,07/21/1981,15:32:33,2147
(48)-13-97887,(75)-12-19421,07/21/1981,21:29:19,801
(68)-04-11868,(77)-04-80092,07/22/1981,03:44:50,837
(79)-02-88391,(26)-21-43290,07/22/1981,05:19:59,152
(30)-23-62852,(51)-08-11804,07/22/1981,11:22:00,2377
(20)-02-88292,(69)-07-53880,07/22/1981,13:49:55,207
(40)-12-05279,(34)-03-88849,07/22/1981,16:35:59,302
(39)-02-78694,(37)-27-76159,07/22/1981,19:25:44,85
(76)-12-98036,(20)-19-91100,07/23/1981,02:08:16,694
(77)-14-64307,(75)-06-54926,07/23/1981,08:13:22,1510
(58)-04-83919,(40)-00-13726,07/23/1981,08:27:41,76
(28)-19-61650,(68)-12-20664,07/23/1981,11:40:07,2258
(25)-28-98393,(26)-05-09948,07/23/1981,12:04:56,22
(52)-15-67681,(33)-07-68123,07/23/1981,15:30:57,1565
(48)-15-64559,(75)-02-10707,07/23/1981,15:38:16,1355
(41)-05-08919,(45)-17-02258,07/24/1981,05:02:15,3922
(70)-02-36397,(65)-15-34518,07/24/1981,07:04:39,173
(41)-12-51027,(31)-05-58937,07/24/1981,10:11:43,12
(70)-11-21525,(47)-04-37556,07/24/1981,10:24:19,5
(74)-05-58930,(52)-08-03872,07/24/1981,10:41:40,145
(49)-08-59461,(41)-07-71236,07/24/1981,19:33:37,5137
(20)-31-13440,(48)-06-77367,07/24/1981,23:10:07,131
(76)-12-84492,(24)-22-98274,07/24/1981,23:13:10,452
(77)-00-26361,(68)-14-68133,07/25/1981,07:59:26,698
(75)-01-67841,(42)-00-99839,07/25/1981,21:55:11,1521
(41)-03-81910,(37)-13-40876,07/25/1981,23:35:25,67
(60)-17-94286,(55)-07-94463,07/26/1981,10:43:20,649
(76)-01-35108,(76)-13-23453,07/26/1981,13:13:32,559
(47)-24-38641,(37)-10-10715,07/26/1981,15:10:30,429
(46)-12-35020,(36)-11-23473,07/27/1981,01:15:04,853
(64)-18-44177,(66)-02-62568,07/27/1981,04:21:38,363
(65)-16-43183,(55)-15-87696,07/27/1981,10:38:12,264
(72)-02-20278,(28)-05-82498,07/27/1981,16:33:48,526
(39)-14-87843,(24)-19-52693,07/27/1981,17:22:57,719
(75)-12-05614,(20)-24-50290,07/27/1981,19:20:15,229
(25)-20-89088,(45)-14-08324,07/27/1981,19:30:38,26
(22)-27-31515,(63)-03-00490,07/28/1981,01:09:55,119
(54)-02-87655,(52)-03-53225,07/28/1981,02:27:28,157
(61)-02-87776,(38)-07-41178,07/28/1981,03:02:57,73
(74)-01-27474,(62)-06-39261,07/28/1981,14:14:40,706
(74)-08-28387,(42)-01-75101,07/28/1981,15:36:48,190
(44)-18-20791,(65)-03-92121,07/28/1981,16:32:53,147
(57)-04-51200,(39)-21-22928,07/28/1981,17:22:50,565
(74)-04-02601,(65)-02-45239,07/28/1981,17:39:52,104
(44)-08-70762,(66)-15-97749,07/28/1981,19:00:38,3509
(37)-09-98657,(69)-01-35523,07/28/1981,21:18:50,211
(56)-16-34790,(33)-25-51004,07/29/1981,00:11:09,213
(25)-01-54571,(50)-08-86089,07/29/1981,08:27:03,757
(46)-12-50719,(20)-28-32347,07/29/1981,18:38:55,48
(79)-05-68821,(58)-15-70241,07/29/1981,22:28:37,2386
(37)-21-98759,(76)-00-86743,07/29/1981,23:49:38,474
(24)-24-48295,(30)-04-06100,07/30/1981,03:00:14,256
(35)-06-40643,(65)-15-10781,07/30/1981,04:25:05,884
(47)-10-09635,(32)-25-57003,07/30/1981,06:59:43,1500
(79)-01-71884,(76)-02-46978,07/30/1981,08:43:15,134
(75)-05-78694,(52)-20-12216,07/30/1981,12:19:37,14
(43)-21-78910,(42)-07-08722,07/30/1981,15:27:32,846
(73)-09-57777,(38)-19-27803,07/30/1981,15:30:40,497
(40)-23-98570,(39)-12-10398,07/31/1981,02:12:56,710
(27)-23-95032,(59)-14-72843,07/31/1981,14:11:53,155
(42)-01-01465,(62)-09-32900,07/31/1981,23:41:14,261
(57)-04-31478,(28)-01-76287,08/01/1981,01:55:32,282
(56)-12-77128,(39)-00-50545,08/01/1981,08:07:19,173
(54)-13-43094,(25)-14-76940,08/01/1981,11:24:59,71
(59)-18-08501,(34)-18-87503,08/01/1981,18:54:57,728
(57)-05-60310,(70)-08-15916,08/01/1981,19:54:00,37
(20)-00-88466,(64)-16-14638,08/02/1981,04:52:50,248
(43)-15-81293,(77)-06-79577,08/02/1981,06:21:43,255
(66)-02-26371,(22)-03-26853,08/02/1981,21:56:28,79
(53)-17-14254,(61)-09-83829,08/03/1981,00:30:34,716
(77)-02-78926,(59)-01-47175,08/03/1981,00:38:23,2321
(66)-07-47706,(27)-24-59576,08/03/1981,02:40:40,129
(35)-08-85623,(26)-11-55149,08/03/1981,05:18:06,3325
(52)-18-55779,(78)-02-89769,08/03/1981,10:38:22,2598
(23)-27-97480,(76)-09-80090,08/03/1981,16:54:15,121
(39)-05-57581,(48)-01-18800,08/03/1981,22:18:13,2710
(25)-29-99046,(20)-10-86445,08/04/1981,00:56:29,67
(45)-09-35113,(76)-02-72115,08/04/1981,01:09:15,223
(41)-13-28227,(58)-14-40103,08/04/1981,10:55:44,130
(65)-01-62316,(65)-05-40144,08/04/1981,17:35:02,530
(59)-05-31434,(53)-06-95937,08/04/1981,18:20:28,93
(78)-11-28985,(74)-06-87752,08/05/1981,02:48:39,282
(57)-06-33699,(39)-21-33849,08/05/1981,03:06:46,339
(41)-03-22282,(53)-10-19708,08/05/1981,08:47:47,202
(20)-19-13385,(53)-13-52678,08/05/1981,10:16:30,509
(70)-01-15403,(49)-00-09356,08/05/1981,22:06:50,2854
(60)-07-45333,(27)-10-86776,08/06/1981,02:14:07,280
(34)-05-12116,(60)-18-89472,08/06/1981,08:08:13,266
(51)-04-39426,(23)-20-13434,08/06/1981,22:05:35,280
(77)-02-77632,(27)-13-01216,08/06/1981,22:38:16,176
(57)-10-88038,(43)-00-80955,08/06/1981,23:25:39,1437
(70)-10-59640,(24)-00-93035,08/07/1981,00:16:58,124
(51)-05-00819,(31)-29-55959,08/07/1981,03:05:17,803
(56)-09-41668,(36)-13-84684,08/07/1981,05:49:29,111
(51)-14-75306,(41)-21-32637,08/07/1981,09:07:21,285
(79)-08-04782,(21)-06-64674,08/07/1981,20:47:31,207
(48)-01-60444,(25)-25-31860,08/08/1981,06:08:10,54
(33)-24-07145,(51)-14-14372,08/08/1981,15:23:48,689
(62)-09-55817,(50)-18-18638,08/09/1981,01:39:40,567
(47)-07-27573,(43)-08-99338,08/09/1981,08:00:31,701
(43)-23-36707,(58)-18-50635,08/09/1981,14:15:01,171
(45)-19-49672,(65)-03-07668,08/09/1981,23:55:56,4325
(54)-07-30499,(64)-14-64971,08/10/1981,04:38:32,103
(79)-03-47618,(50)-00-85572,08/10/1981,09:30:45,186
(63)-16-32374,(37)-24-69750,08/10/1981,18:51:32,157
(66)-06-11244,(43)-00-37314,08/10/1981,19:59:22,194
(62)-01-29709,(79)-11-81841,08/11/1981,03:35:01,162
(57)-09-05474,(52)-13-71473,08/11/1981,04:28:25,92
(33)-15-13812,(32)-13-12607,08/11/1981,07:44:04,257
(29)-12-27324,(64)-08-66354,08/11/1981,21:54:55,138
(68)-04-60939,(65)-14-78036,08/11/1981,23:49:27,1465
(55)-14-51340,(66)-04-20101,08/12/1981,05:03:28,2055
(62)-00-47016,(77)-14-28146,08/12/1981,09:04:57,564
(36)-25-89724,(49)-00-75781,08/12/1981,12:25:46,561
(53)-15-18844,(51)-03-32091,08/12/1981,12:33:03,703
(58)-01-87776,(23)-22-25904,08/12/1981,12:33:37,1016
(62)-00-21358,(43)-24-64024,08/12/1981,13:58:28,801
(46)-02-54154,(20)-12-36668,08/12/1981,14:07:16,226
(29)-25-15879,(69)-01-15849,08/12/1981,15:48:58,221
(58)-02-40373,(79)-02-61139,08/12/1981,21:51:47,791
(71)-06-42592,(45)-18-73047,08/12/1981,22:06:03,91
(59)-01-05696,(74)-07-11679,08/13/1981,00:51:16,1880
(74)-10-31392,(49)-03-11573,08/13/1981,05:02:58,5
(59)-02-42510,(71)-02-35165,08/13/1981,06:29:44,212
(69)-06-22404,(31)-13-48108,08/13/1981,07:35:14,212
(42)-18-62078,(49)-20-18625,08/13/1981,15:28:33,202
(50)-00-43325,(27)-12-81698,08/13/1981,15:53:14,136
(76)-07-05878,(37)-23-47438,08/13/1981,16:17:13,291
(44)-05-11862,(45)-23-25606,08/13/1981,18:30:31,746
(21)-29-02100,(79)-06-31754,08/13/1981,19:04:39,39
(31)-08-22423,(54)-09-47199,08/13/1981,20:48:03,90
(59)-05-29851,(70)-14-79711,08/14/1981,00:55:54,724
(35)-16-29879,(79)-07-58397,08/14/1981,01:07:52,860
(49)-21-07339,(71)-11-90563,08/14/1981,01:40:43,369
(63)-18-88548,(34)-10-23802,08/14/1981,08:39:49,521
(53)-08-61404,(35)-20-66312,08/14/1981,18:37:28,2845
(38)-09-19682,(41)-02-35889,08/14/1981,18:51:33,833
(77)-09-78465,(63)-16-97414,08/14/1981,21:34:04,119
(38)-00-15281,(49)-23-76887,08/14/1981,23:12:43,291
(50)-01-93205,(34)-16-33174,08/15/1981,01:03:04,759
(48)-22-99242,(36)-11-52183,08/15/1981,01:51:45,2160
(48)-12-63666,(61)-10-68292,08/15/1981,07:32:57,2219
(73)-13-59293,(58)-06-28954,08/15/1981,10:20:25,94
(40)-24-37003,(26)-04-82886,08/15/1981,10:33:27,403
(74)-11-03619,(55)-16-85785,08/15/1981,15:28:10,629
(30)-18-75573,(50)-21-54213,08/15/1981,17:49:07,3071
(23)-27-77254,(42)-10-56278,08/15/1981,20:25:54,2233
(35)-18-57461,(44)-24-26454,08/15/1981,21:09:48,176
(40)-20-99064,(32)-09-97672,08/15/1981,22:33:21,807
(73)-03-25601,(31)-28-63643,08/16/1981,03:14:56,3248
(55)-03-18574,(55)-15-25905,08/16/1981,03:21:40,566
(68)-15-16210,(29)-15-71554,08/16/1981,08:40:46,871
(76)-03-18446,(57)-10-76068,08/16/1981,10:41:44,27
(72)-05-06909,(66)-09-93585,08/16/1981,14:45:15,262
(57)-05-84891,(69)-03-59776,08/16/1981,22:08:34,1177
(63)-17-34064,(65)-14-52508,08/16/1981,22:10:31,337
(66)-15-50235,(61)-07-17923,08/16/1981,22:48:34,753
(27)-24-11230,(49)-07-31623,08/17/1981,02:52:01,298
(59)-03-78309,(37)-03-64296,08/17/1981,19:28:38,702
(27)-08-02114,(31)-24-36015,08/18/1981,07:37:16,488
(79)-10-92767,(79)-01-62341,08/18/1981,09:28:57,101
(33)-11-06316,(50)-08-44748,08/19/1981,04:45:02,888
(49)-18-91567,(42)-01-41782,08/19/1981,15:35:21,18
(72)-12-24224,(30)-05-73259,08/19/1981,20:53:25,26
(38)-26-68465,(53)-20-43456,08/20/1981,01:11:32,152
(78)-12-09471,(65)-06-61559,08/20/1981,05:57:15,601
(37)-04-45928,(68)-10-30129,08/20/1981,07:38:35,130
(31)-13-14456,(43)-01-94163,08/20/1981,14:40:08,80
(77)-04-41415,(59)-06-14042,08/20/1981,19:21:08,95
(62)-03-43686,(73)-02-96892,08/21/1981,08:52:12,136
(64)-03-53961,(22)-16-25334,08/21/1981,14:20:12,944
(49)-00-04105,(48)-08-87502,08/21/1981,20:39:14,29
(40)-23-81307,(57)-10-82280,08/22/1981,00:06:23,5590
(57)-20-33842,(41)-16-72066,08/22/1981,03:06:37,58
(68)-09-15696,(74)-04-03482,08/22/1981,13:10:06,249
(61)-08-05762,(30)-07-47972,08/22/1981,17:20:54,693
(52)-15-39787,(62)-09-03944,08/22/1981,21:02:43,298
(22)-23-40388,(51)-08-63647,08/23/1981,13:33:33,143
(66)-07-41506,(60)-12-43465,08/23/1981,22:48:41,600
(78)-06-52717,(23)-08-08900,08/24/1981,11:53:59,614
(60)-07-77536,(50)-05-40818,08/25/1981,01:10:10,3492
(68)-05-88219,(56)-18-28149,08/25/1981,07:22:25,71
(72)-10-14865,(36)-27-74348,08/25/1981,11:09:47,746
(45)-17-91583,(60)-16-20687,08/25/1981,12:22:41,783
(43)-20-09080,(71)-03-96130,08/25/1981,14:45:53,27
(76)-05-79377,(29)-01-01807,08/25/1981,20:38:36,3440
(24)-29-69908,(60)-04-64212,08/25/1981,21:10:53,226
(26)-31-38910,(64)-14-67284,08/25/1981,23:02:42,240
(40)-15-60078,(39)-05-50858,08/26/1981,00:17:00,53
(47)-11-86375,(48)-01-23239,08/26/1981,05:26:15,442
(64)-16-47580,(67)-04-68736,08/26/1981,07:46:03,253
(77)-07-06839,(21)-19-51552,08/26/1981,09:26:32,284
(41)-26-03054,(42)-24-78093,08/26/1981,09:52:25,303
(35)-24-64572,(73)-11-32627,08/26/1981,16:43:03,747
(72)-04-19583,(70)-06-69469,08/26/1981,17:19:45,1286
(38)-14-49199,(28)-18-88036,08/26/1981,21:53:21,3532
(78)-09-11525,(39)-13-43722,08/27/1981,02:52:05,1615
(34)-28-82258,(54)-11-84198,08/27/1981,06:00:05,3467
(20)-32-24886,(49)-19-26877,08/27/1981,07:20:04,163
(47)-00-01985,(76)-02-31922,08/27/1981,08:59:56,157
(70)-13-24843,(65)-16-22040,08/27/1981,11:09:12,14
(44)-20-19966,(24)-09-51640,08/27/1981,15:30:13,73
(64)-05-35464,(36)-20-77015,08/27/1981,15:46:56,207
(57)-02-63979,(22)-02-48651,08/27/1981,18:54:05,115
(62)-06-21419,(21)-01-60334,08/27/1981,20:02:21,397
(34)-19-76596,(52)-15-26937,08/28/1981,01:40:01,2021
(35)-27-62153,(62)-05-03033,08/28/1981,09:54:38,220
(54)-12-38064,(21)-10-29743,08/28/1981,09:58:09,502
(33)-07-26338,(41)-20-65226,08/28/1981,10:16:45,114
(45)-22-09183,(60)-13-20280,08/28/1981,12:38:07,245
(78)-01-21596,(73)-09-97425,08/28/1981,13:17:40,235
(21)-29-16545,(77)-13-91777,08/28/1981,19:34:24,337
(35)-11-00177,(51)-06-94960,08/29/1981,02:20:19,255
(73)-07-16210,(67)-13-07608,08/29/1981,06:42:46,1755
(76)-08-18461,(44)-16-41362,08/29/1981,09:33:31,250
(33)-05-40609,(44)-21-74952,08/29/1981,09:50:17,799
(60)-10-23581,(30)-14-00805,08/29/1981,11:21:46,521
(47)-13-91556,(22)-03-72999,08/29/1981,14:18:34,152
(66)-17-04490,(69)-12-65825,08/29/1981,18:46:42,383
(25)-17-12602,(20)-07-05531,08/30/1981,12:53:36,366
(78)-03-29876,(23)-27-83726,08/30/1981,17:07:34,108
(31)-26-70217,(76)-09-04349,08/30/1981,18:13:17,2887
(27)-18-66305,(52)-18-42812,08/30/1981,18:20:24,87
(47)-04-69845,(24)-29-66059,08/31/1981,05:44:44,1361
(64)-09-89805,(21)-09-42198,08/31/1981,15:04:32,887
(71)-14-70010,(26)-12-82175,08/31/1981,17:48:30,249
(62)-08-80194,(66)-06-01917,09/01/1981,06:00:50,150
(72)-14-95879,(40)-15-04442,09/01/1981,12:55:17,67
(26)-11-28771,(51)-18-27203,09/01/1981,15:57:24,834
(39)-19-68051,(33)-12-49905,09/01/1981,21:10:26,675
(75)-13-20098,(31)-08-24248,09/01/1981,22:25:25,344
(35)-24-04515,(76)-13-87370,09/02/1981,00:31:29,3028
(63)-14-96524,(42)-09-24849,09/02/1981,05:50:08,262
(70)-11-40911,(69)-06-44306,09/02/1981,09:23:14,298
(46)-01-37507,(71)-07-37548,09/02/1981,11:22:59,2752
(60)-13-77678,(28)-12-75201,09/02/1981,11:35:53,298
(26)-09-56277,(23)-20-97944,09/02/1981,15:51:42,27
(32)-07-54799,(70)-08-98665,09/03/1981,01:39:54,813
(52)-20-21092,(57)-07-86134,09/03/1981,03:21:37,266
(35)-06-20655,(56)-20-55696,09/03/1981,10:07:04,52
(57)-19-36928,(72)-05-10042,09/03/1981,11:00:30,428
(45)-03-28969,(36)-26-98177,09/03/1981,14:32:04,273
(27)-25-02508,(46)-07-20405,09/03/1981,19:13:10,128
(30)-13-92517,(71)-14-68902,09/04/1981,04:29:56,279
(31)-20-12432,(79)-12-97126,09/04/1981,07:04:33,8
(64)-02-30391,(44)-08-79061,09/04/1981,07:19:58,135
(60)-14-64895,(77)-09-82273,09/04/1981,16:23:49,203
(48)-06-44679,(24)-24-60211,09/04/1981,17:04:10,177
(36)-05-37859,(41)-08-75290,09/04/1981,18:44:38,194
(61)-05-99038,(27)-02-96555,09/05/1981,01:18:21,60
(49)-21-75831,(64)-12-24650,09/05/1981,14:35:20,590
(69)-10-14776,(44)-14-83993,09/05/1981,19:12:50,324
(74)-15-48074,(59)-00-74095,09/06/1981,02:44:43,219
(27)-22-60307,(44)-02-25985,09/06/1981,04:07:32,2083
(47)-15-45126,(71)-16-29712,09/06/1981,07:25:15,98
(60)-07-63959,(68)-07-78210,09/06/1981,16:43:42,119
(48)-07-37779,(48)-12-27406,09/06/1981,22:17:03,3065
(24)-08-58965,(32)-18-31897,09/07/1981,18:59:52,184
(64)-16-08609,(39)-22-62196,09/07/1981,21:28:42,293
(35)-26-62776,(58)-01-77410,09/07/1981,22:08:38,273
(77)-06-61448,(34)-25-46346,09/08/1981,04:01:42,363
(20)-00-55529,(50)-06-32686,09/08/1981,11:10:43,78
(79)-03-14408,(52)-14-68421,09/08/1981,11:33:05,2172
(28)-13-25285,(74)-14-57367,09/08/1981,15:56:00,110
(78)-00-50198,(48)-22-59458,09/08/1981,16:34:32,197
(20)-14-28278,(35)-26-09479,09/09/1981,02:27:43,85
(58)-20-22506,(22)-22-32804,09/09/1981,06:12:19,268
(26)-19-56021,(29)-04-26365,09/09/1981,07:32:12,36
(56)-09-54574,(50)-03-52244,09/09/1981,08:25:42,568
(34)-09-76429,(69)-02-78716,09/09/1981,14:16:32,118
(26)-08-06022,(44)-05-98223,09/09/1981,16:16:23,549
(38)-20-38691,(46)-17-74796,09/09/1981,16:42:28,2410
(36)-10-11931,(22)-00-09462,09/09/1981,20:59:17,585
(57)-15-13903,(54)-10-67526,09/10/1981,08:50:21,181
(21)-11-87406,(31)-10-25885,09/10/1981,22:28:38,968
(21)-12-06311,(51)-13-17271,09/11/1981,00:09:59,668
(77)-02-25375,(77)-10-24508,09/11/1981,03:13:44,6105
(31)-09-27893,(35)-28-21789,09/11/1981,14:20:29,782
(39)-12-90583,(68)-12-25893,09/11/1981,17:12:28,76
(59)-12-34995,(71)-15-73896,09/11/1981,20:52:53,815
(43)-02-99355,(53)-07-36947,09/11/1981,22:18:43,158
(75)-01-66844,(77)-02-92532,09/11/1981,23:54:32,715
(33)-01-17506,(35)-07-66439,09/12/1981,00:24:31,99
(65)-02-24551,(35)-05-31974,09/12/1981,04:08:57,200
(71)-10-36593,(76)-08-72797,09/12/1981,15:19:34,160
(68)-05-95183,(48)-05-07877,09/12/1981,18:39:01,493
(76)-02-53868,(36)-09-63068,09/12/1981,19:28:15,478
(44)-06-59567,(42)-09-17675,09/12/1981,22:37:02,7057
(21)-11-81047,(37)-15-25159,09/13/1981,06:34:04,2984
(61)-18-30095,(32)-02-41820,09/13/1981,13:01:47,146
(35)-02-96706,(30)-06-01759,09/13/1981,15:16:29,70
(60)-17-24777,(69)-03-23408,09/13/1981,16:19:32,289
(70)-04-48775,(53)-20-19356,09/14/1981,05:43:50,31
(35)-26-26511,(72)-14-64250,09/14/1981,10:19:41,611
(73)-07-83201,(33)-09-83839,09/15/1981,04:55:28,623
(67)-08-30592,(58)-06-59371,09/15/1981,06:09:50,877
(27)-30-03260,(53)-09-39834,09/15/1981,16:58:27,6956
(33)-00-80890,(79)-00-76877,09/15/1981,17:51:58,407
(47)-12-13588,(24)-14-11028,09/15/1981,22:44:15,2780
(40)-04-08057,(36)-11-34304,09/16/1981,02:39:21,193
(57)-09-84078,(48)-20-93551,09/16/1981,06:07:22,65
(50)-10-32170,(35)-02-29640,09/16/1981,08:33:01,28
(41)-00-98137,(48)-13-33246,09/16/1981,23:18:27,2206
(43)-12-28645,(66)-12-40322,09/17/1981,06:40:56,294
(20)-17-89429,(36)-14-04365,09/17/1981,06:56:56,259
(72)-00-86837,(20)-18-86244,09/17/1981,11:39:06,705
(36)-26-92245,(30)-11-56380,09/17/1981,13:59:45,875
(22)-25-32636,(73)-09-54008,09/17/1981,19:45:37,20
(32)-05-06033,(24)-11-02144,09/17/1981,21:31:53,3138
(37)-05-75131,(77)-02-21959,09/18/1981,05:09:59,3060
(63)-12-65287,(27)-23-25976,09/18/1981,05:41:24,29
(36)-24-83871,(33)-21-05922,09/18/1981,10:48:19,420
(43)-15-45428,(77)-05-81347,09/18/1981,12:23:12,6504
(38)-22-82450,(27)-08-78788,09/18/1981,13:09:02,568
(40)-00-85796,(73)-00-97756,09/18/1981,17:46:14,286
(75)-09-73290,(49)-17-77472,09/19/1981,09:30:22,66
(47)-10-16303,(50)-02-04252,09/19/1981,17:17:54,718
(48)-21-12358,(34)-04-81972,09/19/1981,20:44:42,2155
(49)-06-63242,(73)-00-94047,09/19/1981,21:57:21,234
(46)-13-94048,(20)-01-22053,09/19/1981,22:11:19,366
(59)-06-52609,(35)-16-61556,09/20/1981,20:19:16,3065
(58)-12-43457,(77)-07-32914,09/20/1981,20:47:59,50
(21)-11-52893,(54)-14-51607,09/21/1981,02:17:54,3023
(72)-13-48982,(40)-20-98782,09/21/1981,02:41:37,149
(42)-03-28505,(31)-06-58311,09/21/1981,03:05:06,242
(40)-07-97972,(20)-27-86486,09/21/1981,10:06:00,2437
(77)-00-27152,(66)-14-53739,09/21/1981,11:33:19,287
(66)-15-74247,(61)-00-45065,09/21/1981,13:41:38,407
(38)-18-24888,(31)-16-48935,09/21/1981,15:47:39,475
(33)-05-69012,(31)-24-53489,09/21/1981,15:58:27,37
(22)-01-04719,(41)-26-94665,09/21/1981,23:43:19,63
(74)-02-83040,(32)-01-38812,09/22/1981,02:53:17,365
(62)-13-26785,(32)-07-27076,09/22/1981,13:05:00,213
(54)-14-79306,(63)-04-58860,09/22/1981,13:13:10,94
(64)-06-97919,(35)-17-58277,09/22/1981,15:02:33,41
(60)-11-30098,(30)-03-65488,09/22/1981,16:47:46,89
(66)-06-36127,(27)-09-15492,09/22/1981,22:37:39,598
(71)-14-01934,(57)-11-27382,09/23/1981,07:03:45,697
(52)-00-64561,(38)-02-12912,09/23/1981,10:14:08,704
(22)-10-84772,(50)-19-60159,09/23/1981,11:07:59,2332
(46)-24-89588,(59)-06-27603,09/23/1981,12:53:50,131
(42)-01-38890,(31)-24-59711,09/23/1981,16:57:41,323
(32)-15-98488,(60)-02-15799,09/23/1981,18:40:21,699
(76)-04-79640,(44)-22-22126,09/24/1981,00:44:48,184
(30)-10-85401,(29)-23-23073,09/24/1981,00:47:24,3107
(35)-28-15333,(55)-20-52236,09/24/1981,01:38:22,195
(38)-06-55517,(34)-02-83647,09/24/1981,05:03:32,3312
(56)-18-28149,(49)-10-53799,09/24/1981,11:06:56,748
(76)-00-35897,(42)-07-37846,09/24/1981,16:33:43,239
(55)-18-26893,(44)-12-46007,09/24/1981,17:25:10,1844
(55)-16-70963,(42)-07-26910,09/24/1981,22:55:50,198
(66)-07-90795,(65)-09-05683,09/25/1981,02:52:25,5729
(65)-15-76381,(40)-14-47391,09/25/1981,05:10:22,730
(67)-04-67399,(72)-13-14171,09/25/1981,07:06:41,143
(45)-24-42752,(44)-20-08504,09/25/1981,09:04:20,630
(22)-13-82453,(48)-05-25230,09/25/1981,16:50:47,3283
(33)-27-33679,(49)-17-69074,09/25/1981,22:19:23,458
(77)-10-35437,(78)-03-80251,09/26/1981,00:36:40,681
(22)-32-86783,(28)-13-99442,09/26/1981,16:43:49,540
(42)-15-35958,(46)-12-13356,09/26/1981,18:19:51,440
(47)-24-71439,(27)-15-14280,09/27/1981,01:33:58,2520
(26)-10-34085,(55)-17-69750,09/27/1981,06:27:18,188
(46)-18-12756,(77)-12-03729,09/27/1981,18:20:52,12
(20)-20-48152,(26)-00-63437,09/27/1981,18:21:05,225
(79)-08-17479,(48)-19-04571,09/27/1981,20:37:03,80
(54)-15-32187,(44)-08-42398,09/28/1981,03:53:26,233
(38)-14-34314,(76)-02-55632,09/28/1981,07:03:46,1977
(56)-16-37753,(68)-11-59547,09/28/1981,14:17:47,106
(50)-09-57627,(32)-16-06208,09/28/1981,14:55:12,2317
(52)-01-96166,(46)-23-95094,09/28/1981,15:05:00,293
(20)-08-96053,(57)-14-11456,09/28/1981,17:20:39,505
(22)-13-56986,(74)-10-82645,09/28/1981,21:37:09,391
(79)-12-13032,(35)-20-78551,09/28/1981,23:53:49,2476
(45)-01-23817,(47)-20-75151,09/29/1981,04:28:08,1392
(40)-26-95895,(48)-18-67886,09/29/1981,09:31:05,22
(42)-20-00541,(70)-00-09740,09/29/1981,16:34:21,371
(32)-09-05015,(63)-08-78108,09/29/1981,18:26:57,142
(66)-06-16639,(39)-20-35950,09/29/1981,22:54:42,25
(27)-23-12088,(33)-00-09284,09/30/1981,01:36:01,5076
(74)-01-94292,(46)-12-28325,09/30/1981,02:55:41,727
(57)-05-02922,(25)-21-58263,09/30/1981,10:04:52,69
(57)-20-95930,(23)-32-51794,09/30/1981,12:35:00,404
(43)-06-74346,(78)-03-46239,09/30/1981,13:01:27,1646
(36)-20-45308,(50)-22-76500,09/30/1981,15:02:09,223
(79)-00-31971,(50)-02-88756,09/30/1981,16:58:06,38
(52)-08-29398,(56)-09-74438,10/01/1981,09:19:12,542
(76)-04-49224,(24)-17-76336,10/01/1981,12:16:04,1889
(43)-23-23634,(77)-05-97696,10/01/1981,17:16:27,179
(32)-10-02653,(76)-06-01149,10/01/1981,17:36:59,359
(24)-21-05898,(45)-10-35064,10/01/1981,18:32:35,895
(36)-24-51568,(68)-14-19968,10/01/1981,23:17:06,545
(46)-17-97051,(61)-07-10362,10/02/1981,02:57:12,422
(45)-17-84813,(77)-05-81186,10/02/1981,04:08:22,117
(29)-00-80629,(52)-16-41129,10/02/1981,06:09:04,159
(79)-00-92928,(78)-08-79836,10/02/1981,10:36:31,3338
(41)-05-62118,(70)-09-02179,10/02/1981,18:14:08,107
(62)-09-69726,(22)-28-21585,10/03/1981,00:02:47,649
(68)-06-94405,(53)-15-57420,10/03/1981,00:39:11,323
(25)-17-22646,(21)-20-82190,10/03/1981,03:33:38,172
(78)-06-25246,(24)-21-33002,10/03/1981,19:08:28,631
(28)-23-34957,(38)-13-47847,10/03/1981,22:32:59,134
(73)-13-49213,(31)-29-34650,10/03/1981,23:41:48,240
(43)-21-26932,(63)-02-89767,10/04/1981,00:07:40,194
(25)-05-13585,(23)-08-93665,10/04/1981,00:29:40,387
(43)-15-73302,(63)-16-15800,10/04/1981,11:12:51,333
(67)-07-00391,(61)-08-12069,10/04/1981,14:03:27,17
(72)-06-74503,(42)-03-98025,10/04/1981,19:01:54,1833
(58)-20-16427,(37)-16-01371,10/04/1981,21:39:01,64
(52)-10-93907,(55)-01-34585,10/05/1981,00:32:06,876
(68)-17-34854,(77)-04-64363,10/05/1981,00:50:11,139
(48)-03-79506,(25)-01-23995,10/05/1981,04:38:51,232
(28)-29-13997,(46)-05-95254,10/05/1981,19:46:24,119
(69)-07-13768,(64)-07-30527,10/05/1981,22:30:47,508
(36)-13-26549,(29)-25-57610,10/06/1981,02:16:07,556
(51)-07-00122,(23)-24-00135,10/06/1981,07:58:34,2616
(30)-04-44943,(20)-15-75436,10/06/1981,13:43:12,1272
(68)-16-64915,(51)-10-88280,10/06/1981,19:49:59,288
(31)-14-51938,(48)-00-27954,10/07/1981,03:12:55,217
(37)-23-48157,(27)-03-01832,10/07/1981,14:23:21,58
(28)-23-92822,(74)-06-92665,10/07/1981,15:27:41,194
(66)-09-53519,(71)-08-82327,10/07/1981,16:46:16,621
(39)-00-44782,(45)-01-31670,10/07/1981,17:40:00,587
(60)-01-71357,(44)-23-03121,10/07/1981,19:07:49,289
(78)-12-87419,(34)-15-13728,10/07/1981,19:49:21,44
(72)-07-08557,(38)-09-19682,10/08/1981,00:01:26,895
(56)-12-22631,(61)-00-57193,10/08/1981,03:11:00,1336
(24)-04-96847,(62)-10-47127,10/08/1981,06:32:52,649
(43)-06-07541,(58)-00-43788,10/08/1981,09:34:26,2363
(42)-20-18244,(74)-04-45600,10/08/1981,17:29:26,2625
(70)-00-72301,(49)-12-67613,10/08/1981,20:59:24,286
(75)-10-29127,(31)-24-90782,10/09/1981,09:58:24,242
(32)-06-79964,(73)-06-46583,10/09/1981,11:20:13,171
(34)-18-80162,(78)-13-74132,10/09/1981,11:35:38,5235
(37)-13-34917,(23)-24-56619,10/09/1981,13:13:58,276
(51)-00-86515,(48)-21-80097,10/09/1981,19:07:51,297
(69)-05-64035,(77)-10-92762,10/09/1981,22:17:36,48
(47)-22-41881,(48)-09-73561,10/09/1981,23:11:27,2225
(26)-14-02494,(66)-04-02133,10/10/1981,00:11:41,105
(32)-21-31520,(77)-05-58435,10/10/1981,11:35:18,385
(53)-02-12423,(36)-03-09071,10/10/1981,15:22:13,101
(29)-16-53639,(27)-26-55165,10/10/1981,18:53:49,449
(44)-24-47519,(46)-20-74325,10/10/1981,20:41:45,556
(52)-15-76797,(20)-14-57678,10/10/1981,22:20:10,128
(45)-06-63577,(63)-03-00490,10/11/1981,00:04:59,640
(59)-06-99031,(24)-15-35922,10/11/1981,01:18:17,155
(32)-02-46079,(55)-07-26126,10/11/1981,04:19:09,847
(29)-25-50354,(61)-03-21961,10/11/1981,05:39:22,231
(52)-22-44658,(60)-09-32829,10/11/1981,08:25:21,645
(48)-23-30510,(50)-18-28804,10/11/1981,16:10:42,271
(65)-08-83775,(38)-05-66873,10/11/1981,17:18:16,51
(61)-10-85189,(60)-08-82044,10/11/1981,19:49:13,171
(39)-16-42735,(43)-04-63632,10/12/1981,03:35:42,205
(34)-01-88648,(70)-13-52307,10/12/1981,10:44:19,86
(49)-15-49568,(46)-20-87725,10/12/1981,12:34:37,46
(35)-25-16516,(76)-04-56933,10/12/1981,17:39:28,227
(74)-00-96078,(47)-09-63462,10/12/1981,17:42:57,97
(44)-22-91131,(75)-11-27617,10/12/1981,18:07:07,5
(40)-16-86736,(71)-02-08991,10/12/1981,20:09:29,478
(52)-11-22509,(49)-17-57058,10/12/1981,20:42:06,377
(59)-08-05267,(31)-08-69325,10/13/1981,01:13:46,1390
(69)-07-72043,(21)-20-17628,10/13/1981,11:45:47,4031
(63)-12-70153,(38)-26-50376,10/13/1981,12:25:46,284
(74)-12-81341,(31)-26-78205,10/13/1981,13:05:09,800
(22)-08-28145,(71)-16-50191,10/13/1981,18:06:18,2687
(46)-24-66774,(53)-18-82792,10/13/1981,20:42:32,250
(60)-00-69159,(22)-08-14953,10/14/1981,10:24:04,98
(28)-07-22540,(74)-07-90747,10/14/1981,10:41:56,72
(64)-16-21208,(71)-05-03686,10/14/1981,11:25:23,750
(43)-14-51035,(28)-10-40702,10/14/1981,12:56:38,3034
(28)-08-12303,(49)-10-21752,10/14/1981,19:03:53,191
(43)-24-42112,(36)-17-48672,10/15/1981,08:35:07,277
(39)-20-91120,(50)-18-15972,10/15/1981,12:21:40,3154
(44)-19-35031,(52)-09-29954,10/15/1981,15:14:24,717
(35)-11-40589,(55)-14-93486,10/15/1981,16:52:28,358
(68)-05-51005,(43)-09-89408,10/16/1981,15:20:56,284
(28)-28-67099,(40)-10-54331,10/16/1981,23:44:15,6220
(36)-09-10495,(68)-00-54894,10/17/1981,17:56:57,766
(27)-20-07868,(52)-02-15940,10/17/1981,21:06:31,3326
(58)-18-74275,(31)-13-26948,10/18/1981,07:54:24,258
(50)-00-35750,(20)-12-28662,10/18/1981,11:50:24,2827
(26)-07-46035,(21)-20-18516,10/18/1981,22:47:07,695
(70)-07-16025,(58)-17-33504,10/19/1981,05:10:09,209
(70)-11-80330,(68)-06-96855,10/19/1981,12:23:32,72
(56)-15-17091,(44)-22-53765,10/19/1981,13:10:12,235
(67)-04-93319,(79)-11-87260,10/20/1981,15:48:11,636
(77)-13-75208,(56)-10-85777,10/20/1981,20:02:43,1334
(75)-00-61425,(23)-02-81677,10/21/1981,00:45:02,245
(46)-21-64923,(33)-28-78969,10/21/1981,03:10:18,238
(67)-03-61812,(47)-17-68907,10/21/1981,04:26:33,2634
(38)-20-41403,(58)-18-73177,10/21/1981,11:21:09,134
(43)-22-94875,(30)-27-25292,10/22/1981,17:06:34,2829
(58)-04-24081,(64)-02-69209,10/23/1981,01:57:50,149
(73)-10-53086,(47)-12-65334,10/23/1981,05:13:33,525
(55)-08-61538,(40)-15-79610,10/23/1981,07:41:21,46
(45)-21-30995,(54)-14-97355,10/23/1981,11:54:07,406
(67)-06-21766,(54)-13-72100,10/23/1981,15:44:48,599
(45)-20-35547,(43)-16-51492,10/23/1981,20:53:16,217
(61)-03-98797,(51)-11-68632,10/23/1981,23:57:17,271
(23)-15-24042,(73)-12-99691,10/24/1981,07:11:44,167
(51)-00-97148,(40)-22-59568,10/24/1981,14:04:07,515
(29)-00-44275,(61)-06-59440,10/24/1981,14:26:01,175
(33)-09-61601,(34)-09-20821,10/24/1981,14:41:06,821
(69)-11-19300,(60)-09-33846,10/24/1981,18:29:55,425
(27)-03-12484,(27)-05-13543,10/24/1981,18:54:01,142
(41)-13-80174,(30)-13-00968,10/24/1981,20:44:29,372
(48)-09-25178,(73)-03-58337,10/24/1981,22:13:53,790
(23)-05-54721,(52)-10-38908,10/24/1981,22:48:39,50
(75)-03-85001,(72)-05-89027,10/25/1981,00:53:09,154
(57)-06-61960,(75)-12-40369,10/25/1981,04:05:16,77
(44)-19-79713,(26)-13-96496,10/25/1981,06:16:35,2859
(40)-15-76043,(39)-12-12215,10/25/1981,12:20:41,1971
(50)-11-45192,(77)-01-91086,10/25/1981,13:08:49,140
(24)-30-51677,(56)-05-85263,10/25/1981,16:11:08,209
(45)-23-85700,(72)-01-66358,10/26/1981,01:36:07,328
(74)-14-87660,(54)-09-09345,10/26/1981,22:37:24,1994
(73)-00-94047,(62)-07-15223,10/27/1981,06:00:02,388
(34)-18-73359,(41)-21-27771,10/27/1981,06:11:51,109
(56)-16-50010,(53)-06-95937,10/27/1981,07:22:46,294
(72)-07-04290,(43)-21-75007,10/27/1981,11:47:24,793
(78)-03-87922,(58)-03-14377,10/27/1981,12:56:48,64
(60)-03-35113,(75)-03-23781,10/27/1981,13:27:14,1761
(70)-06-85565,(61)-04-86038,10/27/1981,16:52:19,807
(37)-16-85886,(48)-12-68896,10/28/1981,12:20:24,56
(21)-30-81883,(70)-05-30175,10/28/1981,17:29:27,602
(75)-01-84057,(30)-19-79923,10/29/1981,06:52:04,498
(60)-07-83361,(63)-14-96524,10/29/1981,12:46:46,460
(68)-14-65760,(54)-20-58403,10/29/1981,13:37:36,593
(35)-04-25029,(27)-27-09763,10/30/1981,03:33:46,17
(40)-12-25699,(63)-16-53073,10/30/1981,06:00:16,105
(67)-03-21514,(73)-15-58982,10/30/1981,11:23:30,486
(77)-03-03870,(33)-19-65085,10/30/1981,13:45:28,669
(45)-24-83915,(30)-02-23623,10/30/1981,13:53:54,2299
(50)-16-20524,(52)-18-25202,10/30/1981,14:58:20,547
(70)-15-66417,(44)-00-97708,10/30/1981,22:22:41,590
(25)-00-39758,(78)-11-18751,10/30/1981,22:49:50,101
(30)-19-76208,(63)-06-19714,10/31/1981,00:22:44,438
(77)-00-18472,(50)-12-71571,10/31/1981,01:34:44,362
(27)-26-51532,(43)-20-33745,10/31/1981,06:20:12,81
(24)-10-81073,(77)-14-64253,10/31/1981,10:23:31,182
(49)-13-34553,(49)-06-92008,10/31/1981,16:57:23,94
(21)-16-75738,(65)-03-95392,10/31/1981,19:03:04,779
(24)-21-96945,(48)-04-24091,10/31/1981,19:27:29,2553
(41)-15-43481,(49)-16-14418,10/31/1981,23:30:12,515
(62)-07-88827,(55)-03-35398,11/01/1981,07:56:01,487
(38)-00-34153,(30)-06-28021,11/01/1981,16:28:14,774
(28)-24-03114,(31)-22-79407,11/01/1981,21:06:06,613
(38)-15-87273,(50)-10-67089,11/01/1981,22:47:39,119
(26)-22-19570,(49)-20-05494,11/02/1981,01:18:47,672
(79)-13-05013,(77)-00-28952,11/02/1981,06:03:37,413
(34)-20-14716,(28)-17-46769,11/02/1981,10:40:34,470
(37)-26-25779,(31)-01-56274,11/02/1981,15:21:40,544
(69)-05-43852,(53)-17-33249,11/02/1981,18:20:22,132
(38)-21-16450,(74)-05-41082,11/03/1981,00:11:05,203
(64)-09-20242,(37)-13-73229,11/03/1981,00:58:36,198
(67)-00-84617,(44)-02-85935,11/03/1981,10:32:42,352
(79)-10-72757,(32)-20-40185,11/03/1981,13:25:07,875
(40)-06-33968,(40)-18-84170,11/03/1981,14:45:52,295
(71)-00-39343,(77)-09-88643,11/04/1981,00:20:15,11
(67)-03-59992,(40)-13-53066,11/04/1981,01:13:59,104
(74)-13-12290,(27)-20-47072,11/04/1981,01:43:06,843
(46)-24-17193,(35)-27-01425,11/04/1981,06:59:56,326
(42)-12-60128,(60)-07-93541,11/04/1981,07:47:00,533
(22)-28-21585,(58)-00-40850,11/04/1981,17:25:01,44
(44)-16-65919,(64)-18-67205,11/05/1981,01:17:05,194
(63)-03-13723,(20)-30-46177,11/05/1981,05:02:07,262
(21)-12-98604,(58)-16-19448,11/05/1981,08:13:26,20
(52)-20-09062,(62)-10-95754,11/06/1981,00:18:45,2661
(33)-19-46186,(45)-11-85805,11/06/1981,00:21:27,765
(46)-07-08552,(35)-15-57929,11/06/1981,02:47:44,518
(56)-17-18383,(59)-15-75298,11/06/1981,12:31:09,73
(48)-09-41437,(44)-00-42979,11/06/1981,21:23:42,132
(56)-16-29759,(43)-15-55256,11/07/1981,00:07:53,47
(60)-14-72544,(22)-08-25871,11/07/1981,00:23:10,129
(71)-11-45859,(37)-09-20968,11/07/1981,01:43:39,475
(78)-12-87419,(52)-09-29649,11/07/1981,14:37:21,368
(48)-11-02386,(64)-15-83963,11/07/1981,23:58:52,311
(79)-10-20978,(35)-24-64572,11/08/1981,01:47:41,276
(64)-10-47212,(45)-04-42778,11/08/1981,08:25:59,299
(47)-02-71406,(51)-20-96624,11/08/1981,14:42:02,3025
(20)-02-18822,(58)-05-14753,11/08/1981,15:23:34,717
(34)-16-98774,(69)-11-29190,11/08/1981,18:50:44,5270
(25)-11-61216,(76)-05-42142,11/09/1981,18:25:07,1088
(37)-18-94590,(65)-13-29065,11/09/1981,20:48:14,767
(41)-19-94073,(74)-10-08245,11/09/1981,21:54:55,2453
(35)-09-84096,(77)-00-09693,11/10/1981,10:58:20,154
(74)-06-27314,(45)-06-13811,11/10/1981,15:42:58,185
(25)-10-94608,(59)-02-26828,11/10/1981,15:56:31,1349
(64)-06-80730,(46)-12-53153,11/10/1981,18:50:40,116
(28)-24-19116,(46)-16-38098,11/10/1981,20:35:29,440
(35)-20-69698,(69)-07-94362,11/10/1981,22:08:33,3317
(25)-21-26325,(74)-07-58880,11/11/1981,06:39:32,526
(59)-04-00128,(48)-05-48242,11/11/1981,06:48:04,692
(28)-17-35078,(56)-08-95807,11/11/1981,08:12:42,167
(24)-26-42804,(63)-16-20460,11/11/1981,13:26:49,3489
(40)-08-97781,(48)-13-76218,11/11/1981,13:32:15,614
(35)-10-38353,(63)-12-26397,11/11/1981,17:06:51,22
(56)-03-93479,(44)-08-87291,11/12/1981,05:07:21,614
(32)-02-51544,(60)-11-34572,11/12/1981,07:41:33,146
(46)-18-79203,(59)-14-34152,11/12/1981,11:35:20,797
(43)-11-29216,(35)-24-64572,11/12/1981,12:26:23,1239
(77)-00-68684,(39)-02-98774,11/12/1981,20:43:01,332
(37)-11-61698,(58)-16-85722,11/12/1981,21:13:40,711
(26)-31-06182,(61)-04-45507,11/12/1981,21:47:52,1357
(28)-16-06903,(76)-14-43739,11/13/1981,03:39:20,154
(57)-08-74931,(45)-12-73408,11/13/1981,04:10:10,881
(37)-19-62313,(70)-00-28480,11/13/1981,05:17:51,659
(59)-08-11895,(72)-06-81939,11/13/1981,06:23:20,206
(41)-10-48095,(66)-00-53459,11/13/1981,12:27:05,159
(40)-04-51376,(65)-15-76381,11/13/1981,19:45:35,272
(43)-04-26981,(44)-00-25627,11/13/1981,21:09:33,211
(75)-13-87815,(31)-12-23626,11/14/1981,16:04:19,244
(75)-04-02936,(40)-08-85117,11/14/1981,16:30:17,248
(36)-14-28433,(79)-01-80756,11/15/1981,00:34:25,1852
(36)-18-29503,(22)-13-89053,11/15/1981,06:07:05,2373
(47)-04-79125,(40)-06-95415,11/15/1981,07:03:37,142
(48)-02-65528,(29)-15-50401,11/15/1981,11:36:13,54
(63)-04-53407,(42)-12-48172,11/15/1981,14:01:11,293
(24)-02-05765,(72)-12-81965,11/15/1981,15:40:33,2608
(39)-09-99110,(43)-16-70102,11/15/1981,20:22:47,42
(39)-21-53715,(70)-13-94846,11/15/1981,23:41:24,4630
(64)-01-59960,(45)-08-87745,11/16/1981,02:15:47,535
(50)-11-53973,(41)-19-49954,11/16/1981,05:35:25,113
(38)-23-32692,(53)-06-71199,11/16/1981,07:29:49,12
(27)-01-38561,(40)-26-48198,11/16/1981,12:04:12,813
(26)-05-13561,(71)-03-40008,11/17/1981,03:10:50,719
(69)-04-68579,(44)-22-78227,11/17/1981,03:28:58,278
(70)-04-66225,(62)-18-11489,11/17/1981,07:12:11,18
(64)-11-01130,(58)-09-21966,11/17/1981,08:34:35,29
(41)-15-62036,(22)-08-37398,11/17/1981,10:16:56,41
(34)-01-11224,(37)-07-86670,11/17/1981,12:34:18,781
(53)-02-26967,(79)-04-67141,11/17/1981,12:49:49,821
(37)-06-13879,(29)-00-79761,11/17/1981,14:21:57,18
(33)-27-11053,(46)-13-24062,11/17/1981,20:18:06,50
(62)-16-76641,(54)-21-94836,11/18/1981,03:37:53,353
(71)-01-65108,(36)-12-82931,11/18/1981,08:10:14,627
(40)-19-96692,(64)-05-99094,11/18/1981,12:37:23,425
(33)-21-92744,(53)-22-13027,11/18/1981,14:31:21,3508
(25)-09-36519,(43)-09-35005,11/18/1981,15:40:00,3559
(76)-12-05355,(64)-06-07859,11/18/1981,20:22:39,781
(23)-10-42511,(61)-17-03062,11/18/1981,21:49:14,630
(28)-07-93043,(36)-20-38984,11/18/1981,22:39:44,136
(26)-22-86499,(25)-28-00055,11/18/1981,22:45:29,136
(22)-04-99081,(38)-07-64336,11/18/1981,22:55:01,821
(68)-00-76684,(73)-12-31745,11/18/1981,23:09:17,359
(62)-03-53243,(62)-00-50712,11/19/1981,02:31:50,291
(34)-00-97472,(72)-11-27955,11/19/1981,10:57:58,3212
(29)-01-77030,(45)-03-47637,11/19/1981,14:17:41,106
(64)-07-61730,(69)-09-36711,11/19/1981,20:19:36,24
(47)-02-21017,(73)-15-37845,11/20/1981,01:51:44,251
(57)-02-63979,(47)-17-91383,11/20/1981,02:44:30,783
(62)-02-31063,(68)-11-35234,11/20/1981,03:48:51,2488
(33)-17-60471,(74)-06-10951,11/20/1981,11:10:42,853
(65)-16-83194,(31)-02-47572,11/20/1981,14:14:18,718
(66)-06-11244,(36)-13-65541,11/20/1981,22:40:02,35
(45)-24-33529,(42)-00-98620,11/21/1981,00:23:48,295
(75)-12-33231,(48)-08-22255,11/21/1981,04:34:52,165
(73)-13-74758,(24)-26-71733,11/21/1981,06:03:31,853
(79)-04-66384,(36)-21-21968,11/21/1981,12:55:40,199
(43)-09-41672,(49)-17-33489,11/21/1981,17:23:28,2361
(69)-10-08100,(63)-02-04843,11/21/1981,21:22:14,385
(39)-15-21558,(31)-23-65392,11/21/1981,21:41:09,2681
(37)-16-41471,(39)-15-36247,11/22/1981,01:47:08,291
(27)-06-95024,(56)-18-11466,11/22/1981,06:59:11,220
(76)-06-64251,(57)-13-37213,11/22/1981,15:55:27,139
(58)-06-57633,(76)-04-15545,11/22/1981,19:05:42,452
(63)-07-76158,(72)-14-07583,11/22/1981,19:33:28,689
(54)-19-73906,(50)-12-55503,11/22/1981,21:22:25,1515
(74)-13-80501,(36)-04-78692,11/22/1981,23:59:54,3313
(78)-07-70694,(72)-11-86797,11/23/1981,03:24:37,397
(31)-15-08163,(21)-26-45357,11/23/1981,05:12:47,29
(69)-07-87692,(76)-12-96449,11/23/1981,18:42:40,198
(66)-03-99668,(65)-03-22273,11/23/1981,19:04:14,74
(56)-20-52430,(31)-26-83296,11/24/1981,05:55:49,92
(42)-19-48164,(29)-30-96983,11/24/1981,12:13:47,537
(20)-20-43490,(23)-32-11312,11/24/1981,14:54:34,601
(54)-10-18929,(67)-01-26821,11/24/1981,15:15:14,978
(54)-10-90515,(55)-19-30190,11/24/1981,20:09:01,340
(73)-06-72504,(33)-23-56341,11/24/1981,22:41:03,222
(39)-19-16051,(70)-01-56047,11/25/1981,06:41:07,6092
(34)-27-42890,(73)-05-53475,11/25/1981,08:20:41,45
(27)-09-31073,(68)-02-05373,11/25/1981,12:03:20,1916
(37)-05-36388,(42)-08-78350,11/25/1981,14:37:55,138
(36)-15-40862,(74)-06-80781,11/25/1981,20:38:54,581
(66)-03-38621,(78)-08-04626,11/26/1981,01:24:51,295
(64)-11-36930,(55)-18-40257,11/26/1981,03:11:26,270
(47)-23-71307,(59)-09-07285,11/26/1981,06:26:05,88
(47)-23-74381,(21)-32-49405,11/26/1981,06:52:21,98
(26)-23-58410,(47)-23-05737,11/26/1981,07:50:47,1853
(58)-06-72975,(24)-22-64564,11/26/1981,08:46:38,660
(23)-12-50990,(57)-16-87257,11/27/1981,03:20:11,1864
(36)-11-54199,(24)-22-24754,11/27/1981,13:35:55,2652
(70)-03-24098,(60)-17-02134,11/27/1981,17:10:18,53
(22)-27-25902,(74)-09-54372,11/27/1981,18:50:03,2922
(30)-17-89166,(20)-00-15162,11/27/1981,22:01:26,247
(41)-25-82589,(28)-06-12049,11/28/1981,04:37:35,735
(72)-09-85694,(24)-01-40663,11/28/1981,05:43:27,23
(42)-12-89444,(34)-25-77971,11/28/1981,08:05:51,256
(37)-27-88754,(32)-08-25571,11/28/1981,13:17:22,343
(69)-14-43221,(35)-16-56781,11/28/1981,15:01:30,769
(49)-05-22779,(28)-29-32818,11/28/1981,16:28:21,766
(62)-08-08919,(38)-13-30609,11/28/1981,17:50:42,148
(31)-15-72613,(61)-11-85779,11/28/1981,23:34:10,659
(33)-07-63420,(75)-07-73428,11/29/1981,00:56:42,2989
(79)-06-30187,(34)-02-40312,11/29/1981,04:36:37,254
(68)-04-53957,(61)-00-00822,11/29/1981,07:01:40,646
(78)-13-24630,(75)-13-47319,11/29/1981,15:28:38,1374
(46)-13-45969,(27)-27-57868,11/29/1981,17:12:31,153
(33)-16-52301,(30)-03-92960,11/29/1981,18:32:42,395
(51)-17-82691,(69)-15-66460,11/29/1981,19:55:57,90
(46)-02-02437,(71)-15-89985,11/30/1981,06:45:06,196
(65)-01-02982,(37)-00-64766,11/30/1981,22:24:38,258
(66)-17-65985,(76)-01-07209,11/30/1981,22:26:15,74
(71)-03-58504,(44)-14-79494,11/30/1981,22:56:33,197
(45)-08-12638,(56)-02-73455,12/01/1981,00:00:46,34
(70)-05-45803,(77)-12-92987,12/01/1981,11:05:13,226
(77)-12-54511,(52)-19-64011,12/02/1981,03:15:42,503
(51)-20-21853,(32)-14-50075,12/02/1981,04:30:09,3259
(77)-07-18191,(33)-12-24865,12/02/1981,07:07:42,121
(29)-01-64872,(41)-02-14298,12/02/1981,13:59:22,2286
(43)-01-22330,(77)-05-88511,12/02/1981,15:52:33,430
(56)-07-43936,(49)-02-08632,12/02/1981,16:41:57,247
(49)-10-59157,(78)-08-18860,12/02/1981,21:52:41,3047
(49)-18-60400,(56)-14-31085,12/03/1981,01:03:05,175
(60)-04-78471,(31)-21-84047,12/03/1981,07:02:17,77
(75)-13-70426,(49)-06-79861,12/03/1981,07:09:11,176
(55)-02-29806,(52)-16-69716,12/03/1981,07:23:41,452
(69)-06-33463,(67)-00-36514,12/03/1981,08:46:38,1477
(24)-06-98297,(76)-13-13314,12/03/1981,14:18:53,745
(71)-01-81974,(64)-14-64288,12/03/1981,14:43:22,124
(55)-21-14307,(73)-10-03038,12/03/1981,18:14:19,155
(75)-08-52132,(48)-04-53879,12/03/1981,19:14:58,170
(74)-07-06702,(77)-10-48743,12/04/1981,03:36:26,77
(24)-26-38375,(37)-03-75757,12/04/1981,20:12:50,125
(32)-23-74771,(24)-05-13243,12/05/1981,07:09:33,875
(50)-00-75165,(48)-14-64544,12/05/1981,08:48:13,6798
(67)-03-00596,(66)-08-21660,12/05/1981,14:14:08,153
(33)-24-53557,(44)-00-92312,12/05/1981,17:59:31,474
(26)-29-93622,(62)-12-49865,12/05/1981,21:55:09,71
(24)-22-72680,(44)-19-14554,12/05/1981,22:39:32,366
(51)-00-59495,(54)-17-80275,12/06/1981,18:41:46,222
(34)-07-36706,(34)-06-27273,12/06/1981,20:58:08,3172
(69)-07-00786,(58)-03-64860,12/06/1981,22:23:36,173
(56)-12-36368,(65)-05-24344,12/07/1981,04:00:45,1076
(60)-14-99225,(44)-22-27384,12/07/1981,13:21:14,177
(33)-02-26835,(64)-15-77132,12/07/1981,18:06:23,524
(61)-15-97771,(34)-19-23396,12/07/1981,20:33:30,185
(49)-16-21474,(36)-26-67422,12/07/1981,22:46:29,195
(48)-15-26131,(52)-16-69587,12/08/1981,21:47:14,313
(63)-07-80014,(38)-08-38636,12/08/1981,21:57:28,425
(35)-05-31987,(45)-06-54932,12/09/1981,01:50:17,22
(71)-04-56150,(62)-01-46153,12/09/1981,08:51:16,687
(25)-10-95948,(76)-07-73282,12/09/1981,15:30:06,60
(58)-13-61913,(54)-06-98492,12/09/1981,23:29:30,77
(39)-05-69123,(34)-28-74006,12/10/1981,10:37:57,287
(26)-27-67233,(34)-25-10383,12/10/1981,17:03:46,567
(42)-14-41747,(78)-04-46353,12/10/1981,18:24:46,208
(55)-05-50559,(41)-13-51276,12/11/1981,02:22:44,3446
(52)-16-98445,(40)-22-95096,12/11/1981,08:21:38,195
(76)-00-27384,(52)-14-00790,12/11/1981,10:21:07,745
(76)-14-24574,(77)-03-98953,12/11/1981,19:29:05,13
(71)-16-10536,(45)-16-75776,12/11/1981,23:12:36,526
(46)-22-76830,(35)-12-94779,12/11/1981,23:34:47,690
(51)-04-78469,(24)-22-20801,12/12/1981,01:14:54,833
(48)-13-17355,(52)-18-25202,12/12/1981,09:07:00,1320
(76)-02-73436,(69)-09-30942,12/12/1981,15:57:56,60
(31)-08-34136,(25)-12-07278,12/12/1981,16:35:22,99
(73)-07-54968,(24)-19-78785,12/12/1981,17:37:48,203
(52)-12-09176,(27)-17-33271,12/12/1981,19:46:10,114
(77)-04-53866,(77)-03-17924,12/13/1981,05:18:47,199
(73)-06-83190,(42)-22-48204,12/13/1981,09:38:38,118
(54)-14-51877,(36)-13-80943,12/13/1981,10:18:49,5
(43)-18-37395,(32)-17-54330,12/13/1981,13:26:55,504
(72)-06-89513,(21)-19-22534,12/13/1981,13:54:47,663
(47)-04-79125,(24)-17-82296,12/14/1981,03:40:08,482
(52)-01-53991,(58)-03-87311,12/14/1981,04:43:51,245
(46)-23-43988,(64)-01-86090,12/14/1981,12:36:08,92
(69)-07-85443,(79)-05-75271,12/15/1981,01:43:49,544
(54)-03-35103,(20)-01-85236,12/15/1981,21:14:56,176
(73)-02-18754,(71)-14-98468,12/16/1981,03:48:50,2773
(37)-11-69672,(27)-11-80059,12/16/1981,13:55:55,468
(32)-06-82635,(21)-01-21527,12/16/1981,16:19:12,590
(42)-23-33613,(60)-13-39535,12/17/1981,00:56:01,489
(51)-21-23933,(33)-24-93166,12/17/1981,01:53:02,529
(51)-13-95033,(65)-11-28167,12/17/1981,06:55:58,218
(38)-12-44251,(48)-01-65580,12/17/1981,18:02:50,89
(54)-03-99679,(49)-17-24476,12/17/1981,18:09:26,122
(49)-18-64330,(29)-06-73519,12/17/1981,19:06:12,36
(59)-14-01189,(67)-06-58830,12/17/1981,21:27:46,126
(42)-22-64452,(63)-04-58578,12/17/1981,21:39:03,601
(50)-14-74951,(78)-04-25200,12/18/1981,07:30:16,1041
(29)-05-61969,(50)-06-99097,12/18/1981,08:25:09,280
(60)-08-24676,(64)-12-71394,12/18/1981,12:18:52,579
(67)-12-65218,(23)-13-67640,12/18/1981,15:13:36,610
(59)-00-74174,(75)-13-80338,12/18/1981,17:10:48,15
(44)-24-80065,(79)-07-82472,12/18/1981,21:41:49,251
(63)-00-14008,(76)-10-71898,12/18/1981,23:19:16,691
(38)-22-19638,(75)-13-43646,12/19/1981,01:52:19,237
(32)-03-70898,(64)-09-34660,12/19/1981,07:43:35,3041
(47)-23-80611,(32)-25-64183,12/19/1981,08:38:39,188
(34)-03-24191,(31)-26-72832,12/19/1981,09:53:59,410
(25)-10-86363,(23)-20-78375,12/19/1981,17:24:57,701
(21)-30-80256,(57)-15-26778,12/19/1981,19:12:13,27
(75)-08-11370,(66)-07-29158,12/19/1981,22:33:39,377
(52)-16-55454,(20)-16-73117,12/20/1981,01:57:30,600
(71)-03-95501,(63)-18-49880,12/20/1981,02:35:02,443
(28)-30-17959,(38)-23-17778,12/20/1981,02:49:04,175
(71)-13-63308,(50)-06-39600,12/20/1981,05:51:48,375
(59)-04-39906,(22)-06-13372,12/20/1981,07:27:13,2153
(47)-05-34479,(51)-20-99871,12/20/1981,11:53:00,352
(37)-23-27602,(66)-09-14654,12/20/1981,14:41:06,201
(76)-03-34787,(27)-22-43651,12/20/1981,22:42:00,458
(64)-18-18113,(38)-19-72350,12/20/1981,23:59:11,88
(25)-13-69178,(27)-02-53362,12/21/1981,02:47:19,71
(37)-27-98557,(72)-09-09735,12/21/1981,04:01:25,63
(46)-00-53101,(51)-01-70175,12/21/1981,11:09:58,259
(45)-06-20347,(59)-18-81084,12/21/1981,11:14:59,823
(64)-18-51218,(24)-27-17781,12/22/1981,00:31:03,141
(40)-23-09203,(22)-02-46149,12/22/1981,21:03:08,62
(42)-07-69841,(38)-01-09980,12/23/1981,00:33:19,161
(43)-25-27813,(44)-11-15675,12/23/1981,04:51:51,3278
(56)-08-55847,(42)-11-73945,12/23/1981,05:09:32,103
(34)-15-17419,(66)-05-08910,12/23/1981,09:23:44,234
(48)-12-55411,(60)-11-16107,12/23/1981,11:26:58,120
(26)-06-24756,(67)-11-16931,12/23/1981,17:39:43,96
(77)-01-97448,(33)-25-95281,12/23/1981,22:09:45,765
(29)-24-31509,(64)-13-96759,12/23/1981,22:18:07,2916
(43)-10-37340,(45)-22-35239,12/24/1981,00:12:29,452
(49)-22-24159,(77)-06-40441,12/24/1981,21:15:48,1085
(62)-13-33965,(64)-11-13791,12/25/1981,00:33:23,3126
(72)-07-37818,(61)-03-69352,12/25/1981,13:54:22,324
(74)-00-04262,(50)-07-41315,12/25/1981,21:18:15,3142
(40)-14-56622,(33)-28-39923,12/25/1981,22:42:45,4922
(76)-09-48856,(65)-01-99677,12/25/1981,23:38:57,61
(23)-09-02696,(42)-14-78317,12/26/1981,08:56:47,635
(48)-06-22704,(61)-19-05206,12/26/1981,12:14:45,585
(57)-18-93535,(25)-17-33650,12/26/1981,17:46:34,205
(35)-00-50945,(62)-17-90369,12/26/1981,17:47:49,541
(53)-10-34419,(47)-04-37731,12/26/1981,18:51:17,169
(27)-06-96574,(77)-06-32284,12/26/1981,19:07:11,81
(46)-10-81830,(65)-06-12934,12/27/1981,02:11:58,891
(29)-15-55053,(44)-02-88012,12/27/1981,14:58:04,523
(40)-05-82957,(47)-00-70509,12/27/1981,22:45:43,624
(34)-22-06233,(38)-01-69299,12/27/1981,23:40:14,455
(29)-15-73565,(46)-22-43399,12/27/1981,23:57:57,2280
(72)-02-05877,(71)-08-22219,12/28/1981,00:43:16,206
(20)-09-31651,(45)-19-49672,12/28/1981,02:46:57,2821
(44)-04-20488,(73)-15-39804,12/28/1981,03:44:11,1677
(31)-23-94270,(72)-02-47232,12/28/1981,06:58:05,661
(69)-11-76211,(25)-08-74567,12/28/1981,07:22:41,105
(77)-04-60263,(67)-07-60906,12/28/1981,16:52:26,299
(70)-12-18199,(21)-09-45450,12/28/1981,22:11:37,264
(43)-01-44208,(67)-03-51751,12/29/1981,00:15:26,193
(33)-18-96478,(20)-09-75690,12/29/1981,01:24:01,183
(78)-01-21763,(66)-03-15368,12/29/1981,01:37:20,296
(23)-09-68407,(57)-06-73191,12/29/1981,08:42:14,3056
(52)-19-63082,(36)-15-80927,12/29/1981,09:53:22,736
(75)-09-89054,(38)-23-98306,12/29/1981,10:06:17,583
(58)-07-03061,(75)-12-61194,12/29/1981,10:58:18,1921
(24)-06-51445,(73)-08-66542,12/29/1981,13:51:47,594
(41)-22-08425,(21)-32-02135,12/29/1981,18:01:28,630
(54)-19-09869,(31)-06-94338,12/29/1981,20:32:59,415
(22)-29-24894,(35)-03-54342,12/29/1981,20:52:38,1398
(44)-08-55094,(72)-13-90052,12/30/1981,09:43:08,268
(68)-10-45408,(27)-20-78381,12/30/1981,19:01:41,100
(45)-05-96749,(40)-13-75209,12/31/1981,03:01:21,249
(47)-18-96336,(62)-18-59499,12/31/1981,03:46:31,3137
(52)-06-04374,(26)-24-47490,12/31/1981,05:55:35,269
(48)-15-78740,(71)-05-45807,12/31/1981,06:39:22,492
(37)-15-87053,(54)-17-74452,12/31/1981,08:33:20,33
(53)-11-85836,(49)-19-95063,12/31/1981,12:56:03,46
(47)-21-27477,(32)-23-96021,12/31/1981,15:08:57,3151
(23)-03-25149,(65)-05-12621,12/31/1981,16:15:11,197
(52)-18-76267,(74)-15-82560,12/31/1981,16:31:28,888
(74)-15-46668,(45)-05-01963,12/31/1981,16:37:39,418
(77)-12-45056,(50)-05-37777,01/01/1982,00:29:34,2686
(69)-16-22555,(26)-05-13561,01/01/1982,02:46:43,58
(56)-21-69411,(22)-00-94984,01/01/1982,08:04:04,683
(53)-19-09248,(61)-07-05171,01/01/1982,11:30:59,2866
(35)-12-94779,(41)-26-00121,01/01/1982,12:59:09,2552
(20)-10-04366,(34)-03-27907,01/01/1982,16:47:42,163
(34)-21-83088,(21)-24-98860,01/01/1982,18:14:26,19
(64)-13-89716,(66)-08-70260,01/01/1982,19:12:09,12
(41)-11-11865,(37)-16-77304,01/02/1982,02:42:30,442
(39)-12-73438,(32)-07-86299,01/02/1982,02:51:55,85
(69)-15-49581,(71)-07-28089,01/02/1982,03:31:09,225
(24)-21-54566,(30)-01-35971,01/02/1982,08:49:16,159
(47)-08-53280,(74)-08-28387,01/02/1982,12:40:20,85
(38)-00-13277,(70)-10-41397,01/02/1982,15:31:15,105
(50)-14-38518,(68)-05-42891,01/03/1982,01:14:11,274
(61)-15-74213,(72)-07-54816,01/03/1982,05:54:30,466
(26)-31-89523,(29)-18-68276,01/03/1982,07:33:02,337
(50)-21-04986,(41)-18-25692,01/03/1982,10:37:42,567
(43)-06-05129,(79)-00-92583,01/03/1982,14:54:30,4491
(25)-27-07823,(34)-08-70830,01/03/1982,17:50:44,1428
(52)-17-20347,(24)-15-52609,01/03/1982,20:07:25,75
(77)-14-90163,(44)-08-70145,01/03/1982,23:51:22,2870
(24)-30-40015,(34)-28-19056,01/04/1982,00:49:53,191
(37)-18-52798,(53)-01-02057,01/04/1982,05:56:31,658
(42)-19-57749,(53)-12-07349,01/04/1982,10:40:28,163
(55)-19-17644,(39)-06-33186,01/05/1982,08:19:39,717
(61)-18-37341,(49)-21-36752,01/05/1982,12:17:13,269
(47)-15-73044,(72)-02-36400,01/05/1982,12:38:09,3479
(72)-15-58506,(66)-07-70451,01/05/1982,22:51:02,289
(44)-13-83882,(32)-10-42823,01/06/1982,00:01:26,801
(58)-08-70779,(75)-08-37978,01/06/1982,02:02:02,146
(66)-07-51503,(72)-11-81325,01/06/1982,07:00:09,623
(47)-04-33667,(45)-11-11083,01/06/1982,17:48:18,56
(25)-29-68676,(46)-00-68287,01/06/1982,17:53:17,104
(47)-09-72799,(49)-09-19201,01/07/1982,01:05:43,850
(74)-01-80982,(68)-08-76429,01/07/1982,03:34:48,396
(48)-21-67885,(55)-07-92669,01/07/1982,06:44:47,187
(23)-09-47828,(55)-10-57526,01/07/1982,22:33:41,269
(42)-12-97369,(45)-01-16374,01/08/1982,02:42:14,38
(54)-18-58515,(46)-02-37884,01/08/1982,05:02:44,886
(61)-15-49398,(57)-20-93799,01/08/1982,07:08:31,977
(24)-18-25623,(42)-02-82737,01/08/1982,08:34:47,867
(52)-14-64613,(79)-01-15392,01/08/1982,14:26:17,3410
(70)-08-75563,(38)-07-49013,01/08/1982,15:06:56,273
(24)-04-18447,(51)-20-42461,01/08/1982,17:25:40,511
(57)-02-54873,(37)-02-42217,01/08/1982,23:22:12,197
(39)-12-84530,(40)-18-30497,01/09/1982,00:38:12,5331
(52)-07-87136,(77)-05-07367,01/09/1982,02:26:00,194
(66)-11-08466,(26)-11-07628,01/09/1982,04:21:15,1443
(79)-08-79139,(65)-01-12966,01/09/1982,07:01:19,628
(22)-06-84958,(30)-17-47051,01/09/1982,09:46:34,491
(39)-24-66188,(38)-25-61134,01/09/1982,10:30:36,147
(63)-10-72487,(59)-19-25628,01/09/1982,14:37:30,35
(64)-14-14455,(30)-05-32504,01/10/1982,01:52:42,183
(32)-01-32375,(33)-17-24076,01/10/1982,02:28:33,297
(20)-33-26275,(49)-21-43911,01/10/1982,02:35:35,1944
(47)-08-05223,(62)-07-03214,01/10/1982,04:12:31,226
(26)-18-06487,(77)-11-50920,01/10/1982,04:39:27,161
(52)-17-21876,(79)-00-79861,01/10/1982,10:08:32,844
(29)-15-71554,(66)-08-17632,01/10/1982,13:55:09,2785
(51)-13-72031,(71)-10-08617,01/10/1982,19:04:06,139
(66)-04-32224,(49)-07-32395,01/10/1982,20:14:26,1407
(22)-30-10292,(55)-04-27650,01/11/1982,00:18:30,193
(52)-14-19641,(44)-00-47354,01/11/1982,00:25:25,11
(70)-06-42213,(29)-25-96271,01/11/1982,02:23:27,226
(63)-15-90686,(22)-16-74768,01/11/1982,04:35:00,144
(47)-08-05223,(57)-07-29834,01/11/1982,06:25:26,131
(47)-05-78567,(51)-17-97365,01/11/1982,08:32:02,2406
(43)-16-89499,(39)-09-53037,01/11/1982,09:00:05,898
(67)-04-67399,(33)-23-47028,01/11/1982,11:10:30,22
(71)-10-73344,(53)-21-96138,01/11/1982,13:16:14,775
(59)-05-31066,(66)-09-03028,01/11/1982,15:45:24,1635
(77)-11-93161,(25)-10-86351,01/11/1982,16:46:31,178
(37)-17-75451,(46)-00-36089,01/11/1982,19:20:18,7
(58)-11-13116,(46)-15-85356,01/11/1982,20:43:46,162
(68)-02-25181,(77)-08-68409,01/12/1982,11:28:29,84
(33)-28-68282,(44)-03-96273,01/12/1982,18:19:50,202
(35)-00-19999,(77)-07-58669,01/12/1982,18:29:23,456
(61)-18-30675,(31)-28-48604,01/12/1982,22:29:31,2434
(63)-10-10534,(66)-11-67748,01/13/1982,05:37:59,332
(31)-29-54366,(46)-02-91210,01/13/1982,06:31:04,33
(28)-06-70556,(57)-06-68637,01/13/1982,21:59:44,544
(32)-25-35332,(75)-10-73205,01/13/1982,22:16:27,143
(28)-25-17968,(21)-22-74505,01/14/1982,01:58:43,118
(61)-14-08374,(69)-15-90079,01/14/1982,04:25:28,393
(20)-12-73509,(26)-27-84021,01/14/1982,08:04:21,53
(64)-03-95180,(21)-02-79961,01/14/1982,10:26:31,443
(21)-09-46754,(58)-00-40850,01/14/1982,11:33:33,223
(62)-12-36734,(71)-12-19958,01/14/1982,14:49:01,78
(48)-00-22069,(48)-01-04046,01/14/1982,16:35:45,79
(37)-21-80463,(77)-00-67778,01/14/1982,17:23:24,2714
(22)-19-28382,(39)-00-54552,01/14/1982,19:04:03,302
(78)-03-69958,(29)-25-17040,01/14/1982,20:28:00,846
(30)-11-54718,(27)-23-03464,01/14/1982,23:19:30,60
(77)-04-20436,(58)-00-57034,01/15/1982,00:28:55,243
(28)-08-58575,(23)-32-40459,01/15/1982,07:38:02,1424
(53)-11-39948,(71)-01-69001,01/15/1982,08:45:02,1587
(41)-22-01178,(44)-20-56156,01/15/1982,13:08:01,548
(53)-07-06994,(69)-11-67295,01/15/1982,15:34:59,1624
(38)-27-83195,(54)-04-11321,01/15/1982,16:47:15,5421
(61)-01-88675,(55)-20-45877,01/15/1982,22:52:47,181
(37)-27-86782,(72)-14-55010,01/16/1982,02:09:31,767
(75)-00-22924,(40)-20-53693,01/16/1982,06:49:25,999
(23)-31-35667,(57)-13-50763,01/16/1982,13:03:43,329
(55)-21-14692,(23)-25-62300,01/16/1982,14:13:37,257
(33)-21-59799,(71)-14-92469,01/16/1982,16:25:21,522
(29)-10-70330,(66)-15-55666,01/16/1982,22:32:56,77
(67)-01-03894,(65)-11-95374,01/17/1982,02:08:00,229
(48)-05-87567,(57)-07-76657,01/17/1982,04:57:37,338
(50)-02-66854,(32)-19-49359,01/17/1982,09:02:29,173
(26)-11-95709,(62)-14-99513,01/17/1982,16:16:07,34
(20)-30-89770,(71)-16-23887,01/17/1982,16:23:15,283
(23)-03-31189,(21)-28-71171,01/17/1982,23:04:37,512
(59)-10-96018,(21)-13-31743,01/18/1982,03:24:02,10
(60)-08-55296,(62)-01-05340,01/18/1982,15:43:11,248
(49)-17-69074,(28)-08-05990,01/18/1982,16:29:17,251
(25)-24-92363,(32)-03-64602,01/19/1982,02:34:32,94
(52)-21-24547,(68)-07-02516,01/19/1982,08:30:27,88
(20)-03-61919,(52)-21-17965,01/19/1982,08:33:31,72
(21)-16-84084,(24)-29-32519,01/19/1982,11:03:59,163
(22)-23-37399,(75)-00-17112,01/19/1982,14:48:27,138
(54)-02-96252,(61)-01-91642,01/19/1982,17:07:30,215
(42)-17-71232,(36)-27-42069,01/19/1982,17:20:28,133
(69)-11-29206,(60)-04-26440,01/19/1982,19:06:15,487
(70)-13-93719,(53)-10-91321,01/20/1982,04:32:13,3372
(31)-00-46317,(31)-09-87469,01/20/1982,07:20:19,167
(27)-29-45297,(32)-12-53639,01/20/1982,13:03:12,112
(29)-28-00097,(69)-03-48923,01/20/1982,14:34:17,674
(78)-00-26630,(71)-13-64112,01/20/1982,17:15:02,241
(56)-04-31407,(70)-12-81867,01/20/1982,19:28:21,154
(47)-14-28967,(28)-27-05672,01/20/1982,22:58:58,731
(61)-07-08880,(75)-05-01846,01/21/1982,05:25:51,108
(41)-23-97079,(40)-26-95895,01/21/1982,07:54:35,782
(49)-17-20842,(59)-13-60627,01/21/1982,08:05:00,1627
(48)-14-83796,(33)-23-08137,01/21/1982,14:38:00,57
(39)-08-68295,(46)-13-45760,01/21/1982,16:50:27,857
(33)-21-07577,(21)-16-01719,01/21/1982,17:27:45,860
(21)-04-12203,(45)-16-19027,01/21/1982,20:16:27,388
(65)-14-46812,(76)-02-92988,01/21/1982,21:36:05,255
(37)-10-01172,(72)-01-52125,01/21/1982,21:52:58,2698
(76)-14-90220,(66)-09-66461,01/21/1982,22:58:27,1794
(77)-03-37454,(20)-33-18852,01/21/1982,23:07:40,441
(20)-05-73738,(23)-29-93328,01/22/1982,08:41:34,532
(45)-02-27775,(74)-06-28859,01/22/1982,11:24:15,817
(53)-06-23487,(42)-13-58514,01/22/1982,18:28:30,387
(23)-05-93967,(60)-02-62181,01/22/1982,21:15:49,37
(77)-07-06839,(32)-02-17880,01/22/1982,21:43:30,179
(56)-09-03024,(77)-05-74857,01/23/1982,04:27:06,3160
(53)-10-27835,(76)-00-61630,01/23/1982,08:43:07,1582
(49)-16-65249,(20)-15-29742,01/23/1982,16:04:35,282
(63)-04-53430,(57)-13-32104,01/24/1982,02:31:35,3231
(72)-13-72168,(45)-10-43322,01/24/1982,03:31:10,280
(71)-04-88500,(21)-30-21409,01/24/1982,04:31:13,1561
(64)-04-07996,(39)-13-24050,01/24/1982,14:39:16,209
(40)-21-56957,(63)-12-19694,01/24/1982,16:25:26,477
(33)-18-32036,(79)-08-09454,01/24/1982,16:58:36,2543
(21)-12-61602,(63)-13-13377,01/25/1982,02:56:43,1501
(58)-15-22240,(77)-11-50087,01/25/1982,03:15:56,389
(49)-09-27896,(43)-04-26981,01/25/1982,04:32:15,167
(30)-27-53576,(39)-05-38270,01/25/1982,13:12:08,255
(73)-07-54867,(64)-06-82389,01/25/1982,13:49:00,3447
(72)-07-88987,(28)-18-17635,01/25/1982,18:45:12,825
(43)-06-19515,(56)-00-42176,01/26/1982,00:03:14,3101
(36)-06-35948,(48)-13-49514,01/26/1982,01:21:52,23
(24)-26-09562,(32)-15-39290,01/26/1982,06:06:18,201
(43)-00-63868,(47)-07-06055,01/26/1982,06:32:47,847
(38)-07-81825,(69)-03-69827,01/26/1982,10:11:28,225
(33)-00-01848,(37)-09-20968,01/26/1982,13:36:34,422
(53)-20-41272,(62)-12-80983,01/26/1982,18:27:43,91
(70)-13-08689,(49)-04-25667,01/26/1982,18:35:47,273
(58)-19-76202,(35)-00-84701,01/26/1982,23:43:57,1241
(41)-16-82606,(76)-04-54000,01/27/1982,01:12:57,375
(55)-17-12946,(37)-26-99564,01/27/1982,02:38:31,3012
(46)-08-65028,(47)-16-00739,01/27/1982,08:33:12,619
(73)-09-09742,(53)-16-40276,01/27/1982,22:09:46,103
(32)-26-78568,(67)-17-68385,01/27/1982,22:10:22,395
(52)-21-31688,(48)-21-26117,01/28/1982,03:34:17,112
(66)-01-59131,(47)-21-42348,01/28/1982,09:41:33,733
(20)-12-80419,(49)-17-99779,01/28/1982,10:09:45,613
(43)-16-79444,(50)-19-90947,01/28/1982,23:05:13,2364
(20)-25-15235,(52)-12-95473,01/29/1982,11:18:41,70
(66)-11-65142,(52)-20-24779,01/29/1982,16:39:00,298
(62)-13-04219,(73)-00-07702,01/30/1982,05:02:35,2940
(35)-11-21155,(30)-25-49632,01/30/1982,10:27:55,549
(57)-04-94912,(37)-02-23602,01/30/1982,16:48:48,565
(66)-15-59908,(71)-01-41587,01/30/1982,19:26:18,1285
(68)-05-12023,(67)-01-55442,01/30/1982,19:35:45,379
(23)-15-80074,(53)-03-41044,01/31/1982,00:03:44,2389
(43)-08-38056,(60)-12-44968,01/31/1982,18:01:37,740
(73)-09-84730,(64)-07-03276,01/31/1982,23:35:05,721
(74)-07-23408,(68)-04-28050,02/01/1982,00:51:26,6242
(61)-09-87793,(67)-09-84303,02/01/1982,07:24:09,300
(38)-17-27458,(33)-12-20269,02/01/1982,09:25:03,1115
(28)-21-77745,(59)-07-35683,02/01/1982,18:42:48,704
(78)-06-32494,(69)-14-01038,02/01/1982,21:05:31,437
(21)-06-60718,(35)-06-60217,02/01/1982,21:41:07,89
(42)-04-10325,(41)-01-49119,02/01/1982,22:52:59,781
(42)-19-01252,(76)-01-23257,02/01/1982,23:52:41,274
(74)-10-77295,(76)-11-28298,02/02/1982,05:04:53,200
(42)-25-29864,(77)-08-15591,02/02/1982,17:07:16,3519
(42)-12-90174,(61)-04-39184,02/02/1982,19:57:42,181
(63)-06-13828,(50)-14-18942,02/02/1982,21:07:42,66
(29)-30-97778,(61)-06-16184,02/03/1982,01:34:56,289
(62)-16-35135,(39)-12-70898,02/03/1982,04:00:20,474
(66)-13-08340,(33)-07-70331,02/03/1982,04:15:12,8
(73)-04-61582,(66)-04-62185,02/03/1982,23:28:59,166
(34)-28-67395,(31)-10-64906,02/03/1982,23:57:24,2112
(46)-12-35020,(62)-15-79556,02/04/1982,03:33:16,144
(30)-16-47297,(23)-03-80315,02/04/1982,08:21:58,230
(33)-15-25989,(78)-03-94459,02/04/1982,14:10:05,3076
(66)-01-11571,(44)-10-20957,02/04/1982,14:27:12,766
(73)-14-86915,(75)-12-40151,02/04/1982,17:28:46,212
(73)-15-68206,(23)-03-86140,02/05/1982,00:06:06,457
(74)-13-72373,(32)-07-79857,02/05/1982,05:58:16,181
(65)-07-22465,(23)-07-61868,02/05/1982,10:32:58,849
(43)-00-59741,(48)-18-85993,02/05/1982,23:16:14,191
(65)-01-45241,(34)-06-20351,02/06/1982,02:39:16,545
(39)-18-24761,(21)-15-23926,02/06/1982,02:52:04,198
(45)-11-24515,(57)-15-73424,02/06/1982,06:16:11,132
(62)-15-09957,(65)-05-43986,02/06/1982,19:14:55,1208
(52)-00-58315,(71)-16-49910,02/07/1982,02:01:07,299
(24)-25-49051,(29)-15-48263,02/07/1982,08:45:17,225
(35)-00-60066,(32)-09-65780,02/07/1982,09:56:38,719
(45)-22-29818,(39)-22-13603,02/07/1982,10:30:55,3188
(69)-03-80563,(71)-13-31411,02/07/1982,14:05:12,449
(62)-11-87466,(71)-00-09029,02/07/1982,19:43:07,3410
(74)-08-38915,(47)-15-67491,02/07/1982,20:12:51,257
(61)-08-09939,(51)-17-79886,02/07/1982,21:47:10,834
(44)-24-39635,(50)-01-02390,02/08/1982,03:51:49,106
(25)-23-79504,(49)-17-82822,02/08/1982,19:15:13,277
(75)-09-11709,(24)-17-34484,02/09/1982,07:33:44,713
(60)-15-29721,(77)-12-52996,02/09/1982,10:50:51,598
(69)-04-66881,(79)-10-60154,02/09/1982,15:47:05,230
(29)-17-28058,(63)-06-94758,02/10/1982,16:22:16,40
(68)-05-48255,(55)-04-64775,02/10/1982,16:43:56,197
(43)-25-72496,(27)-14-97546,02/10/1982,17:05:10,1297
(59)-01-04550,(21)-17-78270,02/10/1982,18:40:12,3577
(52)-09-02350,(59)-00-26703,02/10/1982,20:22:21,702
(74)-04-03482,(68)-04-09371,02/10/1982,21:17:34,12
(61)-05-39259,(46)-00-86226,02/10/1982,23:01:04,454
(47)-13-74893,(24)-11-94138,02/11/1982,06:49:37,195
(75)-12-45970,(22)-25-66413,02/11/1982,08:04:16,235
(59)-15-26838,(57)-04-08310,02/11/1982,11:20:40,71
(66)-04-54261,(57)-20-78674,02/11/1982,18:15:55,510
(32)-02-60976,(64)-02-87511,02/11/1982,19:46:39,479
(50)-09-02102,(47)-09-99274,02/11/1982,20:18:50,286
(60)-14-52821,(70)-15-61485,02/11/1982,23:02:47,170
(33)-06-40257,(61)-14-56565,02/12/1982,12:12:15,42
(62)-15-37596,(37)-18-05949,02/12/1982,15:07:13,162
(76)-03-18446,(66)-06-36127,02/12/1982,23:57:17,421
(66)-07-54932,(31)-13-08505,02/13/1982,07:12:44,220
(35)-08-43124,(54)-11-35138,02/13/1982,07:46:18,30
(66)-00-19611,(52)-20-07451,02/13/1982,15:08:04,63
(29)-08-97161,(45)-04-53659,02/13/1982,16:45:07,204
(46)-07-14165,(77)-08-29727,02/13/1982,17:31:37,634
(20)-03-99173,(68)-16-50521,02/13/1982,21:52:32,324
(25)-12-01295,(62)-10-95834,02/14/1982,03:53:37,780
(35)-05-09591,(47)-10-66532,02/14/1982,13:16:36,855
(45)-13-00897,(74)-04-29527,02/14/1982,16:31:39,603
(31)-02-18627,(73)-05-82370,02/15/1982,05:43:21,449
(77)-04-19861,(27)-14-16699,02/15/1982,06:42:56,2277
(58)-11-50990,(73)-13-50637,02/15/1982,08:26:07,136
(48)-05-68240,(64)-17-74390,02/15/1982,09:09:17,722
(63)-01-63916,(56)-10-33222,02/16/1982,02:25:38,51
(63)-03-00490,(40)-25-04247,02/16/1982,04:49:44,2842
(37)-24-61782,(48)-03-34651,02/16/1982,06:52:52,239
(24)-23-37523,(53)-12-64436,02/16/1982,13:03:34,175
(53)-04-10104,(24)-19-87907,02/16/1982,16:17:36,863
(54)-08-35042,(65)-09-02414,02/16/1982,19:30:42,1758
(56)-03-61758,(42)-16-80320,02/16/1982,22:51:15,2631
(28)-14-28204,(51)-01-29511,02/17/1982,07:17:12,3440
(68)-04-91805,(47)-02-75541,02/17/1982,09:09:23,130
(69)-05-55938,(72)-07-39349,02/17/1982,13:57:44,830
(23)-31-30117,(62)-11-20712,02/18/1982,05:24:15,428
(34)-26-13350,(47)-17-66476,02/18/1982,14:49:21,585
(23)-15-35576,(66)-07-55773,02/18/1982,15:44:50,75
(45)-14-52489,(71)-03-55686,02/18/1982,17:40:31,81
(64)-04-83782,(41)-14-27412,02/18/1982,17:47:06,440
(64)-17-24310,(32)-20-78525,02/18/1982,19:58:50,597
(54)-01-58884,(43)-01-59934,02/19/1982,00:27:12,897
(66)-11-17323,(71)-02-83366,02/19/1982,05:19:08,208
(35)-04-87969,(70)-08-94342,02/19/1982,08:52:24,2354
(25)-21-54498,(65)-06-86113,02/19/1982,15:43:29,151
(58)-16-98895,(64)-02-08845,02/19/1982,16:07:35,132
(28)-27-05672,(74)-07-01348,02/19/1982,20:38:05,1811
(29)-16-18502,(45)-11-30549,02/20/1982,00:32:20,49
(58)-09-90577,(40)-10-15010,02/20/1982,03:11:17,150
(59)-12-02970,(73)-04-98746,02/20/1982,06:37:25,1549
(56)-04-56774,(33)-00-72097,02/20/1982,08:58:17,2660
(67)-14-73938,(64)-08-35516,02/20/1982,09:38:09,279
(77)-07-51368,(43)-21-41113,02/20/1982,17:42:49,605
(29)-30-44492,(61)-19-33145,02/20/1982,21:42:17,1253
(61)-18-01930,(69)-08-65982,02/21/1982,00:01:48,675
(58)-09-12576,(64)-15-46983,02/21/1982,03:14:37,424
(77)-03-50082,(46)-07-37634,02/21/1982,04:44:08,204
(72)-13-85965,(35)-16-41712,02/21/1982,04:56:17,2299
(28)-26-40619,(59)-13-49628,02/21/1982,10:51:14,291
(77)-02-25375,(45)-01-00725,02/21/1982,13:24:20,244
(77)-09-88643,(60)-06-25872,02/21/1982,17:18:59,171
(32)-21-70657,(57)-06-23355,02/22/1982,07:07:37,169
(63)-13-83247,(23)-27-32185,02/22/1982,07:44:41,5332
(73)-11-46619,(36)-18-62262,02/22/1982,09:59:21,1468
(37)-14-41765,(65)-08-68859,02/22/1982,13:17:48,269
(79)-05-33399,(54)-04-05159,02/22/1982,14:33:21,754
(67)-15-77565,(29)-03-46504,02/22/1982,15:15:38,571
(72)-10-17689,(25)-30-55455,02/22/1982,20:13:28,121
(62)-07-08164,(65)-05-54612,02/23/1982,09:25:29,12
(77)-05-88275,(42)-00-65728,02/23/1982,09:25:46,546
(45)-02-58863,(23)-04-90464,02/23/1982,12:56:44,816
(79)-01-58033,(55)-16-90716,02/24/1982,01:30:33,460
(23)-04-19446,(53)-15-62019,02/24/1982,03:31:59,2799
(31)-11-38139,(77)-13-28118,02/24/1982,04:49:08,2021
(48)-01-57640,(32)-04-75181,02/24/1982,12:12:29,224
(66)-10-28686,(27)-06-08056,02/24/1982,15:39:28,235
(24)-00-95835,(35)-10-41211,02/24/1982,15:45:01,62
(78)-05-14765,(41)-07-75909,02/24/1982,16:01:49,264
(63)-08-78108,(55)-21-17820,02/24/1982,17:30:05,897
(21)-22-58952,(60)-18-45957,02/25/1982,07:54:57,846
(78)-05-96881,(67)-00-16912,02/25/1982,13:03:04,2842
(27)-00-72099,(32)-20-85932,02/25/1982,23:11:54,2947
(62)-10-06018,(36)-15-29436,02/26/1982,14:47:13,4527
(41)-26-56717,(77)-01-90739,02/27/1982,03:59:24,176
(57)-15-90335,(54)-20-39208,02/27/1982,07:18:40,249
(63)-05-81845,(67)-04-93319,02/27/1982,07:25:43,321
(73)-10-72769,(29)-04-31613,02/27/1982,07:39:12,297
(26)-11-44675,(61)-00-28925,02/27/1982,13:09:30,104
(62)-12-60477,(50)-15-41872,02/27/1982,17:26:57,44
(50)-13-65239,(46)-00-92640,02/27/1982,18:03:28,2772
(69)-14-40932,(63)-03-06697,02/27/1982,20:01:34,95
(22)-09-38361,(57)-12-38101,02/28/1982,00:24:19,269
(33)-13-93108,(23)-16-31749,02/28/1982,06:01:12,1916
(27)-19-88921,(63)-18-94809,02/28/1982,08:41:19,813
(59)-11-77624,(26)-13-53391,02/28/1982,09:12:29,842
(24)-24-65666,(72)-06-94476,02/28/1982,11:57:18,325
(70)-03-47372,(72)-14-04072,02/28/1982,14:33:55,473
(79)-10-12647,(45)-02-09791,02/28/1982,21:19:38,221
(32)-25-96728,(70)-06-65294,03/01/1982,00:09:03,150
(41)-23-23001,(77)-07-52990,03/01/1982,17:40:51,164
(43)-15-18955,(47)-03-20687,03/01/1982,20:19:26,1952
(48)-09-70021,(44)-25-00677,03/02/1982,02:01:11,22
(56)-01-24230,(20)-03-03682,03/02/1982,08:09:24,63
(28)-11-72305,(46)-02-24456,03/02/1982,08:41:03,40
(43)-19-77750,(24)-21-99481,03/02/1982,17:47:13,3425
(41)-11-12139,(22)-07-21472,03/03/1982,03:10:47,622
(64)-02-63216,(35)-13-28497,03/03/1982,06:13:11,108
(39)-07-82986,(29)-14-73614,03/03/1982,07:45:35,510
(23)-05-32873,(44)-18-05532,03/03/1982,12:46:10,282
(24)-16-85740,(43)-03-88380,03/03/1982,19:54:46,120
(26)-03-45876,(26)-01-48815,03/03/1982,20:18:40,40
(77)-04-18849,(54)-03-37693,03/04/1982,06:30:44,104
(58)-17-92678,(54)-15-07543,03/04/1982,12:10:52,2006
(68)-06-75911,(26)-31-58161,03/04/1982,17:30:40,137
(67)-13-69903,(58)-04-60569,03/04/1982,19:31:58,173
(45)-24-28884,(20)-08-26379,03/05/1982,01:06:38,644
(51)-09-99089,(38)-23-60055,03/05/1982,03:05:54,287
(24)-06-09323,(59)-15-25821,03/05/1982,05:20:05,520
(72)-14-11930,(74)-06-82443,03/05/1982,05:46:44,396
(56)-04-96528,(40)-03-09010,03/05/1982,06:53:15,604
(54)-10-00460,(61)-19-30488,03/05/1982,07:12:39,199
(64)-06-94744,(20)-20-02571,03/05/1982,09:21:04,549
(48)-23-88381,(74)-06-44128,03/05/1982,16:54:27,2778
(58)-15-69853,(77)-09-27983,03/05/1982,19:58:05,13
(75)-09-39238,(36)-25-67152,03/06/1982,02:14:31,736
(67)-16-86847,(21)-28-54577,03/06/1982,02:33:35,128
(61)-14-50388,(39)-09-60049,03/06/1982,07:26:22,280
(67)-12-73942,(50)-02-18198,03/06/1982,10:29:24,538
(61)-08-27259,(50)-14-35795,03/06/1982,18:48:07,36
(22)-12-60634,(20)-13-01010,03/06/1982,20:18:12,420
(32)-11-19258,(25)-16-07045,03/06/1982,20:50:30,68
(63)-02-35412,(36)-16-50420,03/07/1982,03:46:19,228
(61)-03-54671,(69)-06-29025,03/08/1982,10:33:31,3325
(60)-14-64895,(77)-14-58869,03/09/1982,06:01:16,2689
(20)-23-27783,(32)-19-28523,03/09/1982,07:59:16,364
(65)-15-16189,(22)-32-13704,03/09/1982,14:09:14,728
(24)-06-35282,(29)-22-87557,03/09/1982,23:52:42,684
(48)-03-89887,(65)-17-29472,03/10/1982,08:04:38,333
(73)-05-25611,(25)-20-02260,03/10/1982,11:44:46,1843
(43)-18-12964,(78)-09-68861,03/10/1982,18:41:19,809
(66)-03-89866,(69)-05-85656,03/10/1982,20:02:45,196
(24)-07-64281,(39)-05-88085,03/10/1982,21:46:46,550
(66)-00-86315,(50)-13-27602,03/11/1982,00:22:09,99
(41)-00-88970,(40)-18-65889,03/11/1982,02:25:29,489
(52)-17-43905,(48)-06-77836,03/11/1982,02:58:08,642
(55)-20-74083,(79)-05-34985,03/11/1982,04:56:27,733
(45)-16-88875,(27)-06-98211,03/11/1982,14:02:13,64
(26)-07-97883,(38)-03-99201,03/11/1982,14:14:01,976
(75)-09-22394,(54)-14-23145,03/11/1982,18:46:16,75
(78)-05-73781,(21)-05-70255,03/11/1982,23:54:46,71
(69)-14-48973,(65)-00-78807,03/12/1982,01:09:05,83
(39)-26-01565,(45)-04-42778,03/12/1982,08:27:35,17
(21)-19-14557,(68)-15-03372,03/12/1982,13:09:23,285
(31)-08-36885,(22)-04-85735,03/12/1982,14:23:13,1508
(40)-05-16984,(24)-25-19785,03/12/1982,16:44:05,519
(35)-15-94818,(46)-19-86351,03/12/1982,17:42:38,3508
(43)-14-81543,(25)-19-96267,03/12/1982,22:16:26,396
(23)-31-16250,(36)-20-07713,03/13/1982,01:29:48,296
(66)-05-96641,(47)-01-15357,03/13/1982,02:39:58,212
(57)-00-25253,(62)-08-71520,03/13/1982,19:26:16,402
(30)-02-45283,(41)-22-21780,03/13/1982,22:20:02,250
(71)-07-29383,(28)-19-27505,03/14/1982,05:10:30,86
(32)-20-47994,(75)-07-20023,03/14/1982,19:26:20,602
(63)-04-98466,(26)-03-57121,03/14/1982,23:31:17,72
(33)-08-96607,(74)-09-60346,03/15/1982,02:08:33,42
(47)-04-09382,(72)-07-18529,03/15/1982,03:44:36,733
(32)-27-77046,(64)-09-25622,03/15/1982,06:47:13,1199
(22)-10-39940,(27)-05-06781,03/15/1982,18:45:33,398
(78)-01-16026,(56)-07-06312,03/15/1982,19:55:19,821
(35)-11-01609,(44)-12-10915,03/16/1982,00:05:37,2518
(54)-08-34624,(68)-15-47166,03/16/1982,00:21:26,119
(58)-00-34220,(73)-02-19742,03/16/1982,03:03:04,215
(58)-06-59348,(57)-13-56012,03/16/1982,04:17:53,137
(36)-27-58725,(47)-07-01334,03/16/1982,09:45:50,18
(67)-05-28888,(34)-06-68339,03/16/1982,10:47:27,82
(22)-18-47740,(46)-24-64126,03/16/1982,16:37:13,121
(20)-27-71636,(50)-23-32370,03/16/1982,16:48:13,2977
(49)-04-03331,(68)-14-01802,03/16/1982,17:07:44,396
(40)-14-00686,(74)-06-17857,03/16/1982,17:12:27,573
(46)-22-69185,(27)-13-07163,03/16/1982,19:17:42,251
(45)-23-34295,(70)-08-64491,03/16/1982,21:30:04,142
(58)-14-58964,(34)-07-46193,03/16/1982,22:04:51,2587
(29)-23-26645,(74)-08-98615,03/18/1982,03:34:40,639
(77)-10-10894,(68)-09-86346,03/18/1982,18:47:10,987
(75)-03-54305,(73)-01-58641,03/19/1982,03:25:17,280
(22)-10-35089,(54)-12-58407,03/19/1982,04:57:02,688
(22)-20-59461,(37)-00-49546,03/19/1982,05:18:15,242
(77)-03-35116,(66)-10-84466,03/19/1982,07:47:36,204
(52)-10-80419,(38)-21-53519,03/19/1982,09:35:43,47
(23)-20-71867,(54)-14-15169,03/19/1982,10:19:02,335
(62)-18-65950,(48)-19-94370,03/19/1982,18:18:15,360
(46)-02-52398,(30)-29-77479,03/19/1982,22:35:38,13
(21)-24-46140,(66)-07-32547,03/20/1982,05:04:19,233
(76)-14-27936,(55)-20-04500,03/20/1982,13:20:23,3172
(33)-02-72758,(29)-02-15997,03/20/1982,15:53:02,283
(77)-00-68809,(50)-20-41285,03/20/1982,19:56:46,635
(32)-09-98901,(52)-22-44658,03/21/1982,13:11:26,258
(77)-08-34633,(54)-10-86656,03/21/1982,20:41:34,402
(73)-09-86265,(51)-16-91448,03/22/1982,01:51:32,1541
(55)-16-85280,(22)-19-08939,03/22/1982,03:36:30,265
(53)-10-04397,(34)-21-06174,03/22/1982,04:59:19,448
(69)-10-94281,(48)-23-98917,03/22/1982,06:48:45,1997
(74)-09-32900,(51)-00-97970,03/22/1982,09:28:51,681
(47)-14-37551,(28)-00-46610,03/23/1982,08:39:45,240
(65)-16-86902,(42)-19-11021,03/23/1982,09:20:32,22
(46)-10-23012,(58)-17-28418,03/23/1982,11:22:32,935
(50)-17-16672,(51)-16-93474,03/23/1982,11:32:58,620
(21)-20-67239,(69)-13-44305,03/23/1982,11:40:21,155
(31)-17-55620,(24)-11-33640,03/23/1982,11:45:56,3159
(67)-00-33934,(49)-22-49960,03/23/1982,14:31:13,464
(50)-05-74169,(54)-02-22522,03/23/1982,17:05:34,167
(40)-16-06296,(57)-02-60546,03/23/1982,17:52:18,3231
(71)-06-98776,(52)-10-02587,03/23/1982,18:40:10,415
(66)-11-02907,(49)-14-15654,03/23/1982,21:23:56,274
(69)-12-54684,(22)-17-70675,03/24/1982,11:26:48,199
(57)-09-01797,(30)-10-03376,03/24/1982,15:52:17,39
(31)-22-79407,(44)-00-01742,03/24/1982,23:06:29,234
(68)-05-43553,(65)-03-89754,03/25/1982,01:11:36,206
(77)-10-65993,(78)-06-01048,03/25/1982,01:50:47,7169
(48)-11-54623,(54)-00-00196,03/25/1982,03:55:25,598
(72)-07-69163,(68)-00-44577,03/25/1982,06:03:44,536
(62)-14-47788,(59)-18-08501,03/25/1982,21:41:28,818
(37)-26-68329,(63)-10-02787,03/26/1982,12:35:14,1225
(75)-10-10039,(32)-13-42702,03/26/1982,14:25:25,611
(74)-03-89471,(29)-16-84944,03/26/1982,17:39:04,2138
(28)-11-74238,(74)-05-55487,03/27/1982,01:01:38,297
(21)-28-53986,(55)-06-84269,03/27/1982,02:35:37,104
(69)-03-68836,(48)-17-83325,03/27/1982,12:25:32,137
(31)-11-35119,(25)-13-00083,03/28/1982,03:24:51,196
(56)-01-06724,(50)-05-92023,03/28/1982,04:48:36,1150
(78)-12-65997,(36)-07-55586,03/28/1982,15:32:49,479
(73)-11-18866,(37)-23-93407,03/28/1982,16:11:10,634
(24)-13-40954,(65)-06-95356,03/28/1982,18:08:03,88
(67)-04-55425,(56)-12-99602,03/28/1982,20:02:38,294
(47)-16-62957,(31)-29-30919,03/28/1982,22:11:07,2194
(45)-22-21254,(75)-08-59639,03/29/1982,02:42:22,65
(74)-14-59743,(39)-15-89352,03/29/1982,04:56:37,4243
(67)-15-62929,(23)-12-37668,03/29/1982,10:53:15,503
(30)-20-36167,(30)-06-93470,03/29/1982,14:01:23,215
(43)-24-32107,(41)-01-66910,03/29/1982,15:13:14,413
(48)-23-12527,(60)-15-55105,03/29/1982,16:31:21,7
(28)-20-04781,(53)-22-07667,03/29/1982,16:32:10,16
(45)-03-10068,(26)-27-38052,03/30/1982,01:26:44,2626
(44)-21-62338,(65)-03-46728,03/30/1982,12:48:20,219
(55)-20-34205,(72)-00-44466,03/30/1982,13:53:22,213
(57)-14-51052,(75)-12-12290,03/30/1982,19:21:28,118
(47)-20-69436,(64)-10-05045,03/30/1982,23:56:16,2056
(53)-19-65324,(73)-08-57248,03/31/1982,02:13:27,4002
(20)-29-07848,(78)-09-57186,03/31/1982,09:07:35,131
(56)-10-60690,(58)-19-15261,03/31/1982,19:17:18,96
(40)-04-84837,(36)-06-78744,03/31/1982,21:42:17,520
(20)-12-65686,(78)-04-00652,04/01/1982,05:55:40,101
(64)-12-76882,(25)-18-96118,04/01/1982,06:24:00,24
(42)-10-21594,(63)-02-65808,04/01/1982,10:16:52,5871
(27)-08-10894,(32)-10-60608,04/01/1982,17:03:29,871
(54)-08-44689,(36)-15-14546,04/01/1982,17:25:03,485
(68)-16-60652,(78)-12-87480,04/01/1982,20:34:32,49
(47)-20-58759,(69)-07-27242,04/02/1982,06:12:06,181
(36)-08-22546,(78)-05-39215,04/02/1982,06:19:24,2862
(76)-09-91521,(67)-00-45705,04/02/1982,13:42:43,955
(31)-03-91773,(20)-12-94701,04/02/1982,15:06:08,579
(51)-12-48859,(36)-25-58069,04/02/1982,16:11:17,247
(50)-06-72189,(21)-24-16380,04/03/1982,04:37:50,268
(75)-02-11622,(35)-07-37276,04/03/1982,07:52:38,677
(29)-29-30212,(31)-07-32377,04/03/1982,15:11:46,3405
(62)-10-57931,(76)-09-26886,04/03/1982,16:47:29,431
(79)-11-04613,(73)-11-58161,04/03/1982,18:36:19,2567
(24)-12-72045,(41)-19-19314,04/04/1982,08:16:00,890
(21)-03-43445,(69)-10-14481,04/04/1982,08:59:21,3249
(25)-18-15544,(74)-13-23591,04/04/1982,16:49:46,337
(35)-19-54240,(49)-08-54870,04/04/1982,22:20:27,125
(51)-08-63647,(52)-11-23056,04/05/1982,00:09:58,296
(65)-09-07181,(33)-23-65727,04/05/1982,09:41:12,244
(57)-12-04640,(79)-13-87360,04/05/1982,10:15:11,56
(51)-07-38361,(56)-09-59562,04/05/1982,12:12:20,150
(39)-01-66018,(64)-07-15953,04/05/1982,19:17:46,1323
(57)-01-63471,(57)-20-60795,04/05/1982,21:28:02,3071
(20)-24-19897,(37)-07-78125,04/06/1982,00:29:46,1312
(25)-23-13665,(62)-15-92834,04/06/1982,06:24:35,317
(52)-15-97611,(66)-01-61307,04/06/1982,08:28:59,405
(23)-06-64310,(67)-12-23975,04/06/1982,13:11:13,900
(38)-02-66790,(43)-15-20928,04/06/1982,18:52:13,199
(29)-30-05067,(56)-13-53486,04/06/1982,21:32:53,609
(20)-14-46668,(42)-14-43527,04/07/1982,16:33:00,3185
(61)-05-16616,(68)-16-06745,04/07/1982,23:24:23,1680
(53)-21-45882,(46)-05-05918,04/08/1982,09:29:45,267
(24)-18-12647,(75)-06-22102,04/08/1982,11:13:59,270
(65)-18-89718,(79)-04-63856,04/08/1982,11:18:10,441
(61)-03-91119,(36)-07-16094,04/09/1982,00:45:12,770
(44)-14-07851,(41)-19-53321,04/09/1982,04:16:46,265
(32)-19-34192,(49)-06-68004,04/09/1982,11:29:34,1163
(54)-10-21247,(46)-09-73897,04/09/1982,15:34:35,249
(61)-06-56701,(53)-20-09552,04/10/1982,01:56:34,373
(22)-11-54617,(49)-20-57798,04/10/1982,04:17:14,26
(51)-06-94480,(23)-14-55610,04/11/1982,15:05:26,988
(45)-05-30027,(54)-16-03231,04/11/1982,15:50:30,730
(22)-27-38554,(72)-00-72680,04/11/1982,16:38:21,43
(22)-14-60329,(33)-08-67354,04/11/1982,21:23:08,452
(71)-15-68146,(46)-10-14750,04/12/1982,00:27:26,3569
(45)-15-45288,(25)-00-67216,04/12/1982,01:22:23,182
(41)-10-21086,(44)-18-29761,04/12/1982,03:28:33,274
(63)-04-40681,(44)-20-18971,04/12/1982,14:39:55,2566
(40)-00-84577,(38)-16-57213,04/12/1982,14:41:08,743
(20)-15-52586,(73)-06-16253,04/13/1982,01:32:06,543
(51)-15-29722,(63)-07-12755,04/13/1982,01:46:16,165
(66)-15-10216,(20)-29-09456,04/13/1982,08:06:02,164
(20)-03-61919,(67)-12-92486,04/13/1982,08:51:11,386
(75)-08-01231,(73)-07-78650,04/13/1982,11:51:33,751
(53)-09-68593,(79)-00-64486,04/13/1982,16:22:48,250
(49)-16-63086,(48)-09-41437,04/13/1982,16:55:39,2088
(62)-11-13076,(54)-02-47974,04/13/1982,17:19:53,10
(54)-07-41169,(26)-12-77383,04/13/1982,17:27:46,6309
(28)-17-44490,(76)-10-98049,04/13/1982,22:37:09,271
(78)-04-25200,(49)-21-97308,04/13/1982,23:12:15,347
(65)-04-18694,(79)-04-50248,04/14/1982,02:45:09,211
(64)-08-00144,(31)-20-21824,04/14/1982,05:23:33,289
(26)-07-65040,(70)-15-32679,04/14/1982,06:16:57,735
(69)-02-24343,(49)-13-31155,04/14/1982,06:24:13,4638
(77)-10-91666,(31)-16-23281,04/14/1982,06:46:46,194
(28)-26-62368,(55)-00-93040,04/14/1982,23:18:37,483
(45)-10-24399,(29)-08-48775,04/15/1982,01:17:01,270
(46)-01-40208,(75)-11-43859,04/15/1982,02:42:17,30
(57)-04-10471,(30)-02-49496,04/15/1982,04:45:56,52
(40)-00-29752,(75)-04-16835,04/15/1982,07:14:29,69
(56)-20-56272,(50)-08-86092,04/15/1982,07:43:36,578
(56)-20-82371,(28)-05-41093,04/15/1982,23:43:34,730
(33)-26-92031,(53)-17-83813,04/16/1982,04:25:44,41
(40)-13-99913,(59)-12-35245,04/17/1982,00:12:22,123
(34)-18-81755,(23)-26-17425,04/17/1982,05:51:49,124
(26)-21-76556,(47)-02-89147,04/17/1982,05:55:03,26
(46)-18-87435,(29)-05-10249,04/17/1982,08:21:29,196
(72)-14-46751,(21)-15-19539,04/17/1982,10:30:23,2998
(74)-11-29793,(26)-05-34637,04/17/1982,11:55:02,1035
(44)-12-82286,(63)-05-83219,04/17/1982,14:55:05,1271
(35)-05-87733,(21)-18-22347,04/17/1982,14:59:49,13
(41)-22-80613,(76)-02-20099,04/17/1982,19:07:46,791
(51)-11-31544,(47)-17-68301,04/17/1982,19:21:57,27
(69)-11-56080,(29)-04-03567,04/18/1982,11:10:04,120
(39)-16-24685,(62)-11-11046,04/18/1982,21:09:25,2106
(35)-08-34431,(38)-14-90787,04/19/1982,16:35:06,762
(78)-10-46753,(25)-09-91182,04/19/1982,18:09:21,168
(26)-05-52690,(63)-15-87380,04/19/1982,23:01:11,878
(38)-02-83695,(44)-03-43543,04/20/1982,05:44:51,2246
(42)-08-87136,(31)-03-04538,04/20/1982,12:21:39,2584
(79)-11-45246,(70)-07-15475,04/21/1982,04:00:46,805
(34)-00-96791,(71)-14-92469,04/21/1982,06:35:21,786
(44)-11-97048,(29)-15-37286,04/21/1982,12:34:19,96
(60)-19-62204,(59)-00-51561,04/21/1982,15:41:32,791
(33)-14-17999,(59)-14-67305,04/22/1982,07:01:28,27
(58)-15-56051,(65)-11-43709,04/22/1982,07:14:46,27
(54)-00-33163,(55)-02-11496,04/22/1982,10:54:24,888
(45)-20-45758,(70)-06-54870,04/22/1982,12:48:11,72
(64)-15-36350,(66)-05-72922,04/22/1982,14:04:49,25
(27)-26-16682,(32)-20-97350,04/22/1982,21:25:46,291
(22)-13-42530,(65)-17-78349,04/22/1982,23:12:54,288
(48)-14-21531,(77)-00-26361,04/23/1982,05:32:11,556
(70)-02-85795,(48)-23-01596,04/23/1982,08:46:32,116
(70)-02-36184,(57)-01-40139,04/23/1982,09:15:48,768
(21)-18-18112,(47)-24-04101,04/23/1982,21:39:33,110
(76)-00-06625,(65)-04-15976,04/23/1982,21:45:33,343
(59)-08-16942,(63)-09-33169,04/24/1982,03:19:36,273
(77)-14-45600,(20)-25-87146,04/24/1982,05:05:54,3091
(39)-04-93376,(53)-08-91090,04/24/1982,07:53:59,502
(28)-04-20190,(55)-03-19975,04/24/1982,08:03:28,526
(64)-01-80690,(32)-06-96268,04/24/1982,10:27:14,152
(77)-12-71164,(53)-19-80444,04/24/1982,10:46:36,40
(72)-06-33543,(50)-10-08288,04/24/1982,11:44:36,120
(31)-29-18175,(65)-15-97326,04/24/1982,17:37:52,673
(51)-12-65944,(41)-14-60304,04/24/1982,23:06:12,92
(30)-00-28024,(76)-13-63292,04/25/1982,02:05:16,185
(51)-14-06842,(46)-02-05072,04/25/1982,10:00:11,168
(26)-03-33286,(79)-10-38581,04/25/1982,15:24:43,655
(27)-21-15049,(42)-16-97781,04/26/1982,09:28:42,699
(62)-06-10528,(61)-09-42255,04/26/1982,09:38:55,1398
(49)-14-50162,(46)-10-26676,04/26/1982,09:59:06,581
(75)-02-31418,(34)-23-78827,04/26/1982,13:31:32,2452
(64)-17-95720,(51)-13-25320,04/26/1982,15:36:30,459
(75)-03-19699,(49)-06-29014,04/26/1982,16:58:10,425
(34)-27-02061,(41)-02-41671,04/26/1982,18:52:42,599
(41)-13-58650,(47)-08-03706,04/26/1982,22:45:58,51
(54)-21-03004,(61)-00-17750,04/26/1982,23:06:06,243
(66)-03-25026,(23)-32-44519,04/27/1982,01:02:39,580
(78)-07-39604,(47)-23-72457,04/27/1982,03:05:57,357
(47)-21-52082,(26)-07-22074,04/27/1982,06:17:15,267
(41)-08-12455,(22)-25-51490,04/27/1982,12:36:43,234
(53)-08-47223,(22)-22-56912,04/27/1982,18:03:01,649
(23)-15-07551,(32)-04-70935,04/27/1982,23:28:59,540
(59)-05-16730,(51)-19-86713,04/28/1982,00:42:47,85
(47)-05-45574,(42)-03-43888,04/28/1982,17:19:07,135
(30)-07-26443,(75)-02-47498,04/28/1982,19:03:13,270
(37)-10-26286,(45)-02-84744,04/28/1982,21:31:05,271
(24)-24-66008,(78)-04-71206,04/29/1982,03:02:51,550
(45)-17-98915,(59)-04-05028,04/30/1982,07:34:00,292
(35)-28-35265,(39)-18-79104,04/30/1982,08:57:35,721
(52)-17-33216,(25)-11-40693,04/30/1982,10:55:41,396
(76)-07-23989,(23)-16-59561,04/30/1982,11:18:35,286
(62)-13-05287,(32)-00-65023,04/30/1982,13:31:56,145
(28)-24-74240,(47)-02-82840,04/30/1982,13:53:24,1348
(69)-04-82609,(30)-29-20652,05/01/1982,04:50:05,2293
(52)-00-93865,(29)-06-17831,05/01/1982,06:42:54,1882
(34)-17-52290,(42)-00-98620,05/01/1982,14:18:10,124
(35)-16-48242,(25)-22-02501,05/01/1982,19:36:48,926
(30)-26-26039,(51)-08-18438,05/02/1982,00:43:07,2375
(63)-04-17882,(66)-07-94002,05/02/1982,07:17:25,870
(35)-06-52740,(61)-02-80091,05/02/1982,13:22:54,1035
(38)-16-91395,(34)-24-99171,05/02/1982,14:17:54,178
(33)-22-89864,(62)-16-41638,05/02/1982,21:15:30,136
(73)-15-94296,(35)-01-58387,05/03/1982,04:46:14,225
(44)-24-57303,(64)-08-52657,05/03/1982,06:34:44,299
(58)-08-24623,(30)-18-13120,05/03/1982,07:13:21,162
(74)-06-84151,(23)-15-43933,05/03/1982,19:00:01,2838
(27)-18-32616,(76)-10-55898,05/03/1982,23:26:34,150
(41)-19-96626,(22)-21-78674,05/04/1982,02:14:50,891
(58)-20-17923,(32)-21-90214,05/04/1982,05:32:47,250
(49)-18-98726,(36)-13-05584,05/04/1982,08:01:32,113
(28)-25-37672,(59)-05-17623,05/04/1982,12:50:40,163
(72)-09-41571,(61)-07-26130,05/04/1982,13:36:57,476
(45)-11-16208,(30)-01-46755,05/04/1982,14:04:58,3785
(25)-25-62280,(45)-24-58674,05/04/1982,17:39:30,2251
(22)-09-94575,(45)-19-94810,05/04/1982,20:43:24,8
(34)-12-55420,(45)-22-29818,05/04/1982,22:19:04,861
(55)-11-56838,(59)-16-89377,05/05/1982,01:18:13,161
(68)-08-45806,(20)-25-31080,05/05/1982,10:50:32,236
(53)-14-09496,(33)-11-25986,05/05/1982,11:08:02,359
(39)-10-95779,(75)-11-26167,05/05/1982,15:22:17,142
(56)-07-92680,(67)-03-04643,05/05/1982,18:36:34,219
(62)-19-37574,(76)-00-35658,05/06/1982,14:00:01,62
(66)-04-91035,(65)-12-78033,05/06/1982,14:46:55,2982
(52)-08-20863,(47)-17-10340,05/06/1982,17:22:17,46
(32)-28-19651,(30)-04-12923,05/06/1982,17:47:46,46
(48)-22-75723,(66)-03-00691,05/06/1982,19:32:21,155
(24)-26-97770,(76)-10-98049,05/06/1982,19:37:35,629
(22)-06-11829,(28)-00-64969,05/07/1982,04:14:32,176
(30)-28-47966,(42)-06-50984,05/07/1982,05:42:28,622
(68)-14-70052,(51)-19-91480,05/07/1982,15:41:58,254
(71)-01-42116,(35)-13-90829,05/07/1982,17:20:22,21
(54)-13-88173,(21)-22-27515,05/07/1982,17:47:04,50
(57)-17-19153,(66)-00-67735,05/07/1982,21:56:39,73
(71)-06-59412,(62)-10-37326,05/07/1982,22:15:33,25
(47)-22-54679,(58)-00-93915,05/08/1982,02:29:20,66
(71)-14-45259,(42)-18-36006,05/08/1982,03:18:42,262
(31)-28-01953,(59)-11-10479,05/08/1982,05:34:07,186
(72)-00-92739,(65)-09-30397,05/08/1982,06:04:01,38
(35)-02-29640,(21)-15-09835,05/08/1982,06:49:23,333
(39)-12-27774,(27)-10-33326,05/08/1982,09:09:57,276
(57)-20-06261,(63)-18-22392,05/09/1982,07:00:34,194
(31)-22-37126,(53)-17-08055,05/09/1982,07:30:10,210
(54)-16-59489,(32)-13-11080,05/09/1982,07:32:19,1397
(67)-00-46530,(33)-11-36166,05/10/1982,01:49:21,256
(31)-24-94051,(70)-09-83144,05/10/1982,07:43:43,107
(36)-16-21870,(32)-18-27595,05/10/1982,10:21:15,1147
(66)-09-09046,(48)-16-32296,05/10/1982,10:58:20,669
(75)-05-11828,(25)-01-11150,05/10/1982,11:02:02,51
(66)-07-58898,(40)-15-94963,05/10/1982,14:37:22,179
(74)-04-89268,(30)-17-87471,05/10/1982,19:22:03,133
(74)-04-74835,(42)-14-41280,05/10/1982,19:26:40,569
(23)-08-91843,(31)-21-80618,05/10/1982,20:03:37,258
(66)-06-03974,(41)-24-12960,05/11/1982,04:09:47,211
(36)-25-78508,(67)-02-97728,05/11/1982,04:57:20,516
(32)-01-01231,(68)-10-64703,05/11/1982,04:58:26,53
(35)-11-71962,(39)-03-46760,05/11/1982,08:05:39,159
(37)-23-88427,(72)-12-50497,05/11/1982,17:09:20,861
(77)-06-97802,(75)-04-34479,05/11/1982,19:00:44,265
(70)-05-47478,(35)-20-76410,05/12/1982,00:28:37,2393
(30)-21-81030,(66)-00-24954,05/12/1982,02:00:13,190
(68)-06-74006,(60)-04-09095,05/12/1982,05:30:17,536
(61)-01-01125,(78)-09-07396,05/12/1982,06:16:06,2808
(40)-13-37971,(54)-11-51085,05/12/1982,08:08:09,282
(57)-07-33801,(70)-09-43897,05/12/1982,08:16:44,122
(28)-20-15573,(30)-26-03017,05/12/1982,11:53:38,129
(26)-05-90948,(20)-18-80359,05/12/1982,12:14:45,300
(22)-28-68243,(79)-09-12984,05/12/1982,19:20:58,70
(73)-12-42826,(69)-09-28381,05/13/1982,06:53:56,169
(77)-03-90801,(70)-03-79901,05/13/1982,06:58:32,2468
(54)-06-39834,(37)-08-22250,05/13/1982,11:42:31,33
(70)-00-70093,(67)-11-13858,05/13/1982,12:08:46,186
(23)-31-43335,(38)-07-27822,05/13/1982,17:15:05,298
(66)-14-59701,(25)-11-03842,05/13/1982,17:58:54,4077
(62)-00-50091,(59)-13-15712,05/13/1982,20:19:26,201
(74)-01-88355,(55)-00-00410,05/14/1982,14:59:39,269
(28)-27-19066,(54)-01-48343,05/14/1982,20:22:08,285
(55)-04-84856,(34)-02-56959,05/15/1982,05:05:34,2581
(29)-21-72001,(62)-03-42315,05/15/1982,07:05:40,50
(54)-04-23545,(47)-22-08426,05/15/1982,12:37:14,363
(28)-15-28896,(24)-31-47996,05/15/1982,18:13:58,2753
(28)-13-67845,(32)-09-55417,05/16/1982,11:32:37,36
(69)-07-38596,(27)-17-83512,05/16/1982,17:35:31,267
(43)-24-29772,(21)-05-15324,05/16/1982,20:37:33,495
(68)-06-00243,(27)-14-00167,05/16/1982,21:30:38,693
(26)-10-35397,(74)-07-86100,05/17/1982,01:09:43,1696
(49)-07-11993,(43)-19-31597,05/17/1982,12:06:36,272
(29)-29-22599,(37)-24-04019,05/18/1982,06:20:55,248
(55)-14-62681,(65)-13-72602,05/18/1982,09:25:37,272
(49)-10-16430,(43)-10-83796,05/18/1982,19:08:44,266
(32)-14-38868,(57)-15-69411,05/18/1982,21:56:23,618
(42)-22-50499,(49)-06-01606,05/18/1982,22:21:12,833
(60)-09-92603,(46)-08-05244,05/19/1982,01:50:01,216
(55)-13-48420,(62)-15-83036,05/19/1982,02:55:48,1018
(33)-21-47059,(65)-01-73867,05/19/1982,04:50:48,1735
(29)-23-44028,(62)-08-23971,05/19/1982,09:43:34,15
(24)-24-77787,(46)-08-88055,05/19/1982,10:27:53,244
(64)-02-59370,(63)-00-41848,05/19/1982,12:55:27,228
(50)-21-52210,(27)-28-23004,05/19/1982,13:34:50,563
(77)-13-11966,(54)-04-31213,05/19/1982,18:11:56,43
(64)-15-49043,(28)-15-66364,05/19/1982,23:16:15,3076
(72)-04-71414,(48)-08-19129,05/19/1982,23:44:43,458
(36)-08-38556,(22)-13-13300,05/20/1982,05:30:49,3513
(76)-03-93287,(70)-10-26725,05/20/1982,17:40:00,48
(74)-14-83896,(24)-09-27017,05/20/1982,17:47:37,805
(58)-12-32261,(22)-10-22842,05/21/1982,01:12:54,1446
(44)-17-61180,(74)-10-17060,05/21/1982,03:27:06,235
(78)-00-69062,(50)-20-84600,05/21/1982,13:48:58,138
(37)-02-82894,(60)-04-26119,05/21/1982,14:49:57,196
(57)-08-16362,(41)-15-21224,05/21/1982,18:09:50,172
(40)-11-63312,(66)-04-78599,05/21/1982,21:23:47,43
(22)-02-48304,(53)-01-62943,05/21/1982,21:25:42,236
(46)-10-54278,(35)-03-44710,05/21/1982,21:43:32,1903
(53)-21-31506,(40)-22-19117,05/21/1982,23:43:49,73
(25)-06-75834,(51)-14-67230,05/22/1982,01:44:24,722
(70)-09-72161,(60)-16-92324,05/22/1982,09:08:39,71
(59)-12-96350,(55)-21-80179,05/22/1982,16:44:11,188
(62)-03-82607,(29)-09-51670,05/23/1982,04:55:40,797
(36)-24-70659,(74)-12-78640,05/23/1982,06:28:13,181
(26)-23-68104,(30)-20-11078,05/23/1982,17:48:54,813
(58)-01-65389,(31)-14-35436,05/23/1982,22:07:14,834
(32)-14-60414,(44)-07-47679,05/24/1982,04:54:09,132
(57)-19-90214,(50)-01-78878,05/24/1982,05:10:45,173
(32)-15-24483,(45)-11-38189,05/24/1982,13:40:54,679
(28)-30-94438,(25)-28-27233,05/24/1982,14:40:12,893
(50)-16-35892,(77)-13-61761,05/24/1982,18:52:11,230
(63)-15-37663,(61)-11-86395,05/25/1982,00:10:37,574
(61)-00-75113,(63)-04-31519,05/25/1982,04:19:59,273
(34)-03-15430,(37)-27-99338,05/25/1982,08:30:07,3123
(64)-10-66685,(20)-25-21712,05/25/1982,10:42:58,102
(33)-06-37326,(71)-05-45807,05/25/1982,11:12:54,522
(39)-12-51636,(64)-08-71921,05/26/1982,01:40:20,706
(44)-07-22458,(77)-08-60433,05/26/1982,05:56:09,105
(51)-22-63991,(67)-15-97109,05/26/1982,07:30:43,60
(46)-05-90238,(75)-09-87971,05/26/1982,08:20:44,699
(21)-28-83133,(25)-00-98024,05/26/1982,10:51:40,237
(68)-02-19441,(32)-00-58972,05/26/1982,14:20:28,441
(53)-11-94546,(28)-29-58710,05/27/1982,05:55:19,890
(78)-00-63856,(27)-10-93870,05/27/1982,16:08:19,271
(52)-03-10381,(57)-13-64679,05/27/1982,23:50:44,472
(35)-13-17687,(44)-24-50144,05/28/1982,00:09:44,267
(34)-20-59210,(56)-01-51542,05/28/1982,00:46:59,474
(52)-02-26779,(64)-04-74093,05/28/1982,00:48:57,509
(57)-01-88578,(22)-26-84740,05/28/1982,01:39:18,133
(57)-00-07231,(61)-07-20072,05/28/1982,02:00:10,2267
(20)-11-69287,(29)-01-80639,05/28/1982,02:48:09,291
(25)-28-37736,(73)-09-67372,05/28/1982,06:42:56,296
(22)-05-11648,(79)-07-61960,05/28/1982,07:04:31,7
(46)-22-45391,(36)-03-08003,05/28/1982,18:43:28,192
(76)-12-59842,(53)-08-91301,05/28/1982,21:15:11,306
(73)-08-91691,(34)-05-21328,05/28/1982,22:55:12,1633
(64)-03-20477,(77)-13-43873,05/29/1982,01:32:22,842
(66)-03-00691,(39)-22-58572,05/29/1982,04:56:49,126
(30)-28-01502,(47)-11-07893,05/29/1982,05:20:42,777
(30)-03-57042,(48)-21-31455,05/29/1982,08:54:21,864
(76)-00-79675,(34)-12-01442,05/29/1982,10:44:01,477
(23)-21-78875,(63)-02-73522,05/29/1982,14:17:01,162
(43)-18-12964,(66)-14-62050,05/29/1982,16:55:01,64
(78)-02-35302,(42)-03-17263,05/29/1982,19:53:39,50
(75)-07-92363,(29)-09-12736,05/29/1982,20:55:43,24
(78)-12-47494,(51)-09-65244,05/30/1982,12:50:53,99
(31)-29-45750,(24)-05-23105,05/30/1982,13:51:26,10
(48)-23-68618,(63)-09-03987,05/31/1982,00:15:10,261
(26)-05-90716,(46)-05-68176,05/31/1982,00:25:02,1482
(53)-04-11550,(76)-00-57679,05/31/1982,03:33:48,673
(50)-18-88646,(73)-11-37187,05/31/1982,07:59:38,139
(57)-13-42142,(60)-11-30098,05/31/1982,08:54:02,783
(46)-07-26557,(26)-01-95541,05/31/1982,15:38:52,416
(72)-04-25277,(22)-16-41245,05/31/1982,17:14:49,200
(47)-03-99613,(48)-13-16853,06/01/1982,01:16:34,3312
(54)-16-60697,(20)-28-65697,06/01/1982,02:17:52,70
(75)-07-32867,(43)-00-43079,06/01/1982,08:31:05,6307
(24)-28-06125,(21)-01-21338,06/01/1982,08:42:03,197
(57)-15-42964,(45)-06-43491,06/01/1982,11:13:48,450
(60)-18-41107,(39)-17-85681,06/01/1982,15:33:57,346
(67)-00-75158,(36)-19-18336,06/02/1982,00:11:16,18
(59)-18-53748,(64)-02-60085,06/02/1982,06:39:03,199
(31)-14-80894,(28)-05-36655,06/02/1982,07:37:22,3181
(28)-22-78165,(63)-04-04008,06/02/1982,07:42:40,754
(42)-24-43008,(44)-16-02984,06/02/1982,14:54:01,60
(64)-05-86990,(48)-21-11224,06/02/1982,15:18:34,75
(52)-06-23783,(59)-12-62967,06/02/1982,18:39:31,30
(40)-18-95652,(28)-26-87820,06/02/1982,19:14:27,1339
(32)-07-00028,(45)-00-92562,06/03/1982,02:29:08,289
(54)-01-78450,(74)-04-92189,06/03/1982,03:51:21,1361
(23)-02-11771,(36)-08-53519,06/03/1982,06:28:57,13
(55)-04-11589,(65)-05-61037,06/03/1982,07:06:47,84
(76)-08-98589,(61)-09-83829,06/03/1982,10:36:44,627
(30)-29-80788,(39)-22-13122,06/03/1982,11:12:07,707
(59)-08-72848,(74)-05-60159,06/03/1982,12:32:39,787
(67)-10-98033,(50)-14-27615,06/03/1982,17:05:00,3434
(63)-07-62734,(40)-00-03372,06/04/1982,07:30:04,466
(59)-17-30877,(64)-08-28656,06/04/1982,08:02:22,288
(39)-13-71292,(70)-15-25423,06/04/1982,11:23:02,196
(45)-15-84874,(68)-17-72502,06/04/1982,13:43:25,303
(42)-19-59267,(69)-04-59820,06/04/1982,15:28:49,160
(70)-08-33257,(71)-07-06268,06/04/1982,21:35:30,865
(29)-29-22599,(25)-14-90978,06/05/1982,01:36:20,461
(74)-10-23097,(73)-09-58691,06/05/1982,07:01:59,715
(55)-18-75823,(63)-09-46061,06/05/1982,10:30:36,1523
(38)-07-84119,(23)-04-89547,06/05/1982,11:27:02,87
(53)-04-01782,(71)-09-29122,06/05/1982,11:32:05,612
(72)-12-51050,(44)-22-92367,06/05/1982,15:49:09,3081
(56)-20-90727,(62)-06-60139,06/05/1982,20:42:56,1181
(68)-06-15315,(25)-29-55963,06/05/1982,20:57:43,366
(38)-00-33350,(40)-11-87128,06/05/1982,23:11:29,3187
(49)-06-97283,(37)-06-76955,06/05/1982,23:42:09,1842
(41)-23-06171,(63)-08-84881,06/06/1982,01:48:53,9
(24)-25-32842,(44)-18-29761,06/06/1982,03:38:06,13
(33)-05-43604,(26)-09-23044,06/06/1982,09:56:46,2095
(50)-02-22761,(38)-25-66003,06/06/1982,13:32:10,3347
(52)-14-10586,(62)-02-54401,06/07/1982,02:05:54,880
(73)-11-00401,(66)-02-14840,06/07/1982,12:32:31,24
(47)-03-65671,(66)-03-57660,06/07/1982,16:46:17,6970
(47)-15-82139,(46)-11-68109,06/07/1982,22:12:20,822
(37)-03-62489,(44)-02-22516,06/08/1982,04:47:35,236
(37)-19-55418,(39)-03-46098,06/08/1982,07:43:50,170
(37)-24-08648,(20)-16-85914,06/08/1982,14:35:37,197
(77)-12-27846,(29)-09-46229,06/08/1982,14:52:59,2014
(65)-05-43212,(41)-23-38916,06/08/1982,15:38:07,261
(39)-18-81780,(76)-06-77162,06/08/1982,16:34:51,3272
(68)-11-00119,(43)-23-07690,06/08/1982,18:24:36,716
(69)-00-42649,(23)-24-56619,06/08/1982,19:28:29,521
(78)-10-69019,(47)-05-63515,06/09/1982,04:49:40,185
(23)-11-93752,(72)-04-24658,06/09/1982,06:09:20,57
(60)-10-03259,(23)-15-01485,06/09/1982,17:24:25,250
(53)-03-15832,(45)-04-93939,06/09/1982,17:38:30,301
(23)-22-74026,(55)-14-15537,06/09/1982,19:02:53,517
(74)-11-67492,(41)-16-45138,06/10/1982,01:22:07,2527
(68)-17-90207,(26)-15-43842,06/10/1982,01:42:28,40
(39)-22-76227,(39)-23-00097,06/10/1982,01:47:13,135
(28)-29-22765,(69)-15-72248,06/10/1982,10:46:11,206
(77)-00-53915,(58)-17-21924,06/10/1982,11:01:50,247
(52)-12-12608,(43)-08-99136,06/11/1982,00:08:04,172
(63)-10-30423,(46)-08-20194,06/11/1982,10:05:48,102
(45)-24-51935,(23)-27-44431,06/11/1982,18:08:21,6243
(26)-16-39146,(39)-13-07818,06/11/1982,20:43:40,3359
(46)-11-69633,(51)-14-56812,06/12/1982,03:57:41,146
(58)-00-80025,(41)-00-90423,06/12/1982,16:47:20,70
(65)-12-43066,(71)-16-52499,06/12/1982,18:54:50,2512
(47)-04-74794,(49)-22-89893,06/12/1982,22:58:05,553
(34)-27-89393,(30)-25-22499,06/13/1982,02:25:28,127
(32)-28-45111,(57)-16-90529,06/13/1982,09:36:30,287
(23)-17-62067,(69)-00-72982,06/13/1982,12:41:57,302
(73)-00-92578,(33)-20-38772,06/13/1982,13:05:05,303
(59)-03-82120,(41)-14-96028,06/13/1982,15:41:50,788
(79)-12-61827,(33)-00-82913,06/13/1982,17:01:08,214
(60)-16-23281,(50)-15-80858,06/13/1982,22:10:35,29
(39)-13-69886,(37)-02-88436,06/14/1982,04:02:46,564
(20)-21-48343,(59)-20-90620,06/14/1982,06:41:29,250
(78)-01-43383,(36)-03-92190,06/14/1982,16:07:31,835
(36)-01-29680,(37)-03-61068,06/14/1982,19:24:20,2841
(55)-05-42102,(41)-19-36847,06/14/1982,20:33:03,145
(46)-17-80372,(50)-10-33375,06/14/1982,20:37:21,5417
(30)-02-06396,(51)-08-29269,06/14/1982,22:18:57,87
(39)-22-43628,(46)-15-75225,06/14/1982,23:05:49,258
(42)-02-13572,(25)-12-37578,06/15/1982,00:25:02,34
(45)-04-02230,(46)-15-12830,06/15/1982,02:14:17,776
(78)-03-02948,(52)-19-70781,06/15/1982,04:51:28,95
(33)-24-38882,(32)-29-35626,06/15/1982,11:01:41,409
(53)-07-92776,(35)-15-73497,06/15/1982,13:03:56,816
(39)-03-93807,(28)-26-30431,06/16/1982,00:43:32,253
(25)-24-61700,(46)-05-96077,06/16/1982,02:01:32,266
(78)-02-99798,(76)-01-12469,06/16/1982,03:35:28,56
(51)-01-91368,(61)-14-06093,06/16/1982,11:27:36,425
(66)-08-44719,(56)-01-63712,06/16/1982,13:54:55,291
(65)-11-47758,(43)-12-71294,06/16/1982,15:11:38,150
(59)-20-24875,(40)-11-94283,06/16/1982,19:56:22,1955
(44)-07-54924,(33)-24-37622,06/17/1982,04:11:59,90
(60)-03-23184,(62)-14-04137,06/17/1982,04:41:03,200
(60)-18-11795,(71)-06-60313,06/17/1982,10:50:14,8
(34)-25-32991,(72)-04-23660,06/17/1982,12:15:57,469
(57)-06-54340,(40)-14-21001,06/18/1982,00:32:31,682
(65)-07-51072,(68)-16-93133,06/18/1982,03:00:45,629
(46)-10-35013,(39)-10-99754,06/18/1982,03:13:02,467
(21)-14-38236,(63)-16-01888,06/18/1982,12:49:43,1195
(50)-21-50353,(54)-17-06841,06/18/1982,15:50:59,205
(48)-05-36726,(44)-17-39585,06/18/1982,22:14:56,3047
(71)-07-40549,(26)-26-14965,06/19/1982,00:30:32,113
(50)-08-00634,(37)-14-40619,06/19/1982,07:48:32,696
(67)-13-60712,(68)-10-12570,06/19/1982,09:55:59,2156
(69)-09-91948,(28)-17-17040,06/20/1982,04:49:01,188
(68)-16-39195,(67)-09-34153,06/20/1982,05:24:34,225
(56)-11-40410,(50)-11-76007,06/20/1982,09:22:31,495
(27)-04-82239,(46)-08-10264,06/20/1982,16:22:46,83
(43)-15-91019,(46)-07-57350,06/20/1982,21:53:49,53
(36)-05-74532,(68)-07-91050,06/21/1982,06:34:58,748
(20)-06-80578,(21)-23-85568,06/21/1982,11:56:10,7
(70)-08-71192,(61)-19-54259,06/21/1982,18:47:15,859
(75)-10-56294,(33)-03-34797,06/21/1982,19:06:11,229
(29)-24-49424,(67)-08-38103,06/21/1982,23:01:26,1325
(53)-05-22707,(59)-07-55588,06/21/1982,23:39:02,179
(54)-19-74828,(71)-14-46276,06/22/1982,06:54:11,250
(60)-07-54704,(33)-10-06399,06/22/1982,11:13:27,5
(29)-29-55025,(63)-10-11143,06/22/1982,13:03:59,185
(50)-14-60066,(21)-12-67541,06/22/1982,19:14:44,2858
(21)-08-24717,(51)-06-68180,06/22/1982,20:36:49,48
(65)-16-03576,(54)-17-69842,06/23/1982,05:21:27,44
(72)-07-48652,(54)-19-04358,06/23/1982,06:07:25,160
(34)-11-15414,(44)-12-44792,06/23/1982,09:35:35,264
(71)-03-24555,(65)-17-46648,06/23/1982,09:58:52,210
(60)-15-87713,(67)-13-19194,06/23/1982,10:38:37,110
(58)-20-49406,(23)-26-36723,06/23/1982,10:42:08,155
(53)-07-83641,(36)-05-18342,06/23/1982,11:48:21,104
(67)-04-24707,(66)-15-26307,06/23/1982,12:50:56,127
(73)-11-18843,(55)-07-13710,06/23/1982,13:48:49,153
(57)-00-43937,(39)-15-45745,06/23/1982,18:33:28,252
(42)-20-80396,(30)-06-48190,06/23/1982,23:30:35,154
(28)-12-85071,(24)-28-69993,06/24/1982,01:32:41,1780
(62)-05-80646,(22)-18-85235,06/24/1982,01:41:51,129
(43)-25-28582,(47)-04-61455,06/24/1982,03:30:44,4145
(37)-03-50594,(79)-12-37824,06/24/1982,03:30:59,121
(33)-10-22318,(25)-20-43863,06/24/1982,07:05:13,182
(22)-03-08502,(57)-20-96438,06/25/1982,04:09:02,288
(66)-03-84436,(33)-12-51449,06/25/1982,10:15:02,2918
(44)-22-62755,(27)-27-22391,06/25/1982,11:34:40,774
(43)-10-83441,(46)-05-77720,06/25/1982,17:29:27,251
(27)-19-70684,(34)-16-95054,06/25/1982,20:57:06,205
(65)-16-64282,(76)-03-50207,06/26/1982,00:54:23,176
(71)-01-87457,(51)-12-48648,06/26/1982,10:01:03,200
(74)-03-88185,(46)-06-86406,06/26/1982,19:12:20,160
(27)-26-01700,(62)-09-11735,06/26/1982,20:39:49,2153
(56)-15-01926,(59)-07-41463,06/27/1982,03:00:38,803
(50)-18-76744,(64)-14-90029,06/27/1982,04:10:53,283
(32)-22-68822,(55)-12-18545,06/28/1982,03:51:29,2992
(53)-19-37493,(79)-01-95731,06/28/1982,07:11:32,12
(29)-08-83157,(25)-00-53196,06/28/1982,19:12:18,3573
(65)-01-42188,(50)-21-76979,06/28/1982,20:50:18,634
(48)-10-30029,(51)-14-03012,06/29/1982,04:11:50,64
(20)-04-33085,(60)-09-25276,06/29/1982,13:19:49,284
(70)-16-52391,(27)-14-32061,06/29/1982,13:22:21,318
(79)-12-36732,(69)-03-25184,06/29/1982,14:31:06,146
(41)-02-41551,(72)-05-44174,06/29/1982,16:15:01,5229
(69)-01-21306,(27)-18-10085,06/30/1982,02:17:24,88
(62)-01-57528,(59)-14-37138,06/30/1982,02:23:50,145
(68)-06-74234,(54)-15-50168,06/30/1982,05:14:11,212
(24)-06-31779,(50)-15-73364,06/30/1982,10:30:27,358
(38)-00-50167,(33)-12-54400,06/30/1982,15:24:56,868
(66)-01-02938,(56)-18-40853,06/30/1982,15:45:35,4175
(53)-13-78840,(39)-06-91594,06/30/1982,20:12:00,718
(33)-06-07080,(79)-11-81571,06/30/1982,22:45:49,840
(40)-14-20831,(61)-08-65197,07/01/1982,03:45:21,2029
(47)-10-26395,(75)-08-33535,07/01/1982,08:21:02,898
(67)-10-64760,(29)-21-51865,07/01/1982,10:29:23,91
(59)-14-16262,(30)-05-55883,07/01/1982,15:28:52,508
(69)-12-34889,(68)-15-39592,07/02/1982,03:21:21,540
(53)-11-23165,(69)-03-33164,07/02/1982,09:22:54,137
(33)-18-95878,(46)-18-86497,07/02/1982,12:08:36,226
(61)-14-05638,(60)-19-30585,07/02/1982,16:32:34,1937
(35)-14-76760,(27)-29-42565,07/02/1982,21:01:51,15
(67)-12-35006,(26)-09-66474,07/02/1982,22:48:17,2703
(37)-07-86379,(49)-02-38040,07/03/1982,07:57:27,30
(68)-06-66492,(63)-01-77769,07/03/1982,17:13:58,71
(54)-08-32781,(58)-06-80662,07/03/1982,19:43:34,819
(20)-06-57496,(26)-04-83733,07/03/1982,20:30:06,10
(78)-04-91819,(46)-20-12146,07/03/1982,23:11:28,279
(61)-03-91536,(37)-08-92325,07/04/1982,01:59:58,190
(57)-01-53968,(35)-08-34431,07/04/1982,03:06:21,353
(21)-12-22296,(25)-15-97826,07/04/1982,03:35:05,244
(52)-14-96386,(39)-08-98657,07/04/1982,03:52:08,590
(61)-13-32963,(67)-12-73942,07/04/1982,04:49:05,104
(54)-03-53781,(57)-19-90214,07/04/1982,05:31:51,1365
(63)-05-91249,(72)-06-59164,07/04/1982,13:52:54,619
(30)-25-01691,(26)-11-55183,07/04/1982,18:46:59,849
(69)-11-68402,(59)-01-67607,07/04/1982,20:20:58,782
(24)-28-98596,(43)-13-51289,07/05/1982,06:38:13,192
(27)-20-65257,(75)-14-54988,07/05/1982,07:21:03,153
(65)-05-08451,(47)-16-47952,07/06/1982,00:48:08,215
(63)-06-32848,(47)-09-45571,07/06/1982,04:12:44,91
(74)-06-28184,(52)-21-47587,07/06/1982,11:17:37,580
(71)-08-41577,(36)-12-24111,07/06/1982,20:03:23,887
(25)-10-95948,(42)-03-98025,07/07/1982,01:58:15,3036
(20)-04-18709,(55)-20-03224,07/07/1982,06:32:37,236
(27)-18-32616,(24)-21-26499,07/07/1982,06:59:10,577
(55)-14-57120,(71)-10-11353,07/07/1982,08:48:41,208
(24)-01-03728,(79)-12-62179,07/07/1982,12:27:28,192
(79)-06-99006,(41)-04-62640,07/07/1982,13:54:51,58
(25)-07-01749,(51)-22-43782,07/07/1982,15:33:55,651
(39)-04-88344,(71)-13-03381,07/07/1982,19:18:32,821
(56)-12-23765,(37)-23-05040,07/07/1982,20:56:48,785
(24)-30-52253,(67)-04-83831,07/07/1982,22:20:49,578
(24)-08-75400,(68)-10-80155,07/07/1982,23:22:53,588
(57)-13-37458,(21)-14-12544,07/08/1982,02:57:33,806
(58)-10-91956,(22)-00-99965,07/08/1982,06:44:15,342
(77)-02-34227,(21)-13-20195,07/08/1982,09:02:25,1165
(72)-12-70901,(70)-05-47778,07/08/1982,14:32:08,107
(64)-08-02771,(57)-14-70446,07/08/1982,22:25:02,124
(26)-04-86953,(52)-09-08026,07/08/1982,22:29:21,3094
(55)-08-82931,(31)-15-23600,07/08/1982,22:30:23,387
(38)-16-66099,(35)-03-11144,07/08/1982,22:51:13,3300
(46)-08-41977,(52)-01-99769,07/09/1982,09:59:44,226
(36)-10-38622,(70)-14-14342,07/09/1982,11:16:44,729
(69)-09-16918,(74)-12-24762,07/09/1982,12:03:03,758
(38)-11-53995,(26)-00-78194,07/09/1982,18:09:08,839
(21)-25-10089,(35)-25-16167,07/09/1982,20:16:02,533
(35)-26-69022,(21)-21-84968,07/09/1982,21:28:14,271
(53)-20-93667,(64)-17-77313,07/09/1982,21:38:49,14
(74)-08-42201,(29)-19-91197,07/09/1982,22:19:41,234
(68)-08-79029,(36)-09-20512,07/10/1982,02:20:45,298
(45)-10-78980,(65)-14-36120,07/10/1982,04:43:37,163
(62)-18-93485,(27)-20-48942,07/10/1982,09:26:38,392
(54)-12-25169,(68)-06-75181,07/10/1982,10:35:36,1015
(44)-09-00013,(54)-05-33053,07/10/1982,10:41:45,173
(76)-01-73704,(70)-08-07071,07/10/1982,13:58:59,324
(32)-07-40431,(66)-02-19681,07/10/1982,14:35:24,127
(73)-05-43305,(67)-17-59250,07/10/1982,14:48:44,63
(48)-09-19982,(25)-18-72702,07/10/1982,22:12:39,209
(52)-00-18604,(79)-02-98033,07/11/1982,05:20:53,64
(76)-07-54940,(24)-11-61289,07/11/1982,08:45:27,807
(54)-11-20389,(31)-23-92176,07/11/1982,15:53:35,151
(50)-07-81352,(49)-22-53346,07/11/1982,20:07:40,56
(79)-03-33763,(26)-29-34434,07/12/1982,05:56:18,144
(53)-09-25044,(70)-01-52066,07/12/1982,11:48:48,281
(24)-23-56692,(46)-18-12055,07/12/1982,19:18:28,225
(43)-09-09258,(38)-01-12272,07/13/1982,00:33:05,3465
(47)-23-50372,(21)-19-75819,07/13/1982,02:34:25,1346
(58)-08-05208,(33)-12-91309,07/13/1982,02:56:40,258
(73)-08-86591,(58)-01-77410,07/13/1982,06:57:55,152
(42)-24-22620,(79)-12-65457,07/13/1982,14:14:03,851
(31)-24-06127,(49)-16-55322,07/13/1982,16:01:53,45
(67)-02-08153,(73)-06-06371,07/13/1982,17:29:26,15
(49)-15-07498,(33)-08-75605,07/13/1982,23:46:49,53
(31)-13-61141,(58)-16-43031,07/14/1982,01:21:12,716
(26)-19-34724,(69)-13-63816,07/14/1982,04:18:34,3089
(48)-18-52873,(75)-11-09960,07/14/1982,06:01:22,814
(37)-22-03295,(30)-08-02531,07/15/1982,05:59:12,655
(68)-09-05675,(71)-06-76494,07/15/1982,08:37:41,58
(55)-01-84747,(61)-19-50251,07/15/1982,10:38:42,135
(52)-13-68705,(60)-02-04357,07/15/1982,11:12:47,270
(54)-04-81086,(42)-13-17040,07/15/1982,12:28:49,1863
(60)-13-39535,(54)-05-15979,07/16/1982,00:57:47,865
(76)-11-18844,(70)-05-67804,07/16/1982,01:04:29,155
(64)-04-58339,(79)-09-20783,07/16/1982,08:11:41,115
(68)-06-13424,(37)-09-37001,07/16/1982,08:40:13,85
(54)-18-24034,(36)-27-08571,07/16/1982,09:07:16,342
(79)-00-67099,(21)-11-32771,07/16/1982,11:57:34,630
(21)-29-58478,(39)-09-02315,07/16/1982,12:47:54,828
(30)-18-03201,(39)-22-42250,07/16/1982,15:59:28,128
(40)-04-22472,(34)-01-88275,07/16/1982,23:51:13,285
(51)-12-81047,(74)-07-02834,07/17/1982,02:28:45,78
(23)-23-72982,(68)-14-75276,07/17/1982,03:08:17,205
(36)-01-99236,(72)-02-86206,07/17/1982,05:09:26,1764
(69)-13-47995,(73)-04-77025,07/17/1982,06:54:27,1206
(35)-28-18454,(58)-12-23678,07/17/1982,08:32:49,1454
(65)-07-94734,(31)-23-84420,07/17/1982,12:38:48,15
(37)-23-86516,(54)-15-24785,07/18/1982,01:59:19,3174
(32)-21-95850,(74)-00-49196,07/18/1982,02:42:57,1710
(43)-15-31238,(78)-02-11539,07/18/1982,11:39:57,559
(50)-01-90985,(59)-13-94978,07/18/1982,13:34:29,217
(70)-10-62734,(44)-06-27503,07/18/1982,16:19:46,315
(77)-05-60392,(56)-09-81291,07/19/1982,00:59:03,13
(70)-04-86650,(63)-00-55116,07/19/1982,03:21:56,269
(43)-13-66243,(31)-00-97460,07/19/1982,03:27:38,3039
(23)-04-02241,(49)-03-66817,07/19/1982,04:14:11,1702
(76)-14-06992,(51)-22-04689,07/19/1982,08:56:13,2240
(53)-09-13154,(38)-26-42278,07/19/1982,09:55:51,217
(67)-05-35033,(66)-05-63230,07/19/1982,10:25:19,127
(59)-03-49768,(42)-00-18568,07/19/1982,14:03:48,2348
(40)-04-37554,(52)-04-77988,07/19/1982,14:07:46,6
(71)-16-60900,(71)-02-93970,07/20/1982,04:30:31,3223
(40)-01-12411,(61)-05-15359,07/20/1982,05:18:04,46
(72)-09-59048,(43)-04-87123,07/20/1982,06:30:43,1167
(51)-19-18090,(66)-04-61073,07/20/1982,12:40:13,287
(39)-00-75446,(69)-16-80081,07/20/1982,15:08:02,202
(79)-09-84367,(28)-24-15976,07/20/1982,17:02:31,260
(70)-08-83643,(39)-11-96773,07/20/1982,19:28:17,95
(26)-31-42847,(33)-05-43552,07/20/1982,23:49:43,178
(45)-19-05114,(76)-04-46748,07/21/1982,02:57:29,159
(65)-08-94230,(37)-23-29557,07/21/1982,08:38:58,2077
(59)-08-73497,(36)-11-13311,07/21/1982,10:35:33,431
(71)-09-97079,(77)-06-89998,07/22/1982,03:23:45,807
(60)-19-02539,(64)-16-93062,07/22/1982,05:55:52,263
(61)-08-79791,(71)-02-82564,07/22/1982,07:13:03,993
(33)-20-83796,(77)-13-11806,07/22/1982,09:31:36,287
(36)-23-40807,(50)-18-14447,07/22/1982,12:07:51,248
(74)-04-68100,(31)-23-93676,07/22/1982,16:45:44,1634
(69)-00-21073,(69)-14-06508,07/23/1982,18:57:29,124
(54)-21-87386,(79)-07-47137,07/23/1982,21:17:48,178
(61)-07-10658,(20)-09-74885,07/24/1982,04:40:46,131
(50)-23-33240,(74)-15-90055,07/24/1982,06:48:07,410
(37)-19-75602,(49)-19-45784,07/24/1982,15:30:10,410
(59)-13-20304,(21)-16-68708,07/24/1982,15:51:01,2443
(42)-20-53335,(73)-10-50897,07/24/1982,18:46:22,511
(28)-26-52414,(61)-19-81216,07/25/1982,01:45:29,27
(53)-00-47492,(53)-19-45451,07/25/1982,03:07:16,3459
(49)-12-42011,(51)-03-58994,07/25/1982,12:32:08,1315
(40)-10-95617,(21)-12-02014,07/25/1982,12:41:08,595
(21)-26-99126,(51)-00-93671,07/25/1982,15:37:24,239
(53)-13-00132,(67)-05-18157,07/26/1982,00:01:13,452
(76)-05-57896,(58)-10-01302,07/26/1982,03:47:49,553
(31)-28-39071,(20)-18-09218,07/26/1982,07:44:23,315
(42)-18-70918,(23)-05-98497,07/26/1982,09:07:34,730
(33)-22-83690,(57)-01-28220,07/26/1982,09:51:56,1191
(79)-13-52589,(76)-10-20520,07/26/1982,10:09:31,753
(63)-04-38794,(76)-09-78984,07/26/1982,12:18:14,152
(72)-13-76707,(74)-03-28315,07/26/1982,18:57:39,515
(58)-20-68218,(35)-24-93812,07/27/1982,05:10:52,37
(41)-12-27320,(78)-04-61246,07/27/1982,10:42:23,82
(78)-10-70432,(41)-12-13004,07/27/1982,12:51:21,610
(29)-02-19729,(72)-13-23922,07/27/1982,14:29:38,814
(77)-13-38716,(54)-12-41884,07/28/1982,02:44:33,230
(25)-15-21841,(48)-18-18990,07/28/1982,06:37:33,3472
(38)-26-95463,(32)-01-35824,07/28/1982,20:10:56,221
(78)-04-41447,(33)-20-29285,07/29/1982,10:06:25,290
(26)-18-79380,(33)-24-70324,07/29/1982,10:28:52,93
(79)-02-63481,(51)-22-80875,07/30/1982,01:00:51,2506
(72)-08-70618,(58)-06-02834,07/30/1982,03:34:52,147
(74)-08-75020,(34)-17-82634,07/30/1982,09:46:21,629
(64)-18-65474,(52)-05-64945,07/30/1982,11:29:00,161
(31)-23-24721,(34)-20-34447,07/30/1982,12:05:19,2442
(30)-24-43147,(29)-12-67204,07/30/1982,16:34:03,31
(44)-16-79125,(77)-14-73180,07/30/1982,18:24:24,92
(67)-11-38503,(36)-26-01790,07/31/1982,00:59:33,1512
(64)-15-61864,(67)-09-05628,07/31/1982,01:31:32,272
(55)-15-74615,(37)-23-09048,07/31/1982,08:46:48,254
(41)-05-97389,(55)-08-66831,07/31/1982,15:37:52,3157
(40)-19-22263,(59)-10-82869,07/31/1982,20:38:25,1916
(36)-20-45485,(71)-05-13489,08/01/1982,05:07:13,33
(38)-22-89274,(65)-15-44425,08/01/1982,11:41:51,599
(49)-18-60486,(61)-01-02208,08/02/1982,01:57:55,487
(72)-02-26000,(22)-18-14297,08/02/1982,04:36:38,78
(40)-16-06598,(23)-26-71022,08/02/1982,08:57:50,306
(59)-10-52970,(46)-16-16459,08/02/1982,10:23:50,1413
(37)-10-99169,(61)-15-50063,08/02/1982,13:19:36,1842
(54)-15-09156,(76)-10-59672,08/02/1982,18:52:26,150
(28)-04-83085,(30)-28-81199,08/02/1982,20:10:24,1834
(57)-12-72327,(28)-20-22309,08/03/1982,06:37:52,1811
(67)-12-23975,(50)-13-06147,08/03/1982,08:47:07,247
(46)-18-07587,(66)-07-81434,08/03/1982,18:35:24,112
(22)-25-61998,(45)-20-91285,08/03/1982,19:50:35,1992
(69)-01-68985,(25)-02-04847,08/03/1982,20:39:17,144
(31)-11-40147,(21)-04-61641,08/04/1982,04:20:48,825
(24)-03-74675,(50)-08-72269,08/04/1982,10:32:13,809
(65)-04-93640,(30)-04-25306,08/04/1982,17:42:28,171
(29)-23-82693,(56)-12-36368,08/04/1982,17:48:05,292
(39)-02-85396,(64)-12-48578,08/04/1982,22:33:16,44
(51)-17-50936,(33)-12-46581,08/04/1982,23:54:32,739
(36)-08-55579,(71)-03-28751,08/05/1982,02:20:12,1193
(46)-11-16297,(53)-12-65811,08/05/1982,06:01:42,394
(63)-17-59407,(67)-11-01066,08/05/1982,15:06:29,216
(51)-22-23558,(32)-06-31814,08/06/1982,20:47:13,138
(78)-08-59248,(42)-13-02252,08/06/1982,22:51:28,29
(31)-24-70804,(65)-17-46648,08/07/1982,01:22:32,51
(39)-01-61645,(63)-16-89906,08/07/1982,05:22:17,733
(63)-06-09851,(38)-04-98184,08/07/1982,06:10:44,205
(39)-22-87105,(61)-15-75754,08/07/1982,07:05:41,127
(41)-01-00697,(35)-16-56781,08/07/1982,12:34:56,135
(41)-01-26047,(48)-12-15757,08/07/1982,13:51:26,96
(46)-10-53167,(76)-04-19170,08/07/1982,15:19:09,662
(70)-10-48449,(56)-07-38149,08/07/1982,21:03:17,99
(70)-01-25737,(48)-00-92314,08/08/1982,05:08:11,1685
(52)-04-83442,(21)-26-60168,08/08/1982,11:49:50,85
(23)-24-31056,(37)-12-05816,08/08/1982,17:18:14,872
(65)-18-23620,(40)-09-12355,08/08/1982,22:19:15,3225
(64)-00-62335,(26)-17-26447,08/09/1982,00:07:55,1850
(34)-26-36377,(23)-19-79964,08/09/1982,04:22:00,253
(39)-15-03773,(59)-12-38022,08/09/1982,10:28:29,2088
(70)-04-38516,(73)-14-43300,08/09/1982,14:45:58,247
(30)-16-52810,(66)-10-45786,08/09/1982,18:14:09,1703
(62)-01-36763,(32)-08-55475,08/10/1982,10:49:13,262
(79)-03-66778,(68)-03-87954,08/10/1982,11:19:35,6
(21)-10-39222,(59)-16-47342,08/10/1982,20:11:55,3134
(54)-10-95402,(24)-08-64238,08/11/1982,05:32:39,219
(71)-00-58538,(36)-13-16031,08/11/1982,10:37:53,93
(66)-10-87027,(36)-00-06412,08/11/1982,13:57:28,1521
(45)-05-08224,(59)-02-66795,08/11/1982,20:03:39,502
(47)-20-55859,(37)-10-73361,08/11/1982,23:26:53,2375
(40)-00-56074,(53)-06-26220,08/12/1982,02:49:45,3119
(49)-23-38229,(20)-13-51818,08/12/1982,13:12:04,184
(52)-16-98467,(39)-26-99224,08/12/1982,13:23:41,297
(28)-01-35302,(54)-20-64093,08/12/1982,22:32:19,136
(61)-04-26049,(29)-21-02729,08/13/1982,06:26:50,540
(46)-16-15483,(57)-11-52648,08/13/1982,06:50:02,1185
(55)-08-61538,(63)-04-02362,08/13/1982,08:19:11,100
(39)-16-73989,(55)-19-79461,08/13/1982,13:13:46,71
(57)-20-07911,(31)-26-47340,08/13/1982,20:05:18,2311
(63)-07-04908,(49)-11-43864,08/13/1982,21:52:15,658
(75)-02-62418,(52)-09-76194,08/14/1982,01:41:23,94
(65)-13-78924,(25)-22-28240,08/14/1982,02:45:18,2177
(73)-11-37744,(27)-29-57567,08/14/1982,03:39:23,542
(68)-04-41141,(56)-06-06657,08/14/1982,07:58:30,138
(41)-12-55938,(40)-25-81372,08/14/1982,10:45:17,653
(62)-07-10736,(30)-11-89541,08/14/1982,12:39:36,622
(67)-12-35897,(59)-10-92128,08/14/1982,13:20:39,117
(28)-14-94032,(23)-28-29996,08/14/1982,15:11:50,2422
(74)-09-07035,(41)-17-71474,08/14/1982,22:58:36,780
(43)-23-01571,(43)-22-77320,08/15/1982,00:29:37,1869
(74)-13-11045,(20)-12-46771,08/15/1982,01:19:23,181
(28)-11-85253,(27)-07-80711,08/15/1982,04:44:23,185
(20)-23-09297,(76)-03-57594,08/15/1982,05:56:52,271
(41)-24-77045,(56)-01-87762,08/15/1982,07:22:58,836
(73)-11-63987,(66)-06-92854,08/15/1982,11:02:13,3214
(42)-03-69700,(45)-24-40883,08/15/1982,16:36:25,157
(55)-07-02589,(47)-05-47181,08/15/1982,18:35:49,120
(24)-16-18046,(33)-04-07360,08/15/1982,21:17:16,2567
(39)-25-74725,(49)-13-61890,08/16/1982,00:01:38,159
(62)-18-51077,(23)-23-23786,08/16/1982,02:50:35,2251
(45)-18-58254,(34)-17-24225,08/16/1982,06:30:07,505
(77)-01-88874,(49)-22-90938,08/16/1982,06:38:57,3326
(54)-14-82485,(75)-05-06321,08/16/1982,11:17:51,3411
(31)-00-31738,(53)-20-50864,08/16/1982,11:21:29,257
(78)-07-87504,(75)-10-35837,08/16/1982,17:16:40,201
(72)-01-66551,(49)-13-33972,08/16/1982,18:15:07,1446
(42)-14-77670,(70)-03-49444,08/16/1982,22:46:39,1530
(24)-16-01871,(55)-19-32300,08/16/1982,23:24:47,1596
(36)-23-19657,(59)-16-71627,08/17/1982,12:35:25,28
(23)-22-79101,(29)-06-83946,08/17/1982,18:37:04,134
(51)-07-17628,(53)-16-10903,08/18/1982,00:32:44,4526
(57)-05-20380,(63)-10-19820,08/18/1982,07:19:56,374
(37)-07-77370,(71)-12-21863,08/18/1982,12:34:40,41
(40)-21-54103,(52)-10-24158,08/18/1982,14:17:54,185
(24)-29-24176,(71)-03-30157,08/18/1982,14:44:10,427
(23)-06-46444,(72)-00-34784,08/18/1982,19:54:08,433
(58)-09-50158,(65)-08-50002,08/18/1982,21:57:59,658
(64)-10-18019,(63)-15-78552,08/19/1982,06:45:57,2372
(66)-00-65086,(23)-25-30116,08/19/1982,14:14:43,254
(63)-12-93068,(22)-15-20633,08/19/1982,18:48:20,114
(74)-02-98809,(66)-03-87565,08/20/1982,05:33:19,33
(49)-12-92737,(59)-20-85391,08/20/1982,06:22:46,588
(41)-15-48625,(68)-01-04822,08/20/1982,22:13:10,178
(44)-09-87438,(20)-17-89429,08/21/1982,02:16:07,284
(40)-00-06651,(55)-11-47466,08/21/1982,02:48:26,285
(46)-16-15483,(60)-14-69704,08/21/1982,08:01:11,115
(77)-04-15654,(45)-24-58674,08/21/1982,16:45:34,202
(79)-07-95041,(47)-14-07134,08/22/1982,06:55:58,2230
(23)-13-56374,(24)-06-94312,08/22/1982,09:45:56,94
(34)-28-16434,(76)-14-25264,08/22/1982,23:59:35,314
(57)-12-57066,(26)-05-89661,08/23/1982,02:32:01,661
(70)-16-47021,(53)-17-46472,08/23/1982,05:12:02,212
(26)-11-00049,(68)-12-64101,08/23/1982,07:46:54,240
(68)-11-69396,(58)-09-18600,08/23/1982,13:40:13,655
(37)-11-40874,(65)-09-77757,08/23/1982,17:37:45,143
(49)-21-77280,(48)-14-49976,08/23/1982,17:59:04,398
(74)-03-85639,(31)-20-96609,08/23/1982,19:23:48,472
(43)-13-42131,(60)-18-61910,08/23/1982,20:01:04,283
(57)-16-85152,(53)-15-83753,08/23/1982,20:31:33,535
(30)-00-09008,(73)-03-89802,08/23/1982,22:18:01,5869
(58)-06-28981,(32)-20-17674,08/23/1982,23:44:16,332
(78)-02-94421,(46)-11-75442,08/24/1982,09:02:24,751
(76)-04-73436,(39)-09-60049,08/24/1982,12:54:50,604
(45)-15-11441,(38)-06-28293,08/24/1982,19:27:55,466
(63)-02-49921,(59)-19-40403,08/24/1982,22:27:51,393
(22)-28-02283,(41)-19-19314,08/25/1982,00:48:11,171
(52)-00-12544,(72)-08-49189,08/25/1982,01:30:33,391
(79)-09-48407,(55)-09-80526,08/25/1982,04:18:48,3588
(68)-08-68567,(78)-04-44537,08/25/1982,08:20:28,823
(29)-05-97833,(59)-12-31027,08/25/1982,09:09:48,195
(46)-08-01590,(50)-01-32556,08/25/1982,13:00:52,524
(79)-03-83992,(48)-17-00400,08/25/1982,14:52:22,899
(58)-12-98522,(77)-02-75644,08/25/1982,16:47:50,863
(62)-07-35010,(74)-00-06297,08/25/1982,22:17:21,2720
(54)-14-38806,(49)-23-09555,08/25/1982,23:48:55,1810
(54)-11-84198,(66)-07-24916,08/26/1982,02:47:25,3562
(28)-27-69948,(36)-23-87383,08/26/1982,08:17:30,308
(66)-08-91806,(38)-21-00740,08/26/1982,17:47:02,895
(33)-21-27599,(30)-20-72318,08/26/1982,17:55:48,572
(40)-16-59688,(49)-03-18385,08/26/1982,18:55:07,47
(23)-01-43492,(36)-12-25323,08/27/1982,03:31:47,70
(41)-22-01178,(71)-10-91994,08/27/1982,08:49:51,125
(74)-03-77461,(70)-16-33209,08/27/1982,09:05:26,30
(62)-02-64581,(49)-21-77729,08/27/1982,12:03:46,201
(59)-17-04508,(29)-23-60956,08/27/1982,12:50:55,279
(22)-17-38899,(33)-08-82521,08/27/1982,13:15:49,207
(59)-03-94339,(23)-02-74664,08/27/1982,18:56:40,2965
(37)-09-32627,(23)-21-45425,08/28/1982,14:45:11,2328
(65)-16-99990,(22)-14-72584,08/28/1982,15:03:35,2511
(56)-21-24560,(66)-06-78358,08/28/1982,15:17:42,177
(71)-07-24797,(24)-28-53069,08/28/1982,18:51:56,233
(68)-12-59753,(24)-14-86114,08/29/1982,01:03:08,1094
(29)-09-43357,(27)-30-11876,08/29/1982,01:10:46,2532
(36)-27-04245,(54)-03-28853,08/29/1982,02:10:57,566
(73)-12-76568,(70)-05-31477,08/29/1982,04:01:19,2192
(22)-05-09833,(67)-12-74464,08/29/1982,06:50:54,141
(30)-11-46139,(73)-05-20814,08/29/1982,23:04:54,133
(34)-10-66856,(41)-04-31575,08/30/1982,03:29:33,782
(59)-15-40335,(65)-03-31460,08/30/1982,07:29:52,749
(60)-16-50391,(67)-12-98481,08/30/1982,11:59:26,105
(41)-15-76657,(69)-07-86800,08/30/1982,15:41:38,659
(54)-04-33410,(70)-16-21279,08/30/1982,17:22:54,582
(33)-09-66189,(38)-04-79455,08/31/1982,04:42:17,3372
(70)-09-31543,(78)-10-85422,08/31/1982,08:14:21,831
(66)-12-40690,(25)-14-14067,08/31/1982,11:25:09,291
(39)-10-05323,(42)-17-69324,08/31/1982,13:11:18,774
(33)-16-39706,(21)-11-89270,08/31/1982,16:50:50,18
(79)-04-02446,(20)-19-47033,09/01/1982,01:35:37,53
(60)-05-61430,(62)-02-41739,09/01/1982,04:00:10,835
(64)-14-70308,(62)-19-73414,09/01/1982,04:05:03,207
(36)-13-34637,(44)-03-52582,09/01/1982,17:27:35,531
(36)-16-02168,(56)-20-09240,09/02/1982,05:27:16,349
(23)-11-96265,(54)-09-94949,09/02/1982,07:18:00,174
(20)-17-00528,(77)-14-64307,09/02/1982,11:50:53,821
(63)-03-27187,(77)-13-89103,09/02/1982,13:32:43,1292
(49)-04-20656,(62)-10-60140,09/02/1982,13:56:51,207
(35)-20-25554,(30)-01-46755,09/02/1982,15:15:21,635
(71)-10-68754,(53)-00-54350,09/02/1982,18:37:55,2197
(29)-21-45205,(20)-09-67580,09/02/1982,22:21:13,250
(47)-09-58395,(58)-02-52410,09/02/1982,22:40:55,76
(42)-25-29864,(59)-10-75691,09/02/1982,23:35:05,45
(22)-25-61998,(73)-06-27148,09/03/1982,07:51:42,148
(29)-28-69976,(52)-13-10626,09/03/1982,12:42:05,170
(50)-21-04948,(24)-14-44189,09/03/1982,16:46:32,279
(74)-03-48851,(43)-11-28781,09/03/1982,20:45:19,629
(60)-07-28438,(61)-03-96899,09/03/1982,21:39:40,7
(68)-01-13563,(45)-05-88385,09/04/1982,10:27:34,1873
(40)-17-66610,(21)-05-13086,09/04/1982,10:52:30,210
(46)-23-47172,(34)-28-44848,09/04/1982,23:17:45,61
(60)-14-93034,(33)-07-71499,09/04/1982,23:48:00,415
(75)-01-18167,(28)-27-69298,09/05/1982,02:44:12,3423
(54)-09-32603,(69)-07-16775,09/05/1982,12:19:39,298
(56)-09-95590,(49)-19-79858,09/05/1982,15:45:59,791
(40)-26-10436,(40)-26-60580,09/05/1982,16:16:43,76
(73)-00-31674,(39)-12-70898,09/05/1982,18:34:46,252
(67)-07-62336,(32)-09-05246,09/05/1982,22:37:03,105
(75)-12-09814,(56)-02-42950,09/07/1982,06:03:39,1763
(62)-03-65044,(43)-02-80859,09/07/1982,08:42:10,606
(52)-10-61605,(34)-11-18962,09/07/1982,09:49:46,186
(33)-05-92739,(54)-04-10817,09/07/1982,11:49:38,35
(55)-06-18732,(69)-10-77342,09/07/1982,16:27:58,749
(61)-02-87776,(37)-22-57893,09/07/1982,21:47:01,173
(46)-15-98128,(58)-03-64860,09/07/1982,22:19:04,2466
(54)-12-19001,(63)-10-33334,09/08/1982,08:34:20,203
(66)-10-00473,(38)-13-05060,09/09/1982,00:00:29,433
(56)-13-62957,(73)-15-02072,09/09/1982,02:34:09,3286
(53)-07-79158,(38)-01-40669,09/09/1982,03:23:43,536
(65)-15-34518,(31)-14-85132,09/09/1982,05:51:02,182
(78)-05-06047,(34)-02-83647,09/09/1982,06:56:31,185
(77)-07-42161,(57)-03-97401,09/09/1982,15:09:47,85
(55)-15-60052,(39)-07-78531,09/09/1982,15:23:51,94
(33)-01-14640,(45)-17-98915,09/09/1982,16:32:38,24
(43)-09-04859,(21)-26-40151,09/09/1982,16:40:39,1708
(70)-00-86007,(79)-08-05122,09/09/1982,19:42:46,3444
(44)-16-63651,(24)-08-40183,09/09/1982,21:13:29,652
(22)-11-49067,(69)-12-54684,09/09/1982,22:10:03,461
(68)-15-91930,(23)-21-09644,09/10/1982,00:53:31,180
(77)-09-61194,(52)-01-95426,09/10/1982,01:16:26,735
(24)-14-52052,(61)-01-01125,09/10/1982,12:08:28,182
(57)-10-92658,(52)-03-34166,09/10/1982,12:28:45,350
(48)-15-43364,(50)-00-77421,09/10/1982,13:02:44,186
(73)-10-34601,(49)-11-41554,09/10/1982,14:16:50,96
(23)-24-50158,(53)-05-03820,09/11/1982,00:51:56,796
(65)-07-64078,(26)-21-37906,09/11/1982,09:18:12,2340
(79)-10-00895,(29)-27-65833,09/11/1982,11:19:09,3287
(58)-03-62373,(44)-06-19179,09/12/1982,00:16:42,851
(24)-27-33817,(63)-12-70153,09/12/1982,00:21:18,300
(36)-16-44857,(77)-02-82344,09/12/1982,06:07:58,797
(65)-00-80791,(70)-14-83467,09/12/1982,12:31:55,193
(28)-20-06042,(72)-14-25282,09/13/1982,05:32:40,115
(55)-08-96998,(62)-01-93538,09/13/1982,13:19:07,511
(35)-05-83922,(45)-22-96234,09/13/1982,14:19:14,382
(60)-07-31489,(41)-19-03049,09/13/1982,16:24:27,195
(62)-03-06891,(64)-13-23867,09/13/1982,18:59:50,43
(45)-05-86396,(52)-01-64786,09/14/1982,00:58:19,76
(64)-05-65263,(21)-02-42895,09/14/1982,04:57:13,807
(24)-17-90096,(30)-20-11078,09/14/1982,05:00:41,43
(66)-09-40607,(79)-03-38060,09/14/1982,07:19:59,342
(46)-13-74921,(61)-14-46664,09/14/1982,08:11:03,271
(73)-07-90904,(23)-16-11880,09/14/1982,10:17:44,368
(78)-02-43478,(55)-18-47093,09/14/1982,14:40:34,506
(21)-05-19980,(27)-18-77484,09/15/1982,01:34:26,754
(64)-08-66317,(26)-31-50040,09/15/1982,05:51:07,626
(30)-19-23905,(49)-21-45450,09/15/1982,10:32:46,991
(44)-02-10975,(67)-12-42773,09/15/1982,10:58:01,90
(62)-02-74058,(63)-00-63359,09/15/1982,16:22:39,868
(50)-03-86467,(60)-05-84198,09/15/1982,17:36:59,1474
(38)-12-26949,(63)-08-31697,09/15/1982,20:06:39,413
(34)-24-75857,(65)-02-08144,09/15/1982,22:14:20,23
(70)-11-79152,(47)-00-89726,09/15/1982,22:22:58,984
(22)-01-68903,(57)-08-78315,09/16/1982,03:18:07,70
(44)-22-56398,(54)-15-72943,09/16/1982,10:56:44,44
(42)-20-80396,(57)-14-40940,09/16/1982,19:53:23,22
(28)-24-93891,(37)-08-04661,09/16/1982,20:39:42,120
(39)-02-45372,(78)-00-13114,09/16/1982,22:05:13,242
(59)-10-71383,(72)-09-34716,09/16/1982,22:19:55,6
(25)-24-57123,(46)-13-09799,09/17/1982,02:57:38,11
(76)-03-19127,(29)-30-93744,09/17/1982,03:30:51,223
(26)-13-67215,(52)-06-16479,09/17/1982,04:19:47,543
(67)-05-08844,(24)-28-58963,09/17/1982,05:35:57,653
(33)-06-37326,(68)-09-36900,09/17/1982,08:06:28,183
(50)-12-51694,(66)-02-40291,09/17/1982,09:57:33,2643
(20)-20-61789,(29)-06-93929,09/17/1982,11:58:49,823
(73)-09-87100,(59)-07-95069,09/17/1982,23:03:28,2728
(72)-03-88274,(33)-10-22318,09/18/1982,00:54:09,2787
(66)-12-61280,(21)-10-49172,09/18/1982,05:11:48,767
(67)-02-62690,(75)-14-66751,09/18/1982,10:49:48,318
(48)-09-52171,(58)-10-38092,09/18/1982,18:51:24,486
(44)-17-39585,(68)-15-19702,09/18/1982,20:06:39,685
(45)-14-40056,(70)-06-34049,09/19/1982,04:10:18,68
(61)-11-01756,(49)-12-16918,09/19/1982,09:10:48,262
(48)-04-34071,(25)-24-59614,09/19/1982,12:38:38,197
(55)-08-72193,(56)-14-31771,09/19/1982,13:39:29,119
(59)-20-56269,(20)-10-29536,09/19/1982,20:01:23,351
(76)-10-65865,(62)-01-70474,09/20/1982,03:14:32,143
(57)-19-57948,(42)-08-22307,09/20/1982,09:56:29,212
(52)-05-26869,(69)-16-98019,09/20/1982,10:34:02,491
(75)-08-24916,(41)-17-62130,09/20/1982,11:41:45,909
(36)-00-27867,(74)-14-49937,09/20/1982,15:26:22,157
(34)-21-86157,(37)-10-22942,09/20/1982,21:00:35,1869
(54)-15-72279,(63)-13-02545,09/20/1982,22:31:34,407
(33)-22-32582,(33)-09-56470,09/21/1982,05:49:14,588
(39)-00-94663,(33)-21-68243,09/21/1982,07:12:16,2036
(25)-25-97890,(44)-07-23474,09/21/1982,11:39:16,183
(78)-07-44548,(69)-07-70424,09/21/1982,11:59:44,437
(71)-08-65823,(53)-07-68767,09/21/1982,13:11:00,795
(56)-04-30069,(39)-16-31228,09/21/1982,13:19:07,1529
(60)-17-13314,(51)-04-13633,09/22/1982,02:43:02,123
(54)-06-60338,(58)-17-68745,09/22/1982,08:36:14,42
(24)-28-31344,(58)-19-68514,09/22/1982,08:42:56,298
(66)-13-15149,(51)-15-18826,09/22/1982,08:46:50,711
(64)-18-32018,(44)-05-08750,09/22/1982,13:50:43,125
(58)-00-63300,(72)-00-80921,09/22/1982,21:21:31,284
(24)-27-17854,(51)-06-79638,09/22/1982,23:28:15,106
(59)-05-40668,(42)-22-33549,09/23/1982,00:41:42,81
(75)-04-65048,(49)-22-39507,09/23/1982,05:02:53,727
(63)-03-42118,(27)-17-97043,09/23/1982,22:44:22,87
(36)-02-13070,(63)-17-50942,09/24/1982,00:55:08,51
(59)-07-56743,(62)-16-19869,09/24/1982,08:51:05,2340
(42)-02-92289,(77)-09-73408,09/24/1982,18:33:21,65
(60)-00-69534,(43)-09-45272,09/24/1982,20:02:03,3502
(55)-17-64127,(36)-16-42133,09/24/1982,20:10:25,224
(46)-06-65863,(66)-08-41927,09/24/1982,23:39:51,3280
(38)-00-05410,(29)-02-75902,09/24/1982,23:42:02,193
(62)-01-17365,(25)-31-69645,09/25/1982,00:52:23,128
(55)-11-51903,(28)-16-59130,09/25/1982,02:12:24,1322
(25)-29-42234,(44)-04-26304,09/25/1982,12:15:55,1658
(33)-11-85518,(69)-02-72682,09/25/1982,13:07:51,648
(30)-20-95972,(37)-24-21107,09/25/1982,23:52:36,170
(74)-12-45667,(36)-04-34437,09/26/1982,00:30:14,131
(32)-11-07947,(49)-09-04509,09/26/1982,01:30:42,176
(24)-08-12424,(20)-32-94688,09/26/1982,02:33:40,363
(39)-07-71279,(42)-04-16107,09/26/1982,06:09:55,232
(47)-01-39328,(53)-15-95172,09/26/1982,07:20:40,3056
(74)-13-98579,(31)-16-31795,09/26/1982,14:41:24,357
(76)-05-57896,(29)-26-52568,09/26/1982,17:16:17,58
(65)-12-16942,(47)-13-36568,09/27/1982,03:43:39,1131
(49)-17-04350,(55)-04-35761,09/27/1982,05:24:03,382
(79)-11-26350,(23)-19-53237,09/27/1982,08:01:33,73
(78)-13-48150,(43)-19-36720,09/27/1982,08:36:06,2596
(34)-27-13041,(25)-22-99561,09/27/1982,16:35:52,806
(54)-20-64849,(20)-16-14776,09/27/1982,20:55:49,466
(22)-21-57952,(55)-02-91454,09/27/1982,23:09:51,6026
(78)-07-17525,(58)-12-12153,09/28/1982,03:01:27,31
(59)-17-12914,(32)-23-06772,09/28/1982,05:12:37,884
(71)-14-52816,(66)-01-17695,09/28/1982,06:55:10,679
(66)-01-95596,(62)-19-47169,09/28/1982,09:58:49,2501
(68)-08-59223,(23)-05-17424,09/29/1982,11:15:23,2078
(32)-15-49968,(42)-13-30391,09/29/1982,13:50:13,594
(39)-18-36529,(38)-03-62814,09/29/1982,15:20:51,258
(51)-22-13100,(58)-20-88431,09/29/1982,18:44:20,287
(61)-04-65702,(44)-10-96285,09/29/1982,20:41:56,480
(25)-17-17059,(57)-12-37011,09/29/1982,22:25:43,161
(59)-18-64237,(33)-05-64127,09/29/1982,23:05:22,3454
(50)-14-09702,(78)-11-56422,09/30/1982,01:20:07,740
(27)-09-85277,(41)-25-54863,09/30/1982,04:27:14,326
(47)-24-23160,(65)-00-11737,09/30/1982,13:05:11,228
(46)-00-68287,(70)-02-98834,09/30/1982,16:35:17,329
(46)-10-04340,(35)-12-33837,09/30/1982,19:21:48,785
(29)-13-47521,(75)-06-26123,10/01/1982,04:53:08,732
(46)-07-14165,(73)-07-57084,10/01/1982,06:11:59,664
(69)-06-29025,(35)-10-67117,10/01/1982,10:57:07,350
(50)-07-73178,(50)-10-42754,10/01/1982,13:28:05,253
(31)-17-61809,(32)-14-32905,10/01/1982,14:54:10,1644
(75)-02-31721,(27)-30-37759,10/01/1982,16:27:07,396
(64)-01-06236,(23)-32-32109,10/01/1982,19:00:25,45
(23)-04-61841,(43)-15-93777,10/02/1982,03:59:00,2981
(51)-08-03456,(28)-11-80767,10/02/1982,09:29:34,1970
(24)-00-92093,(60)-14-14335,10/02/1982,18:06:59,1511
(65)-13-44090,(33)-24-56076,10/02/1982,20:29:42,716
(57)-17-81978,(75)-00-97394,10/02/1982,21:26:00,569
(38)-04-93284,(61)-03-40439,10/03/1982,09:50:54,383
(51)-06-94960,(37)-11-35450,10/03/1982,10:23:59,1854
(22)-26-50017,(75)-00-12564,10/03/1982,10:37:26,175
(74)-14-45363,(24)-17-30322,10/03/1982,12:49:26,219
(62)-16-06527,(32)-22-47493,10/03/1982,20:06:36,130
(60)-17-60074,(43)-25-37627,10/03/1982,20:49:17,2312
(48)-21-31129,(62)-13-22770,10/04/1982,00:11:23,593
(50)-03-68321,(47)-04-09382,10/04/1982,00:39:31,358
(51)-19-33763,(24)-10-59509,10/04/1982,05:28:12,2570
(28)-01-50883,(64)-03-96273,10/04/1982,08:48:02,737
(67)-17-00853,(61)-08-79791,10/04/1982,19:04:24,464
(59)-17-67473,(28)-15-74369,10/04/1982,20:49:42,218
(20)-11-63332,(31)-11-22830,10/04/1982,23:15:21,33
(52)-06-87412,(70)-12-32410,10/05/1982,02:39:22,244
(68)-01-87330,(38)-00-13277,10/05/1982,02:54:16,3442
(62)-12-72940,(21)-15-56957,10/05/1982,07:20:41,3125
(56)-00-72143,(51)-03-45552,10/05/1982,16:49:28,182
(31)-16-18537,(21)-19-86593,10/05/1982,17:45:29,578
(24)-11-27921,(52)-22-37626,10/05/1982,23:03:44,277
(27)-09-50345,(56)-17-50030,10/05/1982,23:04:47,256
(78)-09-52223,(65)-06-86113,10/06/1982,02:30:30,3013
(32)-11-43595,(73)-09-81011,10/06/1982,03:08:44,380
(58)-04-36124,(52)-07-66581,10/06/1982,10:29:53,204
(25)-20-12979,(78)-06-32494,10/06/1982,12:23:00,499
(74)-03-79198,(69)-09-12713,10/06/1982,21:50:54,596
(55)-07-13893,(68)-02-58811,10/06/1982,23:28:28,58
(42)-21-64013,(41)-13-45687,10/07/1982,06:09:27,2546
(23)-31-40897,(23)-07-91914,10/07/1982,14:15:33,456
(59)-11-92779,(51)-13-72031,10/07/1982,17:50:49,229
(41)-03-41890,(61)-14-61111,10/07/1982,19:43:29,730
(60)-18-24913,(73)-09-20334,10/08/1982,00:47:36,455
(40)-12-64147,(43)-03-36466,10/08/1982,07:43:39,372
(41)-08-00270,(73)-09-80069,10/08/1982,11:22:46,175
(62)-10-94124,(56)-13-41058,10/08/1982,13:12:04,496
(59)-01-96382,(79)-13-08296,10/08/1982,13:42:33,519
(53)-21-93679,(56)-17-80350,10/08/1982,21:10:48,90
(65)-01-29192,(22)-02-62534,10/09/1982,06:39:36,160
(44)-13-50601,(74)-13-13791,10/09/1982,07:04:43,205
(50)-08-74688,(73)-02-19742,10/09/1982,11:18:14,330
(62)-11-94227,(41)-16-64816,10/09/1982,11:35:08,220
(23)-18-25619,(64)-01-69534,10/09/1982,16:58:04,49
(23)-03-25149,(60)-07-32050,10/09/1982,19:30:16,3577
(61)-00-08958,(37)-24-08648,10/09/1982,20:51:08,160
(51)-10-60686,(70)-13-52307,10/09/1982,22:58:27,634
(31)-27-11920,(65)-11-64582,10/10/1982,15:45:41,146
(63)-18-62047,(42)-15-47908,10/10/1982,17:30:06,597
(69)-08-63120,(72)-07-43618,10/10/1982,20:29:02,756
(48)-23-82469,(45)-12-01976,10/10/1982,21:32:39,592
(44)-15-69639,(71)-00-64364,10/10/1982,21:41:30,2566
(79)-02-07782,(59)-05-51783,10/11/1982,00:39:02,138
(27)-24-27838,(79)-03-95373,10/11/1982,01:25:52,417
(78)-03-85493,(25)-07-57685,10/11/1982,08:55:42,255
(41)-24-59295,(35)-11-29068,10/11/1982,12:27:51,229
(28)-10-69219,(35)-11-65546,10/11/1982,17:37:37,286
(74)-12-43374,(27)-05-42344,10/11/1982,17:38:39,656
(20)-33-14232,(78)-08-30275,10/11/1982,23:51:07,156
(46)-22-75441,(57)-17-11831,10/12/1982,05:08:32,187
(71)-00-96732,(37)-02-89392,10/12/1982,10:41:48,50
(72)-15-98238,(73)-00-42500,10/12/1982,13:22:01,956
(55)-08-58370,(54)-07-28894,10/12/1982,13:40:12,91
(60)-17-78660,(30)-23-92330,10/12/1982,22:32:35,214
(75)-04-95350,(43)-14-81543,10/13/1982,03:46:08,330
(26)-00-64842,(51)-14-95576,10/13/1982,05:14:19,674
(68)-05-05867,(42)-02-69147,10/13/1982,07:36:33,1294
(43)-25-81636,(45)-13-37759,10/13/1982,11:21:59,1017
(35)-11-25698,(43)-20-31040,10/13/1982,12:01:07,560
(73)-15-07057,(34)-15-13728,10/13/1982,12:42:10,193
(72)-03-79074,(41)-19-10154,10/13/1982,18:03:18,2125
(62)-00-84978,(32)-19-35963,10/13/1982,18:28:35,897
(44)-02-96649,(52)-07-04936,10/14/1982,08:09:40,1546
(76)-04-56933,(44)-12-88823,10/14/1982,08:49:57,291
(73)-12-42116,(54)-00-07527,10/14/1982,09:52:36,310
(50)-12-74173,(74)-04-50243,10/14/1982,10:04:09,163
(58)-19-43879,(40)-24-77396,10/14/1982,10:25:51,250
(74)-13-49145,(41)-02-70693,10/14/1982,12:04:39,6507
(22)-23-37962,(78)-13-86470,10/14/1982,14:02:18,826
(58)-08-56526,(75)-04-29386,10/14/1982,19:48:58,2752
(22)-10-69488,(79)-08-59594,10/15/1982,00:54:22,2634
(78)-10-43863,(74)-04-89268,10/15/1982,01:13:29,201
(61)-08-58870,(55)-06-65699,10/15/1982,01:51:08,195
(63)-15-46951,(48)-06-19613,10/15/1982,13:08:46,1339
(36)-06-56389,(33)-00-68215,10/15/1982,15:49:25,361
(54)-07-06934,(76)-02-97471,10/15/1982,16:19:30,48
(67)-12-43660,(58)-07-47760,10/15/1982,20:27:47,165
(69)-06-87292,(31)-10-36619,10/16/1982,00:17:49,377
(25)-08-60197,(78)-06-07078,10/16/1982,04:59:55,233
(76)-04-21551,(32)-08-55931,10/16/1982,07:26:13,65
(45)-18-40809,(39)-24-89220,10/16/1982,10:32:36,474
(62)-12-80983,(74)-05-16469,10/16/1982,14:06:42,183
(68)-13-45356,(54)-13-82999,10/16/1982,17:30:23,299
(32)-22-82691,(55)-03-28107,10/16/1982,18:07:20,76
(60)-15-12069,(20)-07-88480,10/16/1982,21:17:38,511
(33)-13-52629,(33)-10-73048,10/16/1982,22:48:12,1467
(73)-05-62391,(39)-01-93043,10/17/1982,04:09:48,135
(36)-09-36044,(46)-23-11794,10/17/1982,04:46:09,34
(71)-03-81576,(37)-09-87030,10/17/1982,13:00:50,2297
(47)-22-45346,(62)-10-89985,10/17/1982,15:00:45,786
(64)-04-39226,(21)-08-24929,10/17/1982,17:04:31,171
(45)-15-09732,(73)-08-62737,10/17/1982,18:54:32,720
(37)-04-12237,(47)-09-43702,10/17/1982,19:48:33,2098
(78)-07-36289,(76)-00-44281,10/17/1982,21:25:45,231
(78)-06-96045,(37)-02-05489,10/17/1982,21:44:59,92
(71)-13-82229,(74)-12-78208,10/17/1982,22:32:04,36
(29)-15-85429,(43)-13-66243,10/18/1982,00:56:55,740
(77)-09-71975,(38)-06-29833,10/18/1982,03:44:44,50
(26)-03-38879,(53)-02-97176,10/18/1982,05:37:45,1817
(40)-15-77740,(75)-11-95079,10/18/1982,05:38:06,251
(66)-10-62678,(62)-09-90876,10/18/1982,10:12:39,792
(40)-23-23332,(40)-20-48916,10/18/1982,10:43:55,2110
(77)-07-69371,(78)-03-77319,10/18/1982,12:22:16,792
(36)-18-29503,(22)-02-48592,10/18/1982,19:09:02,2397
(26)-11-01833,(32)-03-09156,10/19/1982,06:09:22,392
(65)-09-86668,(22)-01-81580,10/19/1982,06:17:33,10
(75)-06-83743,(60)-14-88734,10/19/1982,11:34:34,115
(64)-17-37000,(76)-05-44637,10/19/1982,12:24:21,2073
(49)-04-90586,(79)-04-60443,10/19/1982,12:59:10,345
(57)-08-52674,(26)-17-71672,10/19/1982,13:37:37,585
(75)-12-19421,(44)-21-24797,10/19/1982,13:47:46,13
(32)-26-66080,(30)-04-70625,10/19/1982,17:24:08,242
(31)-13-85459,(49)-01-84760,10/19/1982,21:47:29,499
(53)-12-15447,(44)-08-95243,10/20/1982,04:40:07,385
(46)-03-82338,(57)-00-36688,10/20/1982,09:07:45,415
(29)-24-05989,(75)-05-79767,10/20/1982,09:41:01,2179
(69)-10-05773,(25)-22-94580,10/20/1982,10:12:40,288
(77)-05-32275,(79)-06-11088,10/20/1982,18:47:40,438
(47)-05-05659,(29)-27-87133,10/21/1982,04:40:40,40
(71)-04-85828,(20)-30-13806,10/21/1982,06:18:49,156
(33)-03-30811,(51)-06-69785,10/21/1982,06:49:56,204
(57)-00-06005,(34)-16-89347,10/21/1982,09:31:05,816
(66)-08-89452,(53)-18-43994,10/21/1982,10:51:54,142
(22)-23-48054,(61)-09-99587,10/21/1982,16:24:25,223
(30)-18-40565,(63)-00-60064,10/21/1982,17:11:59,255
(55)-13-01681,(33)-00-14277,10/21/1982,18:34:20,676
(49)-11-45625,(55)-11-15295,10/21/1982,23:09:56,397
(60)-15-12069,(57)-04-65227,10/21/1982,23:23:37,167
(48)-17-80266,(67)-12-41928,10/22/1982,02:36:41,108
(28)-00-00773,(67)-10-83059,10/22/1982,09:41:18,203
(63)-10-97299,(30)-17-78998,10/22/1982,14:38:30,476
(70)-14-40700,(56)-20-54835,10/22/1982,18:31:06,214
(50)-20-04695,(71)-13-33639,10/22/1982,20:43:13,188
(49)-23-56984,(63)-07-61905,10/22/1982,22:18:20,570
(75)-09-72464,(68)-07-95587,10/23/1982,01:24:08,50
(59)-05-19920,(52)-02-11659,10/23/1982,13:56:14,823
(63)-17-55959,(32)-05-29809,10/23/1982,17:24:48,293
(41)-02-66635,(30)-22-53920,10/23/1982,17:35:38,463
(37)-18-17637,(40)-00-81137,10/23/1982,19:16:10,708
(26)-15-17069,(23)-30-54589,10/24/1982,06:15:06,404
(40)-05-88185,(77)-07-94469,10/24/1982,07:47:23,228
(35)-17-27330,(27)-24-27838,10/24/1982,08:36:35,242
(36)-19-84055,(71)-14-80642,10/24/1982,09:49:44,2386
(70)-13-60380,(37)-12-09721,10/24/1982,12:43:47,804
(23)-29-39852,(36)-14-67377,10/24/1982,13:52:26,235
(44)-04-44775,(55)-07-11436,10/24/1982,20:48:36,1469
(69)-16-80081,(65)-11-47758,10/24/1982,23:20:39,19
(32)-21-80590,(50)-04-26743,10/25/1982,03:44:24,47
(75)-08-49447,(77)-01-61002,10/25/1982,12:57:52,63
(27)-12-13942,(29)-09-63838,10/25/1982,16:09:05,452
(76)-08-00092,(67)-06-44661,10/25/1982,16:20:46,526
(45)-07-22068,(54)-00-72701,10/25/1982,18:09:28,234
(56)-00-86019,(36)-27-78436,10/25/1982,19:44:56,152
(45)-20-61130,(64)-10-38208,10/26/1982,01:36:27,697
(49)-14-87437,(64)-09-51112,10/26/1982,03:42:58,17
(44)-23-48608,(79)-12-46676,10/26/1982,08:36:43,353
(61)-12-79212,(57)-09-97908,10/26/1982,12:30:58,77
(20)-17-68358,(26)-05-52690,10/26/1982,16:05:05,186
(25)-29-57311,(70)-14-24650,10/26/1982,17:14:32,64
(52)-02-21540,(52)-19-17511,10/26/1982,19:27:22,195
(79)-10-91147,(21)-25-52981,10/27/1982,00:14:21,225
(72)-06-68778,(65)-18-71341,10/27/1982,07:32:49,124
(59)-10-75691,(78)-10-16203,10/27/1982,08:27:33,19
(25)-05-36874,(31)-07-40903,10/27/1982,12:05:51,716
(68)-00-82576,(77)-12-76292,10/27/1982,12:36:18,320
(59)-13-39441,(33)-21-80190,10/27/1982,15:35:11,118
(69)-09-05308,(42)-20-71063,10/27/1982,15:35:36,2057
(79)-13-55431,(70)-14-33272,10/27/1982,17:28:28,302
(45)-06-02213,(59)-06-33189,10/27/1982,17:45:49,381
(79)-02-43657,(30)-15-75215,10/27/1982,20:58:02,187
(78)-08-92536,(21)-13-81954,10/27/1982,22:05:56,245
(46)-19-70841,(48)-10-94520,10/28/1982,01:11:38,753
(26)-11-01562,(34)-09-06012,10/28/1982,01:32:58,58
(28)-07-19116,(47)-23-95576,10/28/1982,05:46:45,529
(66)-09-71817,(70)-15-38172,10/28/1982,15:07:29,161
(74)-15-02516,(44)-19-37269,10/28/1982,21:26:33,22
(39)-13-53935,(73)-03-50677,10/29/1982,00:37:22,142
(49)-07-48757,(61)-03-91119,10/29/1982,04:42:02,185
(26)-24-61615,(72)-01-36602,10/29/1982,04:57:32,837
(33)-17-16440,(77)-02-39419,10/29/1982,11:20:58,269
(40)-24-34980,(70)-02-95862,10/29/1982,18:40:21,390
(26)-17-87522,(25)-16-79104,10/30/1982,01:28:57,591
(58)-13-29299,(77)-04-80092,10/30/1982,02:46:46,626
(78)-06-02548,(59)-07-85113,10/30/1982,02:49:15,459
(48)-03-71199,(73)-07-49021,10/30/1982,05:09:47,2153
(29)-29-98642,(30)-14-48188,10/30/1982,09:25:19,220
(62)-04-49174,(24)-19-58596,10/30/1982,09:35:26,277
(77)-00-81525,(73)-14-98261,10/30/1982,11:41:01,770
(52)-04-99339,(75)-14-09635,10/30/1982,15:47:45,413
(67)-07-48557,(36)-08-34725,10/30/1982,16:29:19,566
(70)-05-48971,(48)-23-60273,10/31/1982,01:03:17,6552
(62)-01-27320,(72)-09-44652,10/31/1982,03:16:21,62
(67)-11-57010,(35)-10-50882,10/31/1982,14:31:09,371
(62)-14-92418,(48)-17-60910,10/31/1982,19:07:23,3518
(44)-23-03121,(65)-16-24112,11/01/1982,00:56:51,1322
(42)-06-83309,(56)-11-26620,11/01/1982,07:21:59,850
(43)-10-22126,(34)-19-13175,11/01/1982,09:17:17,821
(63)-16-89199,(59)-16-72476,11/01/1982,12:08:58,2127
(47)-13-65724,(20)-17-37125,11/01/1982,15:01:17,259
(41)-00-52752,(68)-15-21206,11/01/1982,21:40:31,501
(70)-03-99822,(36)-26-29860,11/02/1982,00:33:33,521
(57)-19-69746,(64)-03-94326,11/02/1982,01:55:45,661
(73)-09-39035,(26)-19-17203,11/02/1982,08:19:09,40
(30)-09-84767,(72)-00-51564,11/02/1982,08:28:32,675
(44)-04-01858,(31)-22-84950,11/02/1982,11:58:53,165
(68)-15-74569,(28)-24-36830,11/02/1982,20:50:59,898
(33)-20-94805,(30)-19-26626,11/02/1982,21:14:34,712
(52)-03-97995,(67)-03-00724,11/02/1982,21:16:13,255
(77)-09-79414,(48)-23-91423,11/03/1982,06:20:45,639
(76)-01-32551,(50)-15-33209,11/03/1982,07:40:16,2145
(68)-15-93614,(62)-05-12144,11/03/1982,09:36:52,422
(64)-06-56899,(53)-04-99049,11/03/1982,12:47:38,3580
(31)-28-28607,(63)-10-02236,11/03/1982,13:27:34,204
(53)-07-84881,(43)-01-97117,11/03/1982,14:37:15,181
(27)-30-47620,(58)-01-63009,11/03/1982,16:11:55,191
(69)-15-23053,(67)-14-34693,11/04/1982,02:35:03,4049
(25)-24-13371,(73)-07-40795,11/04/1982,04:55:01,116
(58)-20-28621,(26)-31-96328,11/04/1982,13:19:26,136
(55)-15-11300,(38)-08-80000,11/04/1982,13:21:10,3424
(40)-08-24695,(54)-02-57218,11/04/1982,23:06:41,277
(65)-16-60157,(53)-17-29333,11/05/1982,03:30:27,231
(78)-08-06163,(42)-21-76965,11/05/1982,17:40:21,183
(43)-21-60274,(74)-10-67190,11/06/1982,08:43:45,3003
(78)-05-14765,(38)-11-59313,11/06/1982,10:19:05,139
(33)-13-48142,(53)-13-03499,11/06/1982,14:07:40,702
(43)-04-44516,(35)-18-63852,11/06/1982,16:16:19,84
(26)-03-49480,(47)-12-60041,11/06/1982,16:49:19,61
(51)-04-71116,(35)-17-65489,11/06/1982,17:19:23,173
(39)-04-92709,(64)-13-21040,11/06/1982,18:39:58,429
(60)-19-82132,(41)-26-94665,11/07/1982,00:15:41,70
(54)-14-85335,(48)-05-83040,11/07/1982,03:51:20,3048
(74)-02-16975,(54)-16-64880,11/07/1982,11:30:42,2174
(39)-17-98367,(29)-16-12619,11/07/1982,13:28:02,3488
(22)-11-54559,(66)-07-46201,11/07/1982,15:04:06,70
(56)-11-21860,(22)-18-70133,11/07/1982,15:08:55,238
(46)-02-83699,(27)-26-32825,11/07/1982,19:56:11,2776
(43)-02-81761,(72)-09-81707,11/07/1982,22:37:11,707
(63)-03-58585,(63)-09-70493,11/08/1982,00:06:44,1110
(28)-21-20005,(36)-01-75823,11/08/1982,09:07:53,290
(45)-11-29467,(69)-09-57272,11/08/1982,11:22:48,7
(43)-02-49986,(78)-01-70259,11/08/1982,13:00:09,2513
(37)-11-54535,(37)-00-12770,11/08/1982,17:41:00,773
(37)-16-43279,(38)-08-94501,11/08/1982,19:52:48,278
(54)-00-64218,(30)-23-58058,11/09/1982,02:44:44,2142
(40)-00-92206,(53)-14-25067,11/09/1982,03:17:29,268
(27)-12-16349,(47)-00-14006,11/09/1982,04:11:55,252
(73)-01-76340,(29)-06-23381,11/09/1982,06:26:25,759
(71)-11-57011,(35)-13-28213,11/09/1982,07:46:38,897
(77)-12-39999,(61)-19-05206,11/09/1982,11:50:54,63
(68)-02-23063,(70)-07-91887,11/09/1982,15:29:52,252
(34)-28-84225,(61)-17-78883,11/09/1982,15:46:46,46
(42)-03-57002,(40)-04-66966,11/09/1982,18:58:55,433
(58)-19-13306,(29)-12-15749,11/09/1982,19:31:35,264
(54)-05-44516,(32)-29-39508,11/09/1982,19:51:00,73
(71)-05-84310,(45)-10-98721,11/10/1982,02:37:42,180
(69)-07-78390,(47)-13-43189,11/10/1982,03:35:37,241
(75)-01-42595,(31)-16-53184,11/10/1982,09:47:13,243
(31)-27-80518,(30)-06-20529,11/10/1982,12:36:29,236
(29)-06-99640,(64)-14-63234,11/10/1982,14:32:21,348
(67)-02-63283,(71)-07-37548,11/10/1982,20:49:45,421
(38)-17-35508,(29)-26-73907,11/10/1982,22:23:51,276
(52)-12-79227,(60)-19-30212,11/11/1982,09:40:08,795
(48)-12-95734,(46)-23-81222,11/11/1982,11:09:25,142
(66)-06-92854,(71)-02-59594,11/11/1982,13:10:41,535
(77)-07-24465,(41)-17-50186,11/11/1982,19:54:45,2980
(46)-17-88253,(43)-02-57457,11/11/1982,20:13:52,765
(41)-21-93537,(63)-01-94985,11/11/1982,23:37:10,153
(49)-18-32816,(48)-08-79572,11/12/1982,03:48:44,92
(29)-14-65117,(72)-07-57524,11/12/1982,06:18:38,159
(46)-07-87478,(49)-23-35791,11/12/1982,07:23:16,5806
(78)-13-48150,(70)-05-46979,11/12/1982,15:49:36,250
(66)-10-56610,(59)-04-30700,11/12/1982,22:17:17,283
(37)-03-05932,(68)-11-32137,11/13/1982,02:17:42,392
(55)-17-34155,(66)-07-14911,11/13/1982,11:50:14,170
(32)-28-92048,(36)-10-17623,11/13/1982,15:25:15,878
(50)-13-67864,(63)-01-64277,11/13/1982,16:03:24,934
(22)-28-98638,(20)-05-15022,11/13/1982,23:31:31,31
(41)-07-09666,(22)-03-11840,11/14/1982,01:01:23,155
(44)-22-18071,(53)-12-74798,11/14/1982,07:51:25,266
(58)-06-03362,(79)-02-08487,11/14/1982,09:58:02,90
(34)-10-33521,(57)-09-04306,11/14/1982,16:33:24,155
(70)-14-84452,(36)-10-41174,11/14/1982,17:33:44,411
(76)-13-96880,(59)-03-84196,11/14/1982,20:50:17,357
(58)-20-21991,(33)-17-46279,11/15/1982,01:23:00,16
(22)-32-63038,(21)-11-69194,11/15/1982,04:18:41,871
(20)-12-90542,(58)-06-70266,11/15/1982,20:12:03,180
(38)-10-25273,(56)-11-78522,11/16/1982,01:17:03,163
(52)-20-24779,(65)-10-54988,11/16/1982,02:11:32,851
(47)-11-88989,(43)-15-33675,11/16/1982,02:52:34,617
(25)-12-43686,(68)-17-07680,11/16/1982,03:56:45,337
(44)-18-43967,(78)-05-59517,11/16/1982,08:11:22,408
(20)-30-13806,(68)-14-14435,11/16/1982,09:31:43,668
(74)-07-87539,(51)-10-29010,11/16/1982,12:00:55,899
(61)-02-38666,(66)-15-66789,11/16/1982,17:56:33,121
(58)-12-16371,(77)-10-26341,11/16/1982,19:31:18,116
(76)-02-44566,(20)-06-62613,11/17/1982,01:15:07,2879
(78)-05-11989,(25)-22-31451,11/17/1982,05:37:54,115
(64)-02-75640,(29)-06-04390,11/17/1982,08:20:47,425
(78)-05-39935,(36)-10-66065,11/17/1982,18:26:21,855
(57)-08-75626,(22)-29-65893,11/17/1982,19:55:57,173
(76)-09-96273,(71)-10-84692,11/18/1982,08:05:27,43
(30)-20-06727,(59)-16-61401,11/18/1982,22:29:41,782
(76)-02-75997,(44)-16-26938,11/19/1982,02:09:07,763
(68)-17-76914,(44)-04-67843,11/19/1982,04:09:17,2275
(65)-09-30397,(62)-14-39332,11/19/1982,05:18:15,240
(71)-13-76741,(43)-17-89138,11/19/1982,11:16:21,197
(26)-08-51084,(36)-21-68056,11/19/1982,12:52:44,230
(76)-01-68023,(75)-03-22446,11/19/1982,14:21:38,651
(25)-09-61248,(75)-08-52132,11/19/1982,20:26:06,571
(36)-20-74890,(51)-10-77672,11/19/1982,21:45:59,185
(68)-12-41393,(33)-16-84184,11/20/1982,05:53:29,587
(57)-00-60773,(42)-00-57921,11/20/1982,06:52:00,273
(36)-20-77015,(66)-02-57286,11/20/1982,11:14:31,210
(20)-15-60572,(50)-04-82405,11/20/1982,15:24:05,88
(62)-05-80646,(76)-01-20796,11/20/1982,19:39:29,6
(52)-22-14617,(54)-08-77645,11/20/1982,20:04:06,2309
(49)-10-46560,(70)-16-62160,11/20/1982,20:52:07,765
(39)-12-45354,(36)-13-40577,11/20/1982,22:03:49,815
(75)-01-02743,(30)-02-36964,11/21/1982,00:29:33,215
(48)-17-70494,(33)-04-76706,11/21/1982,02:31:04,737
(71)-12-39601,(23)-15-87651,11/21/1982,04:16:29,231
(35)-12-60756,(23)-22-02790,11/21/1982,14:55:06,43
(75)-12-49344,(48)-23-73028,11/21/1982,19:50:14,94
(69)-14-78646,(74)-04-91640,11/21/1982,21:15:03,84
(65)-06-19677,(70)-03-54008,11/22/1982,00:25:20,358
(25)-31-60422,(37)-23-48048,11/22/1982,00:44:34,84
(77)-00-69305,(60)-14-33936,11/22/1982,01:48:53,100
(20)-02-66499,(76)-02-72953,11/22/1982,04:12:29,566
(36)-25-92038,(59)-13-07572,11/22/1982,13:39:34,16
(40)-07-48945,(55)-05-75334,11/22/1982,14:07:48,230
(30)-00-34344,(34)-27-40579,11/22/1982,16:29:07,505
(46)-20-25294,(54)-05-52908,11/22/1982,16:42:33,198
(67)-03-87488,(47)-16-92440,11/22/1982,21:50:09,296
(79)-07-32679,(65)-12-21478,11/23/1982,03:19:25,291
(75)-01-08412,(56)-20-82371,11/23/1982,10:34:08,430
(29)-19-49307,(32)-14-22880,11/23/1982,20:08:04,2264
(41)-10-61300,(43)-02-79556,11/23/1982,20:40:46,293
(27)-30-08979,(34)-06-63171,11/24/1982,00:23:12,2175
(78)-10-64707,(69)-12-79201,11/24/1982,13:01:23,14
(39)-10-82405,(56)-09-85202,11/24/1982,13:10:10,295
(68)-11-59547,(61)-14-68799,11/24/1982,13:36:40,2969
(32)-03-14339,(41)-22-30602,11/24/1982,13:44:36,713
(31)-20-92675,(40)-21-15862,11/24/1982,21:45:33,183
(75)-09-17612,(35)-22-82228,11/24/1982,21:59:25,1591
(42)-12-62536,(59)-17-88734,11/25/1982,07:19:48,72
(35)-27-36053,(34)-17-33276,11/25/1982,18:11:33,367
(39)-16-81870,(72)-14-27639,11/25/1982,18:56:01,714
(21)-09-99930,(68)-06-78398,11/26/1982,05:54:44,69
(58)-06-18266,(64)-03-99824,11/26/1982,08:35:19,40
(58)-17-82405,(57)-15-09958,11/26/1982,21:37:34,305
(34)-21-77612,(36)-19-20706,11/27/1982,09:12:36,183
(43)-19-43148,(33)-27-36625,11/27/1982,14:49:28,3427
(69)-12-77961,(49)-12-03793,11/28/1982,00:16:46,145
(46)-24-64126,(78)-07-85312,11/28/1982,03:47:36,91
(40)-20-48419,(66)-15-44031,11/28/1982,10:22:53,2348
(43)-05-33785,(67)-05-17974,11/28/1982,19:02:51,641
(63)-05-85979,(61)-16-53339,11/29/1982,00:45:46,517
(37)-18-73064,(53)-07-70787,11/29/1982,06:36:22,278
(68)-12-32423,(66)-09-93585,11/29/1982,08:07:38,364
(60)-12-31598,(51)-21-48245,11/29/1982,09:32:45,519
(52)-01-52905,(55)-17-34981,11/29/1982,15:20:41,477
(48)-23-06501,(53)-00-18978,11/29/1982,16:45:55,896
(30)-00-32734,(36)-00-16522,11/29/1982,17:20:36,132
(41)-07-75909,(38)-00-11908,11/29/1982,21:19:43,85
(44)-14-64086,(64)-17-23759,11/29/1982,22:07:43,280
(75)-05-41212,(33)-20-47706,11/29/1982,23:22:47,288
(58)-07-56798,(70)-02-10884,11/30/1982,11:58:48,1373
(69)-04-66881,(70)-14-88952,11/30/1982,17:35:15,458
(48)-03-21555,(77)-07-53905,11/30/1982,21:24:22,233
(73)-12-42116,(27)-00-80120,12/01/1982,00:31:16,839
(23)-09-44010,(51)-13-73612,12/01/1982,03:16:31,6826
(26)-15-72371,(64)-16-66341,12/01/1982,03:33:12,4361
(45)-02-00941,(48)-11-98033,12/01/1982,04:29:02,530
(69)-09-47060,(54)-00-88868,12/01/1982,07:00:33,203
(70)-03-63830,(72)-13-68976,12/01/1982,08:31:15,193
(71)-01-87457,(27)-19-96366,12/01/1982,09:20:10,220
(29)-05-55761,(58)-11-42819,12/01/1982,10:27:22,452
(54)-20-75088,(49)-10-46304,12/01/1982,11:22:19,455
(39)-08-14792,(44)-25-72286,12/01/1982,12:10:24,703
(25)-20-79725,(39)-14-59745,12/01/1982,15:46:35,803
(54)-01-02593,(24)-22-11914,12/01/1982,17:20:43,3001
(31)-22-27097,(52)-01-21155,12/01/1982,23:49:57,677
(21)-00-29694,(59)-15-48546,12/02/1982,00:20:22,3081
(50)-02-95653,(42)-23-10632,12/02/1982,02:53:53,95
(66)-16-58723,(26)-22-31453,12/02/1982,03:09:37,90
(45)-01-63661,(78)-09-03945,12/02/1982,03:56:45,697
(73)-06-11994,(32)-21-92506,12/02/1982,07:10:00,659
(42)-22-48204,(55)-00-19857,12/02/1982,11:35:30,577
(50)-18-08562,(72)-08-85675,12/03/1982,06:21:46,116
(50)-04-70130,(21)-29-15053,12/03/1982,19:46:41,71
(60)-05-62531,(67)-12-73456,12/04/1982,14:01:31,310
(57)-16-14485,(24)-24-93889,12/04/1982,19:07:31,2712
(24)-17-38310,(75)-01-89726,12/04/1982,19:27:55,703
(22)-28-19551,(52)-10-29777,12/04/1982,19:40:36,2757
(78)-10-01314,(63)-18-04508,12/04/1982,20:02:36,680
(47)-18-88153,(33)-05-64127,12/04/1982,20:38:06,693
(65)-11-62270,(41)-05-65237,12/04/1982,22:01:17,376
(38)-12-89122,(36)-17-86002,12/04/1982,23:12:49,848
(64)-01-87705,(35)-13-90829,12/05/1982,01:07:53,2907
(24)-07-19798,(50)-04-28953,12/05/1982,04:49:20,2349
(31)-03-92940,(72)-04-81123,12/05/1982,06:17:37,813
(55)-20-57166,(46)-23-28314,12/05/1982,07:49:08,702
(31)-15-09491,(64)-13-23867,12/05/1982,13:22:25,64
(62)-09-33638,(54)-20-99738,12/05/1982,16:52:08,200
(72)-00-48187,(43)-25-48456,12/05/1982,21:03:40,850
(72)-08-47910,(48)-08-22255,12/06/1982,09:56:18,2509
(63)-15-46840,(44)-13-88979,12/06/1982,14:31:49,128
(62)-07-43622,(25)-28-87590,12/06/1982,17:27:48,291
(21)-07-89797,(53)-12-06095,12/06/1982,18:23:04,425
(37)-04-64852,(75)-09-41210,12/06/1982,18:50:15,885
(31)-26-90509,(21)-26-94433,12/06/1982,22:44:31,158
(70)-07-57160,(63)-08-19969,12/07/1982,01:23:22,217
(24)-02-56317,(48)-05-81894,12/07/1982,01:27:07,2253
(46)-03-80315,(40)-05-33746,12/07/1982,06:13:54,107
(40)-14-41612,(28)-05-69005,12/07/1982,16:58:48,526
(23)-11-00925,(53)-16-08641,12/07/1982,17:43:05,232
(69)-03-53729,(25)-18-96118,12/07/1982,23:53:00,121
(58)-04-39332,(41)-19-92971,12/08/1982,00:54:52,3420
(40)-07-75747,(51)-07-12623,12/08/1982,13:49:42,120
(48)-05-81019,(78)-05-52537,12/09/1982,08:14:34,367
(62)-03-81946,(25)-03-66193,12/09/1982,11:55:54,460
(21)-04-20267,(32)-02-90914,12/09/1982,17:06:22,2554
(22)-11-54617,(50)-09-05824,12/09/1982,22:10:55,5
(77)-02-81521,(39)-13-27927,12/09/1982,23:12:11,116
(61)-06-38713,(69)-01-46859,12/10/1982,05:24:02,264
(29)-25-74568,(39)-07-59129,12/10/1982,09:28:22,250
(54)-07-87063,(76)-04-16508,12/10/1982,11:19:41,186
(55)-06-10644,(20)-31-58884,12/10/1982,21:12:46,523
(79)-10-14369,(70)-06-13569,12/11/1982,02:01:09,158
(40)-21-54103,(32)-15-33106,12/11/1982,03:33:25,376
(22)-21-87408,(34)-25-72177,12/11/1982,06:19:33,3194
(30)-29-82047,(23)-08-31885,12/11/1982,13:10:49,411
(29)-16-85348,(31)-28-92100,12/11/1982,17:57:26,71
(31)-19-37149,(23)-27-32185,12/12/1982,05:03:11,42
(59)-16-51919,(23)-16-26801,12/12/1982,09:55:23,3456
(79)-10-35442,(66)-03-29431,12/12/1982,11:26:43,134
(37)-23-28257,(64)-02-30391,12/12/1982,11:44:57,892
(56)-11-35450,(28)-30-20363,12/13/1982,03:27:07,290
(50)-14-78798,(45)-24-11627,12/13/1982,03:59:20,379
(61)-17-03062,(70)-04-60286,12/13/1982,04:46:17,560
(72)-13-27855,(21)-07-53947,12/13/1982,08:45:28,150
(53)-21-71497,(71)-06-45290,12/13/1982,11:29:14,115
(74)-00-29856,(77)-08-14973,12/13/1982,20:34:22,555
(63)-07-06748,(73)-10-29232,12/13/1982,22:12:16,36
(47)-09-42862,(59)-01-33005,12/13/1982,23:50:47,722
(52)-14-09937,(75)-03-51723,12/14/1982,00:37:47,258
(70)-09-34546,(46)-05-31993,12/14/1982,02:36:07,669
(50)-09-19033,(71)-15-79833,12/14/1982,08:13:58,248
(72)-12-13306,(58)-13-60204,12/14/1982,11:53:55,4813
(58)-09-61837,(33)-00-76981,12/14/1982,15:58:13,31
(51)-22-36460,(79)-02-87827,12/14/1982,22:52:02,231
(34)-00-10821,(20)-24-62220,12/14/1982,23:00:20,575
(32)-05-53367,(58)-05-93803,12/15/1982,00:21:09,666
(40)-01-54667,(25)-18-70598,12/15/1982,17:47:10,63
(64)-07-61730,(40)-09-93384,12/16/1982,01:54:04,158
(53)-18-44925,(68)-15-42117,12/17/1982,02:48:19,167
(42)-19-13590,(64)-00-62335,12/17/1982,05:56:10,176
(39)-20-03146,(52)-18-25202,12/17/1982,06:59:18,140
(59)-12-44713,(50)-17-68166,12/17/1982,07:28:31,269
(33)-00-84310,(46)-21-33276,12/17/1982,10:40:03,1514
(69)-11-85740,(61)-07-99337,12/18/1982,05:21:25,1927
(52)-01-82088,(76)-00-05862,12/19/1982,03:05:28,2749
(30)-13-85794,(78)-00-75520,12/19/1982,07:48:22,17
(62)-17-30486,(40)-20-20697,12/19/1982,14:11:25,2352
(59)-07-86464,(78)-10-00494,12/19/1982,14:44:40,238
(69)-00-62435,(35)-19-66278,12/19/1982,19:37:12,623
(44)-18-58019,(22)-16-16056,12/19/1982,22:28:30,32
(72)-12-81965,(40)-13-50432,12/20/1982,00:08:04,3304
(56)-13-59690,(50)-05-53958,12/20/1982,04:46:55,111
(28)-22-87376,(50)-08-86747,12/20/1982,19:27:51,133
(46)-03-28117,(55)-18-50365,12/21/1982,01:43:17,825
(30)-19-43113,(27)-10-12694,12/21/1982,10:09:02,14
(59)-12-59044,(31)-21-51330,12/21/1982,12:57:57,278
(22)-01-88091,(50)-12-10657,12/21/1982,15:53:53,676
(52)-08-48754,(48)-13-98214,12/21/1982,22:20:59,116
(30)-00-75730,(72)-05-84216,12/22/1982,00:06:12,572
(43)-21-18335,(26)-22-96190,12/22/1982,04:52:14,312
(39)-21-20973,(64)-04-80286,12/22/1982,04:57:22,197
(65)-16-64123,(68)-13-96109,12/22/1982,06:20:09,178
(52)-01-22223,(74)-03-85639,12/22/1982,09:24:13,212
(57)-03-86327,(66)-08-25517,12/22/1982,18:27:26,58
(27)-21-82073,(39)-18-12344,12/22/1982,20:39:19,187
(49)-10-63552,(25)-24-26599,12/22/1982,22:22:16,823
(44)-21-63331,(25)-21-54337,12/23/1982,01:10:32,95
(54)-05-18962,(75)-14-46120,12/23/1982,04:08:20,185
(33)-15-23721,(73)-08-30887,12/24/1982,05:40:52,277
(70)-13-58387,(67)-07-18209,12/24/1982,08:24:28,159
(43)-09-24572,(62)-18-92842,12/24/1982,09:39:09,2480
(29)-29-04550,(50)-05-04757,12/24/1982,11:15:07,341
(31)-09-09707,(51)-18-60981,12/24/1982,16:05:26,6361
(23)-24-04797,(27)-15-82874,12/24/1982,16:15:06,801
(26)-01-10453,(66)-01-17695,12/25/1982,02:05:59,245
(64)-06-72866,(24)-22-60725,12/25/1982,04:02:38,676
(33)-17-46279,(60)-02-03604,12/25/1982,13:44:28,371
(45)-00-84337,(27)-00-02784,12/25/1982,16:07:37,217
(47)-00-51734,(71)-10-84471,12/25/1982,21:13:57,509
(25)-16-96359,(69)-10-16888,12/26/1982,06:19:37,2126
(34)-18-72973,(43)-10-28406,12/26/1982,07:04:52,385
(46)-22-95486,(33)-19-51803,12/26/1982,11:27:16,103
(66)-17-85225,(41)-12-08707,12/26/1982,16:35:50,162
(65)-17-82119,(23)-08-40095,12/27/1982,03:03:51,106
(44)-16-41362,(54)-05-17013,12/27/1982,05:44:06,2297
(35)-13-39930,(28)-07-19441,12/27/1982,07:03:50,3031
(43)-00-74961,(27)-09-42216,12/27/1982,07:23:56,124
(65)-11-17810,(49)-21-70033,12/27/1982,12:14:11,172
(59)-17-31876,(20)-18-31311,12/27/1982,12:19:02,2213
(48)-00-48100,(29)-02-54693,12/27/1982,17:08:42,1802
(79)-11-10019,(37)-01-19161,12/28/1982,16:14:14,267
(55)-15-09202,(37)-23-29557,12/28/1982,23:09:20,626
(56)-05-71928,(62)-06-67460,12/29/1982,01:04:33,633
(53)-01-24004,(55)-17-50395,12/29/1982,07:10:08,697
(56)-12-38399,(38)-07-22204,12/29/1982,07:47:30,490
(30)-05-66527,(22)-12-32101,12/29/1982,13:11:30,592
(62)-09-15823,(22)-09-17451,12/29/1982,16:25:01,592
(72)-10-14865,(64)-04-80286,12/29/1982,20:18:22,374
(79)-13-34160,(57)-20-50469,12/29/1982,22:55:49,256
(75)-08-20874,(44)-08-25533,12/30/1982,08:59:48,97
(63)-11-52489,(61)-19-98157,12/30/1982,11:15:16,13
(79)-00-77526,(53)-09-32588,12/30/1982,20:51:37,31
(76)-04-95930,(38)-27-25806,12/31/1982,00:22:18,297
(32)-25-52211,(69)-14-40142,12/31/1982,03:35:00,1854
(32)-01-61968,(73)-04-24067,12/31/1982,05:58:05,2141
(21)-10-04077,(45)-23-34295,12/31/1982,06:37:40,176
(44)-19-76676,(68)-15-78653,12/31/1982,06:42:50,211
(40)-03-42711,(47)-05-12493,12/31/1982,14:27:19,207
(78)-12-69097,(41)-12-34638,12/31/1982,16:38:17,3107
(77)-05-40299,(26)-30-35753,12/31/1982,17:36:41,141
(64)-09-79640,(62)-07-78365,12/31/1982,17:51:08,2996
(74)-06-24288,(20)-18-86253,12/31/1982,20:03:49,844
(62)-00-60078,(72)-11-77081,12/31/1982,23:43:45,259
(70)-12-84597,(77)-10-77066,01/01/1983,10:10:52,881
(55)-18-26757,(56)-03-54688,01/01/1983,10:59:03,224
(27)-26-81275,(41)-25-10386,01/01/1983,17:10:28,305
(75)-14-02916,(48)-06-02342,01/02/1983,05:00:43,1201
(27)-02-16084,(59)-14-56657,01/02/1983,05:36:43,819
(77)-10-33775,(21)-20-53765,01/02/1983,07:29:34,226
(51)-01-66310,(68)-14-65760,01/02/1983,07:44:15,154
(58)-02-22359,(77)-14-09469,01/02/1983,08:03:18,2365
(36)-22-53304,(75)-09-12979,01/02/1983,13:11:05,492
(21)-10-90498,(30)-19-32106,01/02/1983,19:12:03,551
(20)-10-78796,(37)-12-47894,01/03/1983,04:12:55,424
(56)-06-94346,(29)-00-60852,01/03/1983,08:18:17,720
(23)-31-59848,(67)-12-42773,01/03/1983,14:22:14,3202
(29)-14-64120,(21)-01-62075,01/03/1983,19:30:53,1236
(22)-19-67517,(33)-09-17139,01/03/1983,23:23:12,156
(38)-25-30997,(34)-23-66806,01/04/1983,02:01:40,639
(50)-07-30198,(79)-04-84103,01/04/1983,07:25:41,2186
(59)-17-73549,(65)-04-55755,01/04/1983,10:15:00,326
(41)-13-19904,(32)-02-90914,01/04/1983,12:12:39,50
(71)-09-39826,(23)-14-38877,01/04/1983,15:29:00,172
(31)-16-17559,(58)-00-61635,01/05/1983,00:49:23,784
(69)-15-36415,(71)-02-04286,01/05/1983,02:22:10,2827
(46)-15-29165,(67)-16-32052,01/05/1983,03:31:58,74
(48)-00-49265,(61)-18-51817,01/05/1983,05:06:03,3289
(76)-03-32179,(52)-08-22311,01/05/1983,09:40:15,27
(55)-05-68559,(33)-17-93634,01/05/1983,17:46:19,1016
(61)-15-67037,(57)-13-41342,01/06/1983,01:37:00,2654
(21)-16-80032,(51)-08-62270,01/06/1983,06:48:52,2916
(38)-08-77682,(58)-01-96031,01/06/1983,12:56:05,787
(28)-00-51372,(22)-00-70736,01/06/1983,16:49:21,660
(50)-03-40170,(24)-25-46344,01/06/1983,19:04:46,116
(54)-20-32030,(66)-11-37018,01/06/1983,21:22:51,952
(75)-12-85947,(26)-07-60712,01/06/1983,22:35:58,367
(62)-03-71064,(76)-02-92687,01/07/1983,03:23:57,227
(31)-15-80537,(60)-15-87713,01/07/1983,07:12:11,46
(39)-13-24220,(43)-04-04825,01/07/1983,07:37:29,288
(79)-13-91811,(47)-05-50964,01/07/1983,10:19:24,607
(23)-22-75778,(59)-12-86479,01/07/1983,13:21:59,251
(40)-20-78642,(21)-22-19586,01/07/1983,16:27:14,555
(50)-17-65535,(25)-02-85538,01/07/1983,17:57:45,3135
(51)-15-68642,(51)-04-61449,01/07/1983,19:21:51,317
(41)-04-68983,(54)-15-49484,01/07/1983,23:15:17,88
(67)-16-99323,(36)-04-51827,01/08/1983,00:29:25,108
(78)-02-81390,(33)-25-18467,01/08/1983,04:29:40,91
(52)-02-85169,(23)-31-01846,01/08/1983,19:45:55,54
(46)-20-14844,(67)-07-60765,01/08/1983,20:53:01,1615
(32)-03-31409,(30)-18-90831,01/09/1983,00:49:09,751
(66)-15-96759,(73)-14-82762,01/09/1983,19:01:54,219
(23)-06-62673,(25)-27-09735,01/09/1983,22:29:38,123
(51)-02-11813,(68)-15-99905,01/09/1983,23:56:15,251
(22)-22-23892,(70)-13-30749,01/10/1983,01:42:59,219
(29)-30-41349,(34)-01-34872,01/10/1983,04:37:36,179
(31)-16-20618,(50)-15-76951,01/10/1983,06:31:27,381
(64)-10-12764,(31)-01-93836,01/10/1983,08:50:31,176
(76)-14-44681,(65)-08-16459,01/10/1983,14:39:07,658
(36)-11-44653,(75)-11-89853,01/10/1983,15:55:19,567
(43)-00-40733,(45)-23-60780,01/10/1983,17:40:15,156
(75)-00-80011,(32)-25-36369,01/11/1983,00:40:32,349
(74)-10-97734,(74)-08-33300,01/11/1983,09:57:22,237
(55)-05-83342,(70)-08-55038,01/11/1983,10:15:32,29
(25)-00-71398,(73)-02-32335,01/12/1983,06:07:01,162
(44)-23-64733,(78)-02-65009,01/12/1983,09:04:00,362
(69)-14-05516,(28)-02-62480,01/12/1983,15:46:52,267
(76)-04-49224,(70)-05-08603,01/12/1983,18:45:25,109
(32)-12-29597,(27)-06-95537,01/12/1983,19:24:43,3580
(48)-23-81600,(67)-13-19194,01/13/1983,06:36:15,2395
(76)-10-99455,(62)-16-68426,01/13/1983,08:23:00,243
(48)-06-11606,(36)-06-84651,01/13/1983,09:59:57,247
(40)-10-94463,(22)-12-54171,01/13/1983,12:33:17,192
(22)-17-84150,(41)-12-58773,01/13/1983,12:49:55,142
(31)-24-63705,(55)-09-87268,01/13/1983,17:28:58,231
(57)-05-47931,(43)-14-37832,01/13/1983,22:03:52,766
(58)-10-43247,(48)-02-78384,01/14/1983,10:59:14,133
(56)-12-99602,(45)-00-46495,01/14/1983,14:49:44,708
(72)-05-40616,(41)-10-12570,01/14/1983,14:53:38,254
(78)-05-53103,(75)-14-72870,01/14/1983,16:23:42,6234
(74)-02-09965,(49)-15-79264,01/15/1983,06:54:14,65
(32)-19-62844,(63)-05-81845,01/15/1983,08:18:40,180
(69)-06-02017,(38)-08-80000,01/15/1983,14:33:43,3301
(57)-11-51952,(27)-12-09879,01/15/1983,16:41:28,367
(66)-17-55375,(44)-07-95025,01/15/1983,18:47:46,78
(28)-05-36655,(58)-19-45002,01/15/1983,20:13:05,1904
(69)-13-09487,(63)-17-90515,01/16/1983,02:55:51,790
(63)-18-19436,(48)-18-29377,01/16/1983,04:11:27,341
(76)-06-85465,(54)-14-79306,01/16/1983,04:19:34,1669
(41)-04-53337,(61)-10-86433,01/16/1983,14:37:21,414
(68)-07-25047,(45)-02-32711,01/16/1983,15:26:51,102
(57)-04-04620,(54)-04-66916,01/16/1983,18:28:31,15
(32)-17-44052,(29)-18-55483,01/16/1983,21:49:40,331
(37)-08-37451,(46)-08-41977,01/17/1983,02:18:29,171
(50)-10-22200,(47)-14-56180,01/17/1983,03:42:25,279
(41)-05-02824,(34)-13-61273,01/18/1983,00:02:09,146
(66)-03-08426,(31)-03-11958,01/18/1983,02:21:55,405
(27)-02-90920,(53)-09-77278,01/18/1983,09:29:48,257
(54)-19-49523,(60)-06-27712,01/18/1983,14:03:26,10
(68)-03-69260,(25)-16-38324,01/18/1983,20:03:45,366
(68)-17-82305,(25)-12-26053,01/18/1983,21:29:19,838
(46)-20-94757,(47)-12-27941,01/19/1983,16:37:18,184
(48)-21-26563,(52)-14-65627,01/19/1983,19:15:42,405
(21)-28-71829,(72)-02-26000,01/19/1983,21:23:53,94
(65)-14-85690,(76)-11-27902,01/20/1983,04:15:42,368
(79)-09-54820,(58)-19-42438,01/20/1983,09:03:37,289
(28)-19-22734,(38)-09-80827,01/20/1983,11:18:24,91
(51)-22-68564,(55)-00-10047,01/20/1983,20:12:26,181
(47)-16-44398,(39)-24-53178,01/20/1983,22:37:54,2212
(60)-08-44740,(48)-18-33258,01/21/1983,03:11:59,42
(52)-01-32999,(63)-10-26096,01/21/1983,09:07:19,1059
(62)-01-36870,(25)-02-21822,01/21/1983,16:55:38,886
(70)-13-63949,(68)-17-61238,01/21/1983,17:46:48,253
(41)-19-24803,(48)-08-34266,01/21/1983,18:07:51,751
(42)-16-11672,(56)-11-01552,01/21/1983,19:57:16,2062
(31)-11-71524,(44)-21-94548,01/21/1983,22:05:29,698
(51)-09-99089,(73)-15-54434,01/22/1983,05:26:25,1625
(55)-12-38035,(68)-12-70406,01/22/1983,11:17:46,640
(79)-07-04646,(64)-15-71153,01/22/1983,17:11:18,2630
(38)-16-76365,(34)-07-52325,01/22/1983,22:28:34,223
(66)-03-05339,(55)-16-02676,01/23/1983,05:57:42,262
(71)-10-38632,(77)-14-10559,01/23/1983,06:40:28,137
(60)-00-08154,(65)-05-61238,01/23/1983,08:20:40,874
(50)-07-93002,(22)-31-04199,01/23/1983,12:30:48,3445
(30)-18-50473,(58)-20-43291,01/23/1983,15:37:41,671
(54)-09-34074,(62)-09-24226,01/23/1983,18:21:57,779
(74)-03-98109,(54)-06-00433,01/23/1983,21:20:52,878
(39)-19-51349,(43)-14-60985,01/24/1983,07:36:30,2499
(51)-03-88533,(65)-03-23875,01/24/1983,08:27:41,294
(48)-11-15102,(24)-10-74004,01/24/1983,08:49:08,126
(40)-21-02774,(31)-07-96280,01/24/1983,10:32:34,3272
(45)-02-29766,(22)-06-27413,01/24/1983,11:51:24,82
(62)-07-09406,(52)-12-44737,01/24/1983,12:57:00,691
(71)-13-80918,(42)-14-00295,01/24/1983,14:30:32,18
(33)-02-17380,(53)-11-28949,01/25/1983,01:05:02,38
(69)-00-68103,(42)-04-36821,01/25/1983,02:22:44,111
(76)-09-81679,(33)-21-74862,01/25/1983,09:04:26,457
(59)-11-73945,(35)-17-54433,01/25/1983,16:37:36,262
(56)-09-20183,(77)-13-12467,01/25/1983,17:37:07,77
(65)-17-85963,(58)-15-62781,01/25/1983,17:40:03,209
(43)-08-74349,(54)-04-84109,01/25/1983,21:37:16,147
(36)-10-56097,(37)-00-57715,01/25/1983,21:58:46,584
(42)-18-89086,(68)-17-52743,01/26/1983,01:56:45,729
(23)-10-46001,(74)-12-88270,01/26/1983,05:01:27,2307
(77)-03-79498,(29)-27-24337,01/26/1983,05:38:56,262
(22)-24-86268,(20)-02-95116,01/26/1983,08:38:42,23
(50)-03-32902,(68)-13-36140,01/26/1983,09:51:40,1760
(78)-13-93011,(74)-06-73088,01/26/1983,12:22:26,34
(36)-25-02344,(59)-08-12025,01/26/1983,13:48:59,3266
(75)-01-03722,(68)-05-96614,01/26/1983,14:28:50,444
(66)-03-59202,(54)-15-48445,01/26/1983,15:11:53,147
(24)-03-37274,(30)-23-58647,01/26/1983,20:16:57,2481
(63)-16-56908,(65)-05-42366,01/26/1983,23:07:04,46
(35)-21-80094,(34)-01-11224,01/27/1983,01:55:39,872
(59)-14-09165,(68)-02-70084,01/27/1983,13:29:52,247
(72)-05-37261,(56)-21-54168,01/27/1983,17:42:54,89
(25)-22-94689,(42)-01-88900,01/27/1983,18:23:19,3193
(71)-03-31404,(43)-14-43404,01/28/1983,00:09:32,12
(42)-12-97764,(28)-28-32192,01/28/1983,00:15:23,592
(55)-10-23130,(41)-03-54233,01/28/1983,12:04:34,223
(42)-15-63999,(71)-06-98776,01/28/1983,17:07:18,3433
(33)-08-70313,(75)-06-17943,01/28/1983,19:29:25,797
(44)-19-81872,(75)-08-13029,01/28/1983,19:57:36,104
(63)-16-64782,(22)-21-70214,01/28/1983,21:07:02,3037
(39)-20-70668,(56)-01-30919,01/28/1983,23:32:36,29
(36)-26-25382,(71)-02-35167,01/29/1983,06:16:45,447
(27)-27-96596,(71)-12-94748,01/29/1983,09:44:02,184
(34)-06-36201,(21)-12-93562,01/29/1983,17:54:13,79
(65)-15-73061,(21)-20-58243,01/30/1983,01:17:41,36
(67)-10-98033,(29)-17-59740,01/30/1983,01:21:57,321
(48)-04-35791,(47)-19-67205,01/30/1983,04:36:36,1693
(69)-10-52179,(44)-02-87289,01/30/1983,12:35:49,151
(70)-00-75732,(53)-04-48972,01/30/1983,14:43:58,139
(42)-19-49551,(61)-19-78231,01/30/1983,22:28:06,1270
(25)-05-89960,(38)-20-47786,01/31/1983,06:54:50,401
(71)-10-31342,(21)-27-83247,01/31/1983,09:21:10,2410
(53)-13-28049,(54)-06-29699,01/31/1983,13:29:49,349
(32)-05-94456,(20)-28-97204,01/31/1983,19:43:57,46
(35)-21-10294,(35)-12-33837,01/31/1983,21:58:15,89
(45)-14-08079,(72)-05-00030,02/01/1983,01:26:52,226
(44)-03-50823,(39)-13-19599,02/01/1983,06:41:23,58
(26)-11-28952,(65)-08-79299,02/01/1983,09:47:22,187
(42)-02-65862,(22)-07-33992,02/01/1983,19:45:18,851
(60)-18-81990,(24)-24-86969,02/01/1983,20:37:53,6451
(61)-17-93146,(63)-09-90286,02/02/1983,00:58:54,598
(29)-09-91631,(22)-31-41999,02/02/1983,01:51:27,130
(70)-08-82779,(52)-11-56216,02/02/1983,04:47:58,743
(31)-29-91662,(71)-11-22769,02/02/1983,10:32:43,337
(75)-05-62730,(67)-12-87493,02/02/1983,10:55:30,533
(32)-22-64629,(75)-00-48011,02/02/1983,11:58:51,2244
(53)-15-02589,(43)-06-79922,02/02/1983,21:02:30,482
(75)-07-93242,(23)-32-51794,02/03/1983,00:59:52,290
(22)-32-59729,(53)-22-69365,02/03/1983,13:13:18,2656
(79)-05-89754,(21)-24-91928,02/03/1983,14:11:39,244
(66)-04-57246,(51)-14-13879,02/04/1983,06:13:31,268
(52)-11-83839,(35)-19-29364,02/04/1983,07:00:30,190
(78)-11-44546,(78)-10-50631,02/04/1983,07:07:49,2172
(29)-07-37023,(35)-28-29703,02/04/1983,14:07:00,433
(71)-14-84377,(36)-27-37152,02/04/1983,15:51:20,284
(36)-11-44024,(26)-04-23497,02/05/1983,04:04:22,145
(38)-26-10787,(20)-27-80714,02/05/1983,05:58:13,262
(50)-08-41361,(29)-11-82457,02/05/1983,16:37:05,1311
(22)-32-71090,(56)-10-41063,02/06/1983,01:55:05,131
(72)-06-07142,(22)-25-16076,02/06/1983,02:01:36,803
(21)-32-84295,(68)-00-07739,02/06/1983,07:03:23,101
(64)-13-81581,(24)-23-37152,02/06/1983,10:47:13,348
(44)-21-57611,(72)-14-49904,02/07/1983,00:44:53,208
(45)-20-84325,(32)-11-03107,02/07/1983,02:15:38,260
(44)-18-28524,(45)-01-62254,02/07/1983,09:51:59,113
(54)-00-85690,(75)-08-01231,02/07/1983,16:58:22,187
(39)-00-58120,(48)-19-60701,02/07/1983,19:37:11,141
(35)-20-02489,(22)-27-71282,02/08/1983,07:45:13,194
(41)-17-76617,(60)-03-67234,02/08/1983,10:04:07,3497
(52)-01-82088,(73)-00-03451,02/08/1983,11:25:45,177
(35)-02-78989,(48)-13-40776,02/08/1983,12:33:19,512
(47)-23-84671,(73)-01-98845,02/08/1983,12:48:14,182
(71)-05-62887,(29)-20-43047,02/08/1983,18:31:10,478
(44)-25-19936,(61)-00-06261,02/08/1983,21:34:10,894
(65)-02-39540,(71)-13-30239,02/09/1983,03:42:26,1486
(26)-08-56223,(52)-18-67813,02/10/1983,00:43:15,96
(48)-22-09801,(61)-02-46012,02/10/1983,10:58:30,97
(30)-18-13120,(35)-10-29521,02/10/1983,12:43:30,992
(48)-22-40480,(24)-24-52471,02/10/1983,21:23:25,3592
(20)-21-32019,(65)-17-73971,02/11/1983,05:19:54,265
(31)-06-83939,(49)-22-41431,02/11/1983,05:39:11,843
(69)-04-85873,(34)-04-32093,02/11/1983,09:38:30,145
(57)-03-48221,(61)-03-92115,02/11/1983,17:58:57,202
(51)-19-84799,(54)-00-37769,02/11/1983,19:17:29,362
(66)-16-42508,(37)-20-07457,02/11/1983,22:21:37,194
(32)-29-64006,(60)-08-36145,02/12/1983,10:48:55,870
(45)-21-69039,(71)-11-27656,02/12/1983,13:32:45,254
(36)-15-39703,(72)-03-21819,02/12/1983,13:47:16,166
(51)-13-88797,(53)-14-28990,02/12/1983,16:20:46,2360
(75)-14-57813,(63)-01-11282,02/12/1983,16:50:36,3522
(57)-05-01930,(74)-12-58772,02/12/1983,17:54:45,306
(22)-25-51490,(35)-05-70308,02/12/1983,19:18:03,2928
(24)-04-52150,(67)-12-81327,02/13/1983,00:41:19,4989
(41)-07-31811,(51)-06-12182,02/13/1983,08:14:06,17
(44)-04-70077,(20)-19-89748,02/13/1983,08:53:47,744
(55)-06-32562,(76)-09-59073,02/13/1983,18:00:24,2135
(68)-09-35056,(35)-12-74238,02/13/1983,20:43:30,2383
(28)-11-55556,(79)-03-14859,02/14/1983,08:15:00,2867
(32)-01-36954,(72)-14-23385,02/14/1983,22:36:27,1901
(68)-16-85333,(30)-12-21119,02/15/1983,02:28:00,37
(34)-25-10383,(72)-13-98270,02/15/1983,04:45:33,64
(68)-14-73783,(24)-06-18327,02/15/1983,05:55:54,503
(26)-17-33947,(73)-08-80432,02/15/1983,09:39:14,271
(57)-19-36928,(32)-02-90914,02/15/1983,10:45:37,167
(26)-16-82145,(22)-19-63843,02/15/1983,11:32:34,185
(51)-15-98234,(58)-16-19448,02/16/1983,07:57:55,25
(48)-00-47808,(22)-23-66449,02/16/1983,12:10:24,538
(72)-09-73845,(40)-22-25509,02/16/1983,12:36:05,140
(31)-25-48774,(78)-04-70785,02/16/1983,16:27:03,218
(27)-20-59187,(76)-09-96373,02/16/1983,17:43:40,36
(69)-16-13178,(26)-27-17508,02/17/1983,11:53:16,577
(55)-13-91729,(67)-12-63642,02/17/1983,14:27:23,150
(28)-12-04905,(69)-00-57773,02/17/1983,17:20:14,2726
(23)-11-48403,(67)-05-03348,02/18/1983,00:56:28,88
(50)-23-17011,(61)-14-48687,02/18/1983,06:28:54,328
(64)-04-78774,(66)-14-22092,02/18/1983,09:46:21,734
(53)-08-06079,(41)-16-77470,02/18/1983,11:52:50,316
(50)-02-32987,(28)-24-81172,02/18/1983,13:50:58,26
(60)-18-19104,(63)-07-79500,02/18/1983,15:58:46,248
(41)-23-90704,(67)-13-16853,02/18/1983,23:20:45,654
(48)-17-23394,(67)-11-64202,02/19/1983,02:40:50,820
(56)-02-11112,(24)-12-61524,02/19/1983,06:36:30,1432
(21)-30-21047,(78)-08-40925,02/19/1983,07:43:04,110
(73)-02-34788,(65)-18-70325,02/19/1983,22:49:35,250
(40)-18-15852,(53)-20-72260,02/20/1983,01:49:06,2148
(25)-12-09438,(27)-30-53738,02/20/1983,07:39:38,3104
(63)-01-19442,(70)-01-85847,02/20/1983,07:43:07,5511
(22)-10-39940,(21)-05-77498,02/20/1983,08:33:08,85
(78)-02-56826,(63)-05-67131,02/20/1983,09:37:23,1387
(58)-17-27268,(36)-24-15649,02/20/1983,10:05:07,107
(69)-00-37412,(52)-03-70274,02/20/1983,10:25:43,196
(30)-13-50596,(71)-01-17660,02/20/1983,14:44:44,152
(23)-15-28874,(36)-10-35009,02/20/1983,17:21:06,5
(42)-17-93055,(51)-02-37793,02/20/1983,18:34:08,65
(51)-06-51607,(23)-01-35326,02/20/1983,20:27:23,813
(52)-10-67727,(79)-09-01573,02/20/1983,21:48:38,2808
(24)-06-68778,(46)-15-59101,02/21/1983,03:24:31,224
(40)-14-19025,(45)-00-21066,02/21/1983,03:27:19,877
(39)-18-36863,(74)-13-54958,02/21/1983,04:52:04,207
(20)-23-68743,(66)-14-34820,02/21/1983,08:49:10,3329
(37)-10-01457,(35)-28-30645,02/21/1983,13:32:08,693
(55)-00-73631,(21)-25-38435,02/21/1983,19:12:39,2120
(61)-19-48485,(24)-10-13329,02/21/1983,23:23:23,294
(58)-09-45962,(58)-06-92744,02/21/1983,23:35:28,101
(40)-01-15302,(67)-16-26363,02/21/1983,23:39:56,34
(56)-21-18840,(50)-18-02654,02/22/1983,00:48:18,137
(38)-20-07110,(44)-04-26304,02/22/1983,05:37:51,232
(29)-00-41983,(74)-05-57707,02/22/1983,06:55:56,2333
(77)-08-99409,(59)-03-70713,02/22/1983,23:15:02,6
(34)-28-37053,(44)-10-26626,02/23/1983,02:48:46,20
(48)-04-98672,(28)-21-98771,02/23/1983,08:04:58,428
(50)-09-96927,(74)-09-75389,02/23/1983,08:42:49,67
(60)-03-02846,(24)-09-76196,02/23/1983,12:11:37,208
(25)-05-30793,(34)-09-83200,02/23/1983,12:22:21,389
(39)-21-14075,(60)-19-07517,02/23/1983,14:50:49,260
(73)-00-89923,(62)-19-16836,02/23/1983,23:26:22,881
(37)-05-65581,(48)-01-86948,02/24/1983,00:14:20,3520
(38)-06-44602,(48)-10-71270,02/24/1983,02:15:29,1036
(22)-10-39215,(21)-17-04614,02/24/1983,02:35:05,1352
(35)-27-63926,(43)-10-89928,02/24/1983,03:16:07,1999
(56)-20-09240,(52)-17-80117,02/24/1983,09:31:30,90
(35)-14-95376,(49)-15-53460,02/24/1983,10:22:04,570
(34)-03-23103,(32)-18-72418,02/24/1983,21:00:29,186
(76)-10-23328,(44)-05-18127,02/24/1983,22:09:32,204
(59)-19-49810,(68)-04-44531,02/25/1983,10:58:07,243
(52)-04-91730,(53)-15-28592,02/25/1983,19:43:52,295
(71)-09-23346,(45)-09-88375,02/26/1983,04:40:53,724
(73)-08-67062,(30)-26-57214,02/26/1983,06:02:20,3253
(63)-07-93647,(63)-09-36858,02/26/1983,07:05:56,5538
(66)-05-75830,(26)-11-07969,02/26/1983,08:04:30,823
(40)-14-51850,(32)-05-13930,02/26/1983,10:10:26,3473
(35)-20-45726,(20)-24-85836,02/26/1983,13:15:45,83
(68)-12-55754,(24)-03-48392,02/26/1983,16:16:32,73
(72)-11-38539,(34)-24-99342,02/26/1983,18:16:02,282
(30)-00-97995,(25)-07-60469,02/26/1983,23:57:53,4964
(46)-13-42098,(26)-20-61057,02/27/1983,07:20:11,35
(48)-06-82731,(48)-03-78691,02/27/1983,12:38:06,74
(48)-10-03260,(30)-13-42777,02/27/1983,14:48:09,157
(63)-05-85550,(49)-11-55964,02/27/1983,17:47:35,697
(74)-15-46807,(24)-17-71243,02/27/1983,18:19:22,825
(28)-24-68540,(41)-10-08188,02/27/1983,21:00:37,23
(34)-12-20154,(25)-20-34720,02/27/1983,22:31:01,156
(79)-00-94889,(51)-07-41938,02/28/1983,09:04:02,4914
(78)-11-59276,(22)-24-40984,02/28/1983,10:07:54,1780
(28)-27-81808,(48)-06-64714,02/28/1983,17:08:53,193
(73)-13-26651,(37)-05-78384,02/28/1983,18:47:22,423
(36)-15-73884,(31)-29-30919,03/01/1983,00:12:12,134
(28)-05-70071,(75)-11-03110,03/01/1983,04:50:22,426
(73)-09-84730,(78)-04-24233,03/01/1983,06:22:11,499
(56)-11-64239,(71)-13-96257,03/01/1983,08:29:21,102
(48)-11-32852,(75)-11-50313,03/01/1983,11:55:15,108
(69)-13-15795,(47)-02-57956,03/01/1983,18:09:12,702
(70)-01-79280,(61)-03-91119,03/01/1983,20:32:15,264
(67)-17-48567,(71)-02-43866,03/01/1983,22:49:31,133
(34)-02-21299,(68)-09-60898,03/01/1983,23:08:11,3150
(63)-10-26438,(79)-13-91717,03/02/1983,01:22:12,237
(48)-12-79246,(52)-00-09443,03/02/1983,09:33:55,210
(70)-05-36422,(33)-09-64832,03/02/1983,10:24:43,1608
(30)-14-71538,(43)-12-94760,03/02/1983,18:16:29,190
(64)-03-41370,(58)-01-94604,03/02/1983,19:36:37,62
(21)-15-80737,(65)-03-86184,03/02/1983,21:01:23,431
(20)-19-63956,(50)-11-29658,03/02/1983,23:33:44,1492
(70)-14-95445,(35)-10-01534,03/03/1983,04:54:06,800
(26)-09-10043,(55)-12-37503,03/03/1983,05:13:36,269
(71)-13-65749,(57)-18-29848,03/03/1983,07:00:54,92
(72)-15-66802,(51)-14-85448,03/03/1983,08:10:51,87
(63)-13-40894,(21)-08-31333,03/03/1983,08:25:41,429
(46)-20-63829,(56)-09-15063,03/03/1983,11:30:37,612
(54)-04-97350,(70)-14-90371,03/03/1983,18:47:07,256
(25)-01-02923,(79)-01-63434,03/04/1983,01:13:27,124
(74)-14-57640,(29)-25-48898,03/04/1983,08:05:41,3512
(40)-14-19025,(46)-23-92493,03/04/1983,20:06:10,79
(51)-11-01246,(41)-26-21329,03/04/1983,20:09:16,525
(46)-12-98055,(66)-16-86793,03/05/1983,00:18:45,709
(37)-17-89176,(50)-01-91240,03/05/1983,01:10:30,179
(52)-11-84802,(40)-06-36469,03/05/1983,02:34:04,250
(23)-14-23277,(74)-09-69305,03/05/1983,11:05:26,243
(34)-00-83857,(53)-16-04455,03/06/1983,03:56:57,283
(49)-14-85946,(34)-12-57127,03/06/1983,09:14:29,259
(57)-00-14709,(20)-29-68906,03/06/1983,21:33:44,104
(53)-09-30607,(66)-03-06197,03/07/1983,07:31:35,70
(43)-11-04114,(35)-27-53530,03/07/1983,08:19:02,68
(39)-09-71936,(48)-19-15288,03/07/1983,08:24:56,1815
(60)-09-94010,(78)-09-30119,03/07/1983,09:40:54,1555
(34)-04-14024,(74)-09-41097,03/07/1983,11:20:43,140
(43)-01-19450,(36)-22-28591,03/07/1983,15:57:15,187
(68)-04-24364,(64)-03-32567,03/07/1983,17:03:32,38
(39)-09-14589,(38)-16-77138,03/08/1983,08:31:25,394
(54)-12-65924,(32)-24-27773,03/08/1983,10:28:53,292
(21)-32-75874,(26)-24-85443,03/08/1983,13:20:23,323
(69)-02-69145,(29)-06-51987,03/08/1983,15:34:10,36
(35)-26-85567,(70)-06-74605,03/08/1983,20:29:25,614
(38)-02-50046,(30)-05-98935,03/09/1983,04:31:07,213
(53)-09-45534,(37)-02-30881,03/09/1983,04:37:17,293
(45)-00-57202,(55)-07-05789,03/09/1983,23:16:07,2622
(67)-15-67679,(27)-27-78812,03/09/1983,23:38:01,161
(49)-13-60102,(47)-13-76423,03/10/1983,03:20:41,2445
(21)-22-26283,(56)-14-28416,03/10/1983,12:50:49,636
(48)-10-29487,(77)-08-19292,03/10/1983,13:22:00,1983
(20)-16-05352,(43)-00-66040,03/10/1983,14:46:58,5859
(23)-01-34959,(59)-14-57141,03/10/1983,18:38:09,2007
(30)-07-66846,(59)-04-38041,03/10/1983,21:10:49,3497
(33)-17-96706,(35)-05-19526,03/10/1983,22:41:07,6749
(24)-01-81374,(47)-24-73308,03/10/1983,23:43:12,825
(75)-12-85947,(66)-06-64947,03/11/1983,04:23:37,475
(43)-21-56546,(73)-00-31992,03/11/1983,11:17:42,3106
(66)-00-60711,(24)-12-98890,03/11/1983,20:04:15,11
(40)-22-71853,(56)-02-84935,03/12/1983,01:16:16,1377
(37)-27-77154,(35)-09-25312,03/12/1983,04:02:48,469
(32)-01-37358,(78)-00-50141,03/12/1983,05:11:37,214
(75)-03-37368,(34)-15-67471,03/12/1983,07:49:46,235
(62)-19-86582,(44)-24-97879,03/12/1983,09:36:51,287
(24)-06-40243,(58)-06-66846,03/12/1983,21:37:41,251
(52)-15-54038,(42)-20-50354,03/13/1983,02:03:52,780
(65)-05-64088,(24)-22-81257,03/13/1983,04:11:47,706
(42)-20-38750,(28)-27-15955,03/13/1983,12:53:16,2820
(51)-18-73239,(76)-01-17932,03/13/1983,14:36:55,3127
(63)-18-38489,(40)-10-58278,03/13/1983,22:41:48,857
(40)-26-34279,(25)-16-93580,03/14/1983,06:56:18,588
(74)-04-82411,(68)-03-85952,03/14/1983,08:00:39,98
(38)-11-45045,(59)-18-57667,03/14/1983,15:22:31,1633
(79)-04-51139,(32)-21-26103,03/14/1983,15:55:08,2308
(42)-21-84337,(75)-12-25958,03/14/1983,17:36:44,480
(66)-03-09670,(78)-05-20528,03/15/1983,04:27:54,200
(21)-10-41750,(36)-01-68669,03/15/1983,04:41:27,808
(76)-14-57229,(44)-22-17217,03/15/1983,11:30:35,852
(33)-14-10796,(23)-06-75698,03/15/1983,17:56:32,648
(69)-13-92349,(40)-13-59068,03/16/1983,04:35:57,3048
(46)-05-53548,(75)-12-50793,03/16/1983,08:02:19,240
(26)-06-19211,(43)-18-28526,03/16/1983,22:15:28,287
(25)-06-38869,(68)-08-23160,03/17/1983,03:13:50,1679
(77)-14-90316,(70)-14-97601,03/17/1983,04:03:02,122
(34)-14-56129,(69)-01-93704,03/17/1983,09:08:41,3113
(44)-21-97030,(38)-12-14824,03/17/1983,10:32:10,235
(25)-19-20192,(74)-14-18613,03/17/1983,11:16:12,883
(50)-07-26652,(53)-03-38399,03/17/1983,13:42:54,325
(43)-16-80220,(43)-07-18903,03/17/1983,18:35:39,671
(36)-01-64216,(36)-13-68440,03/17/1983,20:35:37,332
(56)-18-53983,(35)-17-24945,03/17/1983,23:31:05,462
(48)-01-86948,(25)-23-79504,03/17/1983,23:40:23,221
(21)-16-77705,(49)-21-45450,03/18/1983,01:09:14,199
(42)-22-31776,(35)-22-60866,03/18/1983,10:24:36,2380
(63)-03-77763,(77)-07-97287,03/18/1983,14:15:17,727
(67)-07-93119,(78)-02-90201,03/18/1983,14:31:59,280
(31)-09-02271,(58)-02-42128,03/18/1983,15:32:36,840
(43)-11-38673,(21)-08-01812,03/18/1983,20:10:45,76
(74)-03-04327,(68)-11-27975,03/19/1983,03:19:02,491
(67)-06-58830,(33)-26-87962,03/19/1983,14:44:59,3930
(36)-10-57822,(28)-23-74523,03/19/1983,19:08:49,7
(41)-17-71364,(54)-18-18624,03/19/1983,21:00:34,1716
(71)-09-00701,(27)-30-37759,03/20/1983,05:04:07,521
(31)-29-09002,(73)-12-39280,03/20/1983,05:30:37,871
(40)-18-91032,(52)-11-46631,03/20/1983,06:28:18,172
(22)-31-55132,(39)-11-46106,03/20/1983,12:23:27,218
(60)-18-91536,(43)-08-49171,03/20/1983,15:39:37,34
(41)-10-96876,(39)-16-31479,03/20/1983,22:18:58,1081
(76)-11-33730,(76)-06-22730,03/21/1983,03:56:42,49
(47)-01-03848,(41)-13-97554,03/21/1983,05:40:43,80
(51)-20-08914,(35)-24-14051,03/21/1983,07:14:49,2404
(55)-02-34521,(34)-07-18655,03/21/1983,09:38:36,1494
(71)-01-74326,(33)-02-12149,03/21/1983,15:51:28,86
(71)-14-85204,(21)-02-39147,03/21/1983,16:53:04,144
(36)-02-86936,(44)-23-81721,03/21/1983,22:04:50,1944
(74)-12-78640,(74)-14-99671,03/22/1983,03:56:39,20
(52)-07-54599,(23)-06-72638,03/22/1983,04:24:51,263
(31)-22-56365,(54)-21-68479,03/22/1983,09:07:01,3061
(69)-14-91163,(75)-14-83894,03/22/1983,11:20:03,106
(33)-23-21539,(65)-11-10855,03/22/1983,12:37:26,62
(60)-19-28264,(66)-07-01572,03/22/1983,12:57:39,30
(58)-16-71761,(72)-12-40336,03/22/1983,18:42:47,75
(21)-19-54355,(52)-06-06996,03/22/1983,18:54:32,575
(77)-13-01290,(39)-04-93633,03/23/1983,00:21:06,1314
(35)-10-46466,(46)-13-24062,03/23/1983,03:09:51,1267
(43)-18-93756,(65)-04-45341,03/23/1983,03:52:37,217
(77)-14-93622,(41)-19-17983,03/23/1983,09:15:11,157
(39)-24-23412,(57)-12-09552,03/23/1983,18:33:02,3403
(59)-15-06186,(72)-02-30316,03/23/1983,20:50:23,1468
(74)-01-93846,(55)-01-88985,03/23/1983,21:23:21,23
(58)-15-19972,(27)-01-71311,03/24/1983,01:57:30,1369
(21)-06-87709,(59)-05-36040,03/24/1983,02:54:22,134
(78)-02-77613,(44)-25-04355,03/24/1983,04:08:58,3232
(49)-22-89893,(44)-12-74019,03/24/1983,23:26:52,1667
(60)-11-17908,(60)-16-78149,03/25/1983,03:44:23,551
(25)-22-45727,(66)-03-75726,03/25/1983,05:43:29,3529
(27)-15-74990,(43)-18-41629,03/25/1983,18:57:23,749
(75)-07-43229,(74)-12-05016,03/26/1983,01:42:26,2776
(54)-09-47122,(52)-04-29646,03/26/1983,02:25:28,34
(50)-10-96193,(24)-17-98398,03/26/1983,06:39:02,29
(70)-11-92666,(68)-08-37092,03/26/1983,07:13:38,30
(43)-11-68440,(24)-17-77982,03/26/1983,07:24:33,233
(65)-17-07917,(57)-15-86732,03/26/1983,08:05:26,243
(21)-15-73462,(59)-13-94740,03/26/1983,08:46:22,143
(70)-16-52220,(26)-03-97408,03/26/1983,21:16:40,820
(33)-27-94912,(35)-05-63616,03/26/1983,21:51:42,198
(31)-10-39206,(73)-09-14013,03/27/1983,01:07:35,219
(68)-15-40685,(57)-02-76905,03/27/1983,12:31:23,92
(20)-05-22113,(20)-32-58683,03/27/1983,12:38:39,737
(71)-12-99676,(60)-12-69098,03/27/1983,14:17:22,32
(35)-12-10063,(26)-26-84206,03/27/1983,17:21:31,217
(22)-01-50361,(22)-01-77212,03/27/1983,19:59:14,1118
(21)-20-20707,(62)-04-41170,03/27/1983,21:30:55,976
(43)-17-16156,(24)-26-37075,03/28/1983,01:09:25,248
(60)-14-16484,(64)-17-54142,03/28/1983,21:32:05,111
(70)-11-49122,(79)-11-09802,03/29/1983,00:19:53,189
(37)-02-31277,(76)-13-55364,03/29/1983,04:26:25,1990
(30)-23-67726,(49)-18-35104,03/29/1983,04:28:48,49
(31)-12-04653,(42)-25-71989,03/29/1983,08:48:34,175
(37)-12-53156,(65)-13-25634,03/29/1983,11:06:55,2947
(76)-03-22209,(28)-19-04666,03/29/1983,11:23:11,2826
(75)-05-95704,(63)-16-28734,03/29/1983,12:20:42,544
(57)-13-30781,(25)-16-08810,03/29/1983,12:36:40,886
(56)-16-52095,(65)-13-20309,03/29/1983,14:58:24,25
(25)-11-87897,(55)-10-25804,03/29/1983,18:11:47,1361
(79)-00-53559,(57)-08-73427,03/29/1983,18:26:41,539
(33)-19-43857,(77)-10-00757,03/29/1983,23:29:38,451
(28)-19-67652,(43)-19-54358,03/30/1983,04:06:01,806
(47)-09-94807,(56)-01-80726,03/30/1983,07:34:09,148
(69)-01-63339,(62)-10-22799,03/30/1983,07:36:10,332
(28)-09-31848,(48)-20-83490,03/30/1983,09:48:02,290
(20)-23-16810,(45)-23-25351,03/30/1983,10:27:44,365
(65)-16-19468,(46)-18-33672,03/30/1983,11:08:55,233
(76)-09-12542,(52)-02-56495,03/30/1983,21:04:31,350
(20)-29-99897,(26)-29-81029,03/31/1983,00:47:54,1702
(52)-21-57691,(21)-17-48853,03/31/1983,01:00:22,55
(40)-18-55825,(49)-08-69559,03/31/1983,15:48:27,87
(73)-15-03817,(54)-13-03432,03/31/1983,17:04:49,785
(55)-15-28122,(57)-03-37190,04/01/1983,05:03:11,44
(39)-26-64742,(40)-22-04441,04/01/1983,08:03:20,9
(31)-19-23544,(36)-26-43531,04/01/1983,11:56:42,1222
(73)-15-20737,(64)-10-85588,04/01/1983,12:22:12,851
(74)-12-24419,(42)-01-56120,04/01/1983,15:41:51,39
(48)-16-01024,(59)-16-29199,04/01/1983,17:47:18,780
(41)-04-26060,(25)-00-67520,04/01/1983,20:25:47,3466
(69)-04-22279,(38)-22-07495,04/02/1983,03:45:10,3356
(71)-15-82626,(37)-15-83345,04/02/1983,07:10:33,662
(41)-09-28373,(40)-11-16601,04/02/1983,12:16:18,335
(76)-03-45018,(27)-07-71848,04/02/1983,13:00:18,18
(29)-26-91981,(34)-05-78025,04/03/1983,02:14:09,890
(55)-02-29806,(20)-06-64157,04/03/1983,03:43:11,279
(43)-14-44261,(29)-05-77278,04/03/1983,17:19:01,128
(28)-13-25285,(22)-07-63637,04/03/1983,20:20:47,725
(23)-27-24022,(25)-07-74597,04/03/1983,20:25:51,204
(23)-15-83948,(54)-16-52973,04/03/1983,23:31:29,193
(31)-21-87848,(48)-23-81600,04/03/1983,23:45:59,267
(60)-18-71301,(67)-00-22486,04/04/1983,02:20:59,182
(36)-09-80767,(47)-03-85198,04/04/1983,02:25:56,36
(31)-26-59908,(70)-02-36184,04/04/1983,02:54:43,173
(25)-20-17094,(64)-00-38648,04/04/1983,14:17:50,792
(74)-07-68870,(77)-04-28171,04/04/1983,17:56:06,25
(69)-00-21073,(79)-07-24569,04/05/1983,01:06:52,58
(67)-15-46107,(45)-19-68917,04/05/1983,04:32:39,5
(77)-11-57822,(78)-10-02314,04/05/1983,04:32:50,24
(59)-07-85775,(26)-05-77622,04/05/1983,08:27:04,32
(73)-12-66526,(24)-14-46242,04/05/1983,10:47:19,155
(74)-02-98809,(63)-02-99755,04/05/1983,20:25:54,295
(41)-04-92329,(20)-21-43312,04/06/1983,08:29:32,744
(32)-07-17685,(50)-09-82000,04/06/1983,09:54:26,196
(78)-00-42455,(69)-03-68836,04/07/1983,02:51:22,504
(69)-01-75851,(66)-02-87903,04/07/1983,06:15:46,248
(48)-20-39409,(33)-16-91248,04/07/1983,07:54:57,803
(33)-26-38299,(69)-14-18960,04/07/1983,08:04:29,988
(44)-20-18971,(74)-07-04737,04/07/1983,08:37:00,4876
(22)-07-16329,(29)-03-50132,04/07/1983,09:31:38,84
(43)-20-74815,(69)-15-49581,04/07/1983,14:39:41,548
(58)-15-45071,(54)-02-11820,04/07/1983,18:53:43,487
(76)-08-77257,(31)-27-66066,04/07/1983,21:01:03,2740
(61)-13-56390,(45)-10-93008,04/08/1983,00:25:52,405
(28)-10-95590,(62)-14-32270,04/08/1983,00:42:38,154
(34)-06-42042,(39)-01-81513,04/08/1983,00:45:42,320
(23)-27-29842,(48)-17-41342,04/08/1983,03:38:48,792
(50)-12-59690,(28)-02-31019,04/08/1983,17:15:40,247
(48)-08-82059,(74)-08-94390,04/08/1983,19:27:04,164
(26)-17-97114,(73)-00-99307,04/09/1983,04:22:19,65
(60)-13-89983,(65)-14-85860,04/09/1983,06:24:06,63
(29)-06-17831,(40)-09-14734,04/09/1983,13:27:42,794
(74)-03-33720,(60)-06-45700,04/09/1983,18:08:12,234
(25)-10-63292,(57)-17-48533,04/09/1983,18:12:27,218
(57)-13-27228,(43)-05-78133,04/10/1983,02:57:35,550
(55)-07-54675,(30)-18-05489,04/10/1983,05:38:08,184
(22)-19-08893,(25)-00-62239,04/10/1983,15:48:12,247
(26)-04-82297,(43)-06-47821,04/10/1983,16:54:12,132
(56)-05-11623,(20)-25-71183,04/10/1983,19:25:10,362
(63)-17-05030,(55)-09-64863,04/10/1983,19:59:05,879
(34)-16-17642,(73)-12-85068,04/10/1983,23:09:53,2618
(74)-10-67190,(76)-10-98049,04/11/1983,00:35:58,625
(58)-04-26180,(50)-20-18104,04/11/1983,01:39:36,142
(71)-09-23207,(49)-21-48647,04/11/1983,19:33:59,161
(29)-02-62427,(48)-15-91942,04/11/1983,22:17:52,793
(35)-09-18898,(23)-07-16627,04/11/1983,23:33:51,380
(70)-00-36376,(66)-06-02726,04/12/1983,05:06:55,1780
(47)-04-59275,(75)-02-81181,04/12/1983,06:13:09,256
(26)-29-55825,(78)-12-30433,04/12/1983,09:43:23,13
(42)-14-57856,(72)-01-07783,04/12/1983,09:52:00,512
(42)-05-38803,(55)-11-35986,04/12/1983,20:07:24,156
(28)-02-11596,(46)-14-32962,04/12/1983,20:09:34,773
(34)-11-75852,(49)-05-66324,04/12/1983,23:01:06,848
(68)-01-30166,(23)-05-67008,04/13/1983,01:40:58,2822
(50)-04-02211,(25)-07-17499,04/13/1983,10:09:54,209
(26)-12-83750,(21)-18-71520,04/13/1983,11:58:34,2721
(40)-04-66774,(22)-23-69073,04/13/1983,18:07:25,137
(76)-00-60334,(70)-15-83164,04/13/1983,21:43:25,159
(61)-16-93415,(63)-18-78820,04/13/1983,22:53:26,193
(53)-19-37297,(71)-06-73360,04/14/1983,00:27:36,180
(57)-00-01573,(30)-13-25577,04/14/1983,15:11:57,124
(70)-08-26428,(28)-15-53472,04/14/1983,15:24:21,53
(27)-00-01993,(26)-15-75449,04/14/1983,16:35:20,982
(43)-16-64187,(61)-19-38232,04/14/1983,21:15:06,106
(51)-07-02773,(21)-01-76391,04/15/1983,13:31:11,179
(53)-15-43846,(31)-25-28494,04/15/1983,14:29:06,114
(75)-03-31919,(27)-10-93870,04/15/1983,17:20:44,120
(61)-06-02781,(33)-09-01622,04/15/1983,18:21:57,86
(48)-12-97686,(47)-22-03067,04/16/1983,03:26:12,272
(47)-21-73828,(70)-09-07295,04/16/1983,04:39:44,2968
(53)-01-12565,(58)-13-91623,04/16/1983,05:47:18,2649
(59)-00-64335,(34)-08-06738,04/16/1983,07:53:46,421
(77)-11-99360,(38)-21-55708,04/16/1983,11:22:33,2896
(32)-03-56276,(40)-03-84958,04/16/1983,12:49:57,83
(63)-16-16712,(55)-20-78569,04/16/1983,13:06:28,97
(59)-09-76566,(52)-10-61339,04/16/1983,14:47:58,108
(61)-01-84662,(60)-06-55529,04/16/1983,15:46:32,110
(73)-12-06683,(77)-00-79659,04/16/1983,17:36:12,298
(56)-18-46177,(50)-12-47945,04/17/1983,00:37:11,250
(72)-04-89173,(35)-13-89045,04/17/1983,14:09:35,62
(33)-21-02082,(57)-14-12482,04/17/1983,17:37:58,109
(48)-00-48328,(25)-06-54325,04/17/1983,19:15:23,430
(70)-04-51732,(49)-14-92722,04/17/1983,19:30:53,40
(29)-05-87365,(71)-16-39724,04/18/1983,02:51:16,1781
(35)-28-19585,(28)-29-21625,04/18/1983,04:52:08,286
(78)-00-00921,(32)-07-52027,04/18/1983,10:26:30,599
(65)-04-18922,(56)-10-00177,04/18/1983,10:45:45,1777
(76)-10-82124,(65)-07-36529,04/18/1983,12:37:03,547
(40)-22-19621,(68)-10-99826,04/18/1983,15:51:25,93
(28)-28-40953,(32)-06-58808,04/18/1983,17:45:18,548
(30)-09-27227,(23)-11-39853,04/18/1983,19:44:48,1565
(21)-16-40849,(45)-17-95903,04/18/1983,23:59:14,195
(70)-05-67802,(53)-04-44409,04/19/1983,00:33:19,45
(34)-23-97721,(57)-14-40281,04/19/1983,03:57:41,511
(58)-19-47101,(50)-08-41361,04/19/1983,06:36:52,143
(49)-09-14705,(49)-22-49960,04/19/1983,06:49:51,2741
(72)-13-83286,(45)-17-70743,04/19/1983,06:52:21,90
(22)-07-10801,(62)-03-71610,04/19/1983,09:25:05,2384
(73)-02-70725,(28)-10-91823,04/19/1983,10:20:00,184
(66)-08-80047,(73)-06-74608,04/19/1983,11:39:35,1065
(77)-05-38500,(24)-11-39133,04/19/1983,14:17:54,885
(68)-00-19882,(41)-08-12455,04/19/1983,18:10:53,696
(48)-06-43047,(71)-01-43826,04/19/1983,18:41:08,1640
(65)-03-31407,(44)-00-11079,04/19/1983,19:15:22,2342
(22)-28-64586,(77)-10-77339,04/19/1983,20:46:17,3050
(46)-16-63399,(54)-13-87024,04/20/1983,02:17:45,458
(24)-16-02765,(54)-07-71844,04/20/1983,08:10:19,488
(62)-11-16030,(24)-03-00874,04/20/1983,17:08:07,264
(23)-05-93967,(36)-17-99145,04/21/1983,05:25:47,263
(21)-21-53719,(59)-16-26889,04/21/1983,06:19:10,281
(58)-13-71343,(34)-15-53805,04/21/1983,07:03:08,504
(21)-06-85155,(27)-16-09391,04/21/1983,09:05:25,2634
(56)-03-95949,(38)-01-04636,04/21/1983,13:50:07,2219
(41)-20-00123,(40)-05-52139,04/21/1983,20:02:18,617
(61)-06-83350,(31)-11-46370,04/21/1983,20:21:38,281
(37)-10-45646,(66)-03-85486,04/22/1983,07:55:39,392
(76)-00-76870,(44)-24-44759,04/22/1983,09:24:54,594
(56)-15-36358,(52)-18-76267,04/22/1983,09:42:14,631
(58)-07-13253,(60)-11-48395,04/22/1983,12:19:28,744
(35)-01-15919,(47)-05-17203,04/22/1983,14:55:04,748
(46)-24-64152,(51)-13-97461,04/22/1983,15:12:02,76
(27)-16-09391,(21)-10-46725,04/22/1983,15:48:35,214
(70)-00-52969,(79)-05-28193,04/22/1983,16:27:32,47
(61)-19-74861,(64)-12-03041,04/22/1983,19:48:24,3352
(75)-07-90755,(49)-10-08255,04/22/1983,20:51:10,663
(23)-12-50990,(76)-14-56307,04/22/1983,20:53:22,92
(55)-10-14111,(21)-26-40151,04/22/1983,23:52:11,3740
(45)-20-84325,(20)-04-71378,04/23/1983,03:43:38,3059
(72)-14-68802,(75)-01-15784,04/23/1983,03:50:59,131
(37)-12-88880,(68)-16-89259,04/23/1983,04:20:03,384
(28)-18-21626,(51)-17-40801,04/23/1983,09:52:41,38
(45)-11-82303,(26)-17-66465,04/23/1983,22:48:19,297
(46)-23-72911,(46)-20-49880,04/24/1983,05:32:28,119
(52)-15-04353,(70)-04-12753,04/24/1983,07:27:51,1759
(65)-11-73951,(21)-05-86910,04/24/1983,09:31:31,160
(30)-20-23605,(71)-01-33018,04/24/1983,11:12:06,170
(73)-08-69660,(42)-02-27884,04/24/1983,11:49:33,184
(79)-04-61417,(49)-11-28298,04/24/1983,16:23:46,7137
(56)-17-04703,(51)-19-86536,04/24/1983,19:17:20,377
(25)-29-99046,(44)-15-86620,04/24/1983,19:52:34,2403
(34)-14-65057,(24)-00-01774,04/24/1983,21:19:34,236
(60)-10-55360,(63)-14-87739,04/24/1983,22:12:35,861
(27)-19-29732,(25)-08-35267,04/25/1983,00:31:26,256
(43)-05-30144,(52)-15-89485,04/25/1983,04:27:43,852
(24)-11-76844,(25)-28-82381,04/25/1983,04:49:30,222
(50)-02-29893,(37)-00-70960,04/25/1983,05:06:05,390
(72)-08-11044,(63)-09-03987,04/25/1983,05:15:31,18
(57)-15-69927,(75)-07-97122,04/25/1983,11:26:03,227
(21)-04-52750,(31)-29-82607,04/25/1983,12:26:28,2293
(36)-17-91267,(65)-11-60264,04/26/1983,02:55:04,568
(24)-00-92093,(21)-13-54845,04/26/1983,03:11:42,606
(76)-09-16854,(31)-08-36885,04/26/1983,09:00:32,2845
(67)-00-22889,(57)-11-27382,04/26/1983,10:34:35,158
(76)-06-37582,(67)-12-49903,04/27/1983,11:39:47,378
(79)-11-59580,(77)-12-80764,04/27/1983,18:23:30,43
(72)-10-30820,(65)-08-53853,04/27/1983,19:13:49,721
(32)-01-37358,(32)-16-36589,04/28/1983,04:45:03,801
(78)-04-19380,(62)-18-81002,04/28/1983,11:24:06,79
(51)-20-91213,(58)-19-60278,04/28/1983,15:52:17,3143
(43)-24-06411,(41)-15-27960,04/28/1983,16:58:28,179
(70)-11-62660,(77)-04-22956,04/28/1983,19:31:03,647
(30)-00-92275,(77)-03-67916,04/28/1983,21:27:55,230
(22)-03-86898,(21)-22-15880,04/29/1983,02:54:56,188
(72)-09-36836,(32)-02-63361,04/29/1983,03:27:40,78
(31)-26-43945,(48)-01-21257,04/29/1983,07:07:58,459
(64)-09-96848,(25)-11-11178,04/29/1983,20:05:26,2935
(47)-17-21670,(73)-09-64370,04/29/1983,20:48:16,573
(51)-22-81897,(74)-12-78159,04/29/1983,23:17:59,14
(77)-02-81414,(50)-12-23391,04/30/1983,04:18:56,200
(64)-14-33128,(65)-10-08799,04/30/1983,06:30:47,5860
(46)-23-15868,(24)-04-91446,04/30/1983,07:35:38,166
(25)-00-53820,(61)-17-13289,04/30/1983,10:11:26,840
(57)-12-09552,(26)-26-02718,04/30/1983,17:44:17,1832
(43)-11-19937,(36)-10-43258,04/30/1983,18:44:20,165
(43)-23-32586,(69)-04-56187,04/30/1983,19:40:08,517
(71)-16-19361,(38)-18-12626,05/01/1983,01:20:37,548
(64)-03-70014,(25)-27-44850,05/01/1983,02:56:59,4041
(79)-13-39849,(33)-07-62465,05/01/1983,09:35:21,39
(32)-10-56429,(29)-05-94582,05/01/1983,09:53:09,846
(51)-05-14281,(59)-05-14511,05/01/1983,14:56:00,635
(46)-20-18669,(59)-00-77382,05/01/1983,15:01:38,285
(31)-00-53755,(24)-06-94312,05/01/1983,15:16:29,71
(22)-06-87240,(41)-04-16428,05/01/1983,19:06:52,120
(59)-18-45531,(46)-03-87378,05/01/1983,19:12:29,85
(46)-21-00018,(26)-08-19842,05/01/1983,20:02:57,33
(45)-14-47844,(69)-14-02058,05/01/1983,21:14:06,284
(60)-18-82867,(68)-05-53734,05/02/1983,00:42:16,244
(55)-06-18732,(70)-08-50562,05/02/1983,03:45:43,798
(32)-09-84645,(53)-07-07500,05/02/1983,03:52:37,691
(51)-09-55958,(22)-27-13573,05/02/1983,08:36:35,362
(38)-24-94883,(43)-18-46652,05/03/1983,00:08:35,77
(70)-15-40611,(74)-01-62428,05/03/1983,00:33:06,214
(68)-08-51406,(66)-04-70990,05/03/1983,01:21:53,255
(47)-15-82403,(50)-09-84892,05/03/1983,02:12:36,231
(68)-15-13033,(61)-02-65383,05/03/1983,03:36:15,3001
(65)-05-12621,(72)-06-72360,05/03/1983,04:28:38,1583
(61)-03-64763,(39)-09-87672,05/03/1983,05:48:08,159
(60)-07-42761,(26)-28-92873,05/03/1983,10:54:53,82
(46)-12-21219,(51)-08-62270,05/03/1983,15:08:53,1989
(55)-16-01127,(28)-23-05423,05/03/1983,15:46:48,535
(45)-13-79314,(54)-21-99134,05/03/1983,18:03:14,542
(30)-07-26443,(61)-03-52420,05/03/1983,20:54:13,1680
(72)-05-97249,(22)-09-95698,05/04/1983,20:18:47,2677
(60)-00-69534,(44)-00-08764,05/04/1983,22:03:11,585
(33)-14-38420,(65)-11-31836,05/05/1983,11:18:37,2658
(41)-24-56553,(27)-30-55282,05/05/1983,19:30:55,2838
(36)-15-49596,(20)-14-45380,05/05/1983,21:16:29,742
(50)-17-54842,(36)-13-27154,05/06/1983,02:26:11,417
(59)-04-40903,(76)-06-01149,05/06/1983,09:07:25,194
(73)-04-61582,(55)-20-44507,05/06/1983,13:44:19,3523
(77)-10-57952,(78)-08-80676,05/06/1983,20:43:41,260
(37)-15-90209,(47)-07-47209,05/06/1983,20:58:30,231
(51)-22-55057,(27)-24-59576,05/06/1983,23:12:58,144
(20)-12-70096,(21)-21-38780,05/07/1983,02:50:38,1711
(37)-03-49894,(71)-08-61255,05/07/1983,08:11:57,79
(35)-09-58096,(61)-08-98705,05/07/1983,11:01:13,30
(67)-04-43355,(20)-24-55194,05/07/1983,11:23:16,183
(69)-14-95389,(40)-21-89386,05/07/1983,23:31:19,337
(21)-24-70275,(71)-00-82991,05/08/1983,04:10:21,3522
(49)-06-92008,(34)-24-74844,05/08/1983,05:27:06,288
(54)-13-45142,(72)-03-04291,05/08/1983,09:38:27,297
(58)-19-70002,(54)-16-65787,05/08/1983,12:37:42,3587
(38)-20-44205,(44)-18-00865,05/08/1983,18:30:45,32
(54)-00-26191,(45)-17-24529,05/08/1983,23:17:50,2751
(28)-19-51861,(66)-00-25595,05/09/1983,03:35:47,755
(38)-06-23416,(44)-15-74122,05/09/1983,03:45:17,663
(62)-12-98875,(67)-15-73847,05/09/1983,11:17:51,185
(53)-07-81634,(71)-00-29259,05/09/1983,12:34:41,600
(40)-23-04865,(44)-09-71662,05/09/1983,15:07:06,608
(44)-04-16788,(65)-04-10617,05/09/1983,22:33:56,54
(74)-03-09919,(53)-07-09443,05/10/1983,05:44:26,673
(55)-19-89563,(79)-03-67101,05/10/1983,12:23:36,94
(33)-19-07381,(41)-15-95346,05/10/1983,15:43:06,1097
(35)-01-88517,(77)-01-97448,05/10/1983,18:20:00,780
(57)-05-62119,(27)-10-82984,05/10/1983,20:07:59,257
(70)-03-49444,(20)-03-47199,05/10/1983,22:04:55,1962
(79)-07-25926,(77)-09-49206,05/11/1983,02:54:37,175
(51)-14-67133,(67)-14-36563,05/11/1983,03:10:08,72
(69)-15-08589,(24)-01-52876,05/11/1983,12:47:07,98
(57)-11-77239,(74)-04-72172,05/11/1983,13:07:37,184
(27)-30-26659,(45)-21-30995,05/11/1983,14:03:53,673
(76)-02-53770,(23)-04-34457,05/11/1983,14:24:28,70
(20)-12-66690,(21)-19-13869,05/11/1983,15:13:49,2459
(23)-23-27005,(52)-02-35435,05/11/1983,15:19:05,63
(48)-14-38631,(57)-15-22529,05/11/1983,21:59:18,302
(69)-16-24308,(57)-16-95903,05/12/1983,08:40:26,649
(25)-20-56258,(70)-12-28616,05/12/1983,21:55:10,215
(26)-28-14373,(48)-07-19949,05/13/1983,11:44:35,6157
(32)-00-83079,(39)-02-32869,05/13/1983,13:36:40,21
(44)-01-17438,(72)-11-13138,05/13/1983,14:16:16,1136
(25)-17-33650,(40)-17-79372,05/14/1983,08:23:37,191
(22)-30-04477,(39)-18-29837,05/14/1983,13:04:44,1718
(22)-14-79293,(37)-23-85811,05/14/1983,17:22:50,896
(53)-06-42847,(51)-11-87964,05/14/1983,17:23:21,5
(71)-05-27484,(32)-25-57003,05/14/1983,20:21:16,374
(26)-30-87657,(28)-03-57513,05/14/1983,21:22:05,509
(28)-19-33235,(72)-00-16305,05/14/1983,22:08:02,379
(20)-33-12026,(65)-06-68691,05/15/1983,02:47:20,697
(55)-11-07909,(32)-18-72418,05/15/1983,08:17:52,923
(50)-23-80487,(60)-19-30585,05/15/1983,09:27:12,177
(55)-05-26297,(71)-13-82522,05/15/1983,18:59:38,620
(78)-01-64615,(64)-16-76434,05/15/1983,21:45:29,326
(57)-11-84972,(62)-10-22067,05/16/1983,01:58:56,150
(25)-24-15980,(62)-05-09866,05/16/1983,02:52:43,248
(45)-07-51802,(22)-31-93769,05/16/1983,05:34:37,141
(76)-13-86587,(29)-00-43010,05/16/1983,05:50:26,69
(38)-21-86407,(50)-18-69005,05/16/1983,06:15:50,560
(22)-23-32343,(70)-11-52421,05/16/1983,10:23:44,2256
(76)-04-99769,(75)-01-10580,05/16/1983,10:43:32,455
(42)-16-68050,(75)-01-39160,05/16/1983,12:56:34,2926
(52)-21-31688,(72)-07-49729,05/16/1983,18:28:40,1468
(63)-02-82434,(73)-08-69660,05/16/1983,20:41:31,854
(22)-03-68912,(23)-02-63479,05/17/1983,02:42:53,369
(40)-15-60813,(65)-05-17159,05/17/1983,10:37:26,380
(47)-08-97044,(42)-09-45715,05/17/1983,13:06:38,18
(54)-19-34347,(34)-17-56916,05/17/1983,16:49:23,668
(79)-07-65669,(47)-01-25632,05/17/1983,17:25:18,27
(63)-10-75995,(32)-06-83722,05/17/1983,19:14:42,179
(52)-18-53192,(52)-15-64456,05/17/1983,19:43:34,220
(78)-07-50604,(74)-11-73195,05/17/1983,20:46:23,3485
(23)-00-51312,(47)-04-42206,05/17/1983,22:52:18,210
(68)-02-26719,(67)-03-84442,05/18/1983,03:24:58,138
(26)-26-57523,(31)-21-08101,05/18/1983,13:46:12,2014
(54)-08-08454,(48)-16-33955,05/18/1983,14:53:54,265
(79)-03-00873,(37)-27-68552,05/18/1983,15:47:21,212
(64)-03-37381,(38)-19-45357,05/19/1983,00:11:24,3225
(62)-08-80381,(56)-00-20743,05/19/1983,00:27:31,805
(63)-02-52074,(35)-17-27330,05/19/1983,07:25:06,240
(41)-17-16897,(77)-06-20532,05/19/1983,07:40:51,67
(79)-07-07573,(37)-16-17185,05/19/1983,08:21:12,2088
(74)-08-88787,(46)-20-82123,05/19/1983,20:50:01,477
(64)-01-08680,(63)-02-90778,05/19/1983,23:51:31,149
(50)-11-11634,(27)-14-64183,05/20/1983,05:06:31,3224
(23)-23-91318,(67)-12-87493,05/20/1983,06:22:08,143
(58)-02-83968,(57)-20-04491,05/20/1983,09:04:43,209
(68)-13-44472,(74)-06-17857,05/21/1983,11:20:33,885
(40)-20-86200,(41)-18-99898,05/21/1983,15:03:20,3083
(71)-00-09029,(64)-16-64337,05/21/1983,20:08:42,77
(22)-18-98617,(25)-18-25033,05/22/1983,00:57:23,266
(67)-17-91221,(21)-07-48076,05/22/1983,04:46:03,424
(40)-12-63264,(39)-10-47262,05/23/1983,05:30:33,87
(43)-13-01664,(61)-16-47189,05/23/1983,10:14:17,109
(54)-13-29102,(35)-26-19629,05/23/1983,19:02:12,3147
(31)-08-99034,(29)-15-57082,05/23/1983,19:29:40,2606
(27)-15-90192,(25)-03-56973,05/24/1983,00:42:38,2187
(39)-17-71027,(33)-28-38199,05/24/1983,02:32:30,1091
(35)-14-45840,(51)-11-04535,05/24/1983,02:52:10,171
(24)-24-94262,(63)-03-31896,05/24/1983,05:12:25,634
(57)-09-52987,(43)-12-25675,05/24/1983,11:42:16,23
(35)-24-77435,(72)-05-25924,05/24/1983,19:22:00,6328
(58)-08-38547,(64)-00-10436,05/24/1983,19:57:38,198
(53)-00-69671,(28)-25-74002,05/25/1983,02:58:31,112
(59)-10-79428,(21)-32-90939,05/25/1983,06:21:18,34
(50)-21-26397,(34)-21-12709,05/25/1983,06:44:01,473
(57)-17-51135,(68)-06-49431,05/25/1983,20:55:40,1282
(60)-08-33665,(57)-05-77426,05/25/1983,21:32:15,802
(55)-18-40257,(36)-04-42595,05/26/1983,11:58:38,2305
(52)-16-23848,(64)-17-44954,05/26/1983,20:42:31,686
(32)-02-48889,(34)-12-31664,05/26/1983,22:03:31,216
(39)-05-21983,(23)-26-89003,05/27/1983,08:09:53,438
(71)-02-27460,(60)-01-39600,05/27/1983,12:04:55,253
(36)-16-88765,(35)-18-08373,05/27/1983,12:58:45,760
(55)-13-85943,(38)-26-34674,05/27/1983,14:33:19,48
(31)-10-23702,(50)-05-74282,05/27/1983,22:06:50,247
(52)-22-37230,(65)-05-05260,05/28/1983,03:27:00,268
(23)-07-61454,(59)-14-54938,05/28/1983,06:39:29,731
(44)-06-18906,(32)-13-69359,05/28/1983,14:52:18,142
(53)-11-49295,(60)-07-11228,05/28/1983,16:42:47,101
(28)-25-38987,(41)-21-46213,05/28/1983,18:27:30,641
(71)-15-47283,(33)-21-29679,05/29/1983,02:01:13,615
(41)-19-29172,(59)-01-25607,05/29/1983,05:35:20,220
(45)-09-07018,(60)-04-28350,05/29/1983,10:00:33,2788
(46)-12-51535,(65)-10-61231,05/29/1983,17:36:37,80
(65)-14-35884,(41)-05-02824,05/29/1983,17:43:59,116
(46)-10-96808,(60)-09-11899,05/29/1983,21:14:17,18
(48)-19-45451,(65)-06-66171,05/30/1983,04:06:55,769
(27)-23-07554,(48)-20-54772,05/30/1983,09:26:54,169
(30)-14-71653,(58)-00-32061,05/30/1983,13:03:03,188
(29)-05-13172,(44)-14-79494,05/30/1983,17:56:06,138
(52)-12-92056,(64)-18-51604,05/31/1983,03:40:54,329
(64)-07-03180,(24)-19-95413,05/31/1983,06:40:16,54
(32)-05-12155,(46)-23-98134,05/31/1983,07:01:47,837
(76)-06-87751,(56)-00-47679,05/31/1983,09:47:36,241
(49)-18-55421,(68)-16-84280,05/31/1983,14:16:55,1418
(78)-03-94459,(64)-07-53801,05/31/1983,16:06:33,346
(33)-01-01364,(72)-10-69924,05/31/1983,23:04:02,882
(37)-05-63596,(51)-19-60444,06/01/1983,06:43:57,392
(72)-15-10886,(36)-11-36012,06/01/1983,07:43:12,255
(26)-16-72537,(41)-19-19314,06/02/1983,09:14:38,895
(46)-15-57699,(34)-25-54073,06/02/1983,15:07:03,557
(47)-23-13338,(36)-27-86053,06/02/1983,18:48:19,2250
(50)-15-95426,(57)-05-18248,06/02/1983,22:06:14,1951
(55)-03-65662,(29)-11-70116,06/03/1983,01:57:00,577
(26)-04-46031,(68)-06-99510,06/03/1983,05:21:08,370
(33)-14-24225,(68)-07-71093,06/03/1983,05:45:56,189
(45)-10-35064,(71)-05-56847,06/03/1983,12:38:06,21
(44)-12-69016,(21)-28-33091,06/03/1983,16:56:56,603
(53)-20-45325,(41)-19-17983,06/03/1983,19:13:03,1822
(63)-16-95247,(56)-15-75002,06/03/1983,19:19:58,1382
(26)-25-16141,(78)-02-85023,06/03/1983,21:31:21,116
(74)-03-22689,(25)-18-28293,06/04/1983,01:14:03,582
(51)-00-53352,(23)-24-29911,06/04/1983,07:23:03,3961
(47)-06-75314,(67)-12-31384,06/04/1983,13:19:56,3018
(61)-03-88388,(66)-17-81021,06/04/1983,13:59:32,3085
(53)-16-88024,(59)-00-66242,06/04/1983,14:04:17,171
(77)-07-45089,(43)-12-97690,06/04/1983,21:07:40,111
(24)-18-67976,(40)-16-03152,06/05/1983,00:26:22,76
(45)-05-79979,(43)-22-75710,06/05/1983,03:13:04,3099
(65)-01-43472,(40)-12-23714,06/05/1983,07:26:59,184
(77)-05-56121,(53)-09-93012,06/05/1983,12:46:43,57
(60)-00-39353,(49)-07-88681,06/05/1983,14:44:09,114
(37)-12-79178,(38)-11-45045,06/06/1983,02:47:22,687
(58)-07-35535,(27)-28-47755,06/06/1983,15:26:12,188
(40)-23-44925,(71)-02-26510,06/06/1983,16:01:01,224
(39)-09-96732,(78)-01-12407,06/06/1983,22:35:12,352
(34)-23-62326,(48)-17-14601,06/07/1983,01:05:25,3117
(70)-14-44603,(50)-05-53958,06/07/1983,08:26:57,793
(79)-11-01762,(67)-02-59504,06/07/1983,09:34:35,2484
(54)-08-53321,(52)-12-13964,06/07/1983,15:37:18,2877
(45)-03-11311,(33)-27-93211,06/07/1983,23:32:42,3361
(58)-09-56209,(34)-23-50978,06/08/1983,00:40:04,137
(41)-04-55045,(71)-02-90221,06/08/1983,07:03:52,782
(62)-03-27725,(39)-16-26528,06/08/1983,08:35:51,2759
(41)-06-18104,(44)-06-63479,06/08/1983,21:36:58,56
(75)-09-99661,(68)-06-79775,06/09/1983,06:35:23,1039
(59)-15-26054,(76)-10-47650,06/09/1983,10:54:40,126
(49)-18-32454,(46)-08-05668,06/09/1983,14:48:32,121
(62)-16-43274,(52)-14-64203,06/09/1983,14:52:38,3296
(20)-17-30388,(72)-10-73369,06/09/1983,17:21:30,723
(57)-04-90254,(64)-18-00316,06/09/1983,21:38:46,483
(59)-15-94639,(45)-07-25421,06/09/1983,22:34:13,887
(41)-05-40908,(25)-08-07287,06/10/1983,07:28:52,1947
(34)-15-10088,(53)-19-38525,06/10/1983,08:53:23,160
(42)-05-04563,(72)-10-99739,06/10/1983,17:19:18,880
(32)-28-96239,(50)-01-18024,06/10/1983,18:16:56,755
(45)-11-71843,(52)-17-44428,06/10/1983,21:15:59,692
(64)-04-17500,(32)-02-61491,06/11/1983,13:29:17,318
(30)-27-23173,(54)-19-64854,06/11/1983,17:57:54,307
(71)-00-09029,(69)-15-19622,06/12/1983,02:59:09,249
(48)-17-79847,(62)-18-62479,06/12/1983,04:59:16,1682
(62)-02-69274,(59)-08-74158,06/12/1983,06:44:35,258
(38)-22-80458,(36)-04-74869,06/12/1983,08:59:40,2867
(58)-00-59203,(42)-10-84274,06/12/1983,18:24:59,519
(32)-20-25184,(36)-00-40817,06/12/1983,22:12:53,98
(49)-08-57253,(28)-08-25749,06/12/1983,22:40:38,59
(66)-06-43049,(33)-21-24480,06/12/1983,23:30:44,217
(41)-12-21390,(47)-17-20500,06/12/1983,23:43:58,31
(63)-07-78286,(50)-21-24800,06/13/1983,03:39:40,285
(23)-01-22512,(25)-30-51405,06/13/1983,06:27:12,637
(52)-15-97611,(38)-13-26889,06/13/1983,10:50:18,120
(76)-10-52544,(21)-18-71863,06/13/1983,13:07:42,3173
(36)-24-15649,(26)-07-77180,06/13/1983,15:01:40,986
(26)-28-33203,(41)-26-54225,06/13/1983,17:39:19,491
(31)-10-59058,(49)-17-34429,06/13/1983,20:59:56,1676
(73)-09-36093,(69)-11-93372,06/14/1983,01:10:21,78
(31)-01-44423,(35)-18-16873,06/14/1983,04:22:50,293
(49)-10-01618,(29)-10-09579,06/14/1983,04:25:13,256
(62)-00-07971,(57)-10-10614,06/14/1983,14:55:16,409
(22)-03-88777,(25)-20-32005,06/14/1983,16:31:04,65
(29)-18-53246,(52)-15-99351,06/15/1983,07:05:33,208
(76)-08-74112,(22)-06-84958,06/15/1983,07:46:54,21
(25)-14-64283,(30)-25-58588,06/15/1983,13:33:36,8
(74)-05-23753,(72)-12-42252,06/15/1983,20:08:32,1979
(34)-05-52799,(59)-08-60535,06/15/1983,20:35:16,3930
(60)-06-11845,(59)-03-80335,06/16/1983,00:23:02,802
(76)-14-69589,(67)-10-87919,06/16/1983,10:55:21,1537
(25)-21-24388,(58)-11-29776,06/16/1983,14:58:30,2738
(53)-02-56592,(55)-21-63468,06/16/1983,16:41:34,113
(23)-15-01242,(51)-14-87387,06/16/1983,21:48:33,226
(63)-04-23536,(52)-22-09310,06/17/1983,03:23:50,214
(35)-01-35771,(74)-02-79774,06/17/1983,12:28:42,23
(28)-21-52177,(32)-16-18255,06/18/1983,03:20:27,93
(71)-09-07382,(65)-05-69201,06/18/1983,05:33:38,150
(55)-17-28412,(70)-12-51354,06/18/1983,06:34:32,105
(30)-03-17309,(77)-14-51164,06/18/1983,09:28:34,449
(62)-00-82217,(56)-02-32361,06/19/1983,02:49:29,2312
(45)-24-84464,(35)-08-32061,06/19/1983,02:59:45,275
(78)-05-59517,(47)-02-73563,06/19/1983,06:49:12,1477
(60)-04-62362,(50)-02-90580,06/19/1983,11:21:03,3263
(38)-15-03867,(20)-10-92133,06/19/1983,12:46:27,119
(32)-18-80820,(22)-26-75849,06/19/1983,18:26:34,727
(76)-02-98627,(57)-10-64618,06/19/1983,18:36:06,263
(53)-05-51726,(46)-03-82226,06/19/1983,21:21:49,119
(60)-14-34715,(67)-12-51117,06/20/1983,00:32:07,745
(79)-09-37508,(53)-17-23426,06/20/1983,01:53:39,503
(78)-08-15982,(35)-28-48415,06/20/1983,11:45:57,125
(26)-25-20240,(56)-03-18688,06/21/1983,11:25:32,51
(32)-28-69860,(50)-13-65640,06/21/1983,14:24:43,679
(22)-16-78889,(68)-06-75562,06/21/1983,14:51:40,1671
(23)-25-80122,(25)-03-52566,06/21/1983,17:04:53,184
(61)-01-96557,(71)-08-46162,06/21/1983,18:26:28,75
(55)-08-68398,(23)-11-77064,06/21/1983,20:10:38,60
(47)-16-75506,(24)-06-79367,06/21/1983,22:47:53,571
(52)-17-48887,(30)-02-18600,06/22/1983,06:05:37,246
(68)-01-52724,(56)-10-45307,06/22/1983,18:04:49,298
(48)-21-79243,(40)-22-59568,06/22/1983,20:32:26,18
(44)-12-94210,(27)-03-29784,06/22/1983,20:40:55,5
(37)-13-69867,(20)-00-64045,06/22/1983,21:51:09,71
(28)-21-52177,(43)-10-83441,06/23/1983,04:22:43,354
(57)-04-68020,(60)-16-69423,06/23/1983,04:30:49,3242
(63)-18-62236,(49)-05-19780,06/23/1983,06:14:01,82
(63)-18-30106,(62)-00-32038,06/23/1983,17:40:14,99
(26)-10-14642,(45)-14-96886,06/23/1983,21:44:07,541
(63)-02-58683,(25)-11-18950,06/24/1983,14:19:46,440
(25)-06-83053,(48)-19-99302,06/24/1983,14:44:39,769
(25)-10-14878,(25)-18-18486,06/24/1983,22:38:21,2880
(51)-11-92012,(31)-10-77200,06/24/1983,23:43:24,124
(21)-16-94093,(75)-14-85395,06/25/1983,23:45:27,91
(63)-02-20107,(22)-07-91983,06/26/1983,10:13:53,292
(73)-12-97787,(35)-04-99969,06/26/1983,12:41:54,35
(28)-09-81524,(42)-15-61852,06/26/1983,18:51:00,171
(75)-13-96041,(39)-07-63459,06/26/1983,21:41:38,431
(22)-18-67268,(38)-21-28211,06/26/1983,22:59:44,1659
(51)-04-99425,(41)-17-16035,06/27/1983,13:41:48,158
(37)-19-85222,(74)-01-33550,06/28/1983,01:06:25,1002
(36)-07-07757,(51)-12-68110,06/28/1983,02:04:53,262
(41)-24-74958,(55)-03-39519,06/28/1983,02:09:59,182
(38)-02-09610,(20)-17-98956,06/28/1983,05:41:08,45
(64)-11-34118,(51)-05-63040,06/28/1983,17:59:38,284
(65)-16-42723,(33)-08-30339,06/29/1983,03:39:43,280
(76)-11-88794,(53)-07-55371,06/29/1983,05:46:43,563
(61)-15-97430,(78)-01-56507,06/29/1983,09:57:31,813
(44)-17-63881,(56)-15-27953,06/29/1983,11:43:40,842
(47)-10-45848,(29)-08-87413,06/29/1983,16:02:44,7
(47)-17-56870,(60)-00-24165,06/29/1983,16:12:44,4307
(38)-24-62076,(32)-06-35236,06/29/1983,23:37:49,44
(77)-09-57453,(41)-19-31138,06/30/1983,10:07:16,166
(63)-01-82498,(48)-22-59999,06/30/1983,12:31:13,1379
(64)-14-32590,(44)-07-10362,06/30/1983,18:35:25,439
(71)-01-80419,(39)-16-02967,06/30/1983,20:52:21,475
(20)-26-48227,(60)-06-45682,07/01/1983,10:26:48,168
(24)-28-84859,(37)-10-15269,07/01/1983,12:27:46,228
(50)-15-33781,(57)-17-42530,07/01/1983,15:17:02,240
(25)-01-55676,(55)-04-40853,07/01/1983,17:52:05,100
(30)-14-02837,(59)-15-60379,07/01/1983,19:19:42,138
(33)-03-57908,(41)-00-64904,07/02/1983,03:50:46,2612
(50)-16-04136,(71)-00-75936,07/02/1983,04:45:19,145
(32)-24-91159,(60)-15-39245,07/02/1983,05:30:57,58
(63)-18-07005,(66)-13-87391,07/02/1983,05:47:12,203
(60)-17-60074,(60)-15-25964,07/02/1983,12:01:55,198
(37)-04-40853,(36)-10-22660,07/02/1983,15:04:30,49
(71)-11-01823,(27)-13-74887,07/02/1983,20:49:25,654
(36)-17-64773,(42)-09-89235,07/02/1983,21:59:07,1775
(78)-07-32250,(57)-02-15362,07/02/1983,23:53:43,1608
(39)-17-77086,(74)-09-81288,07/03/1983,02:42:30,1149
(61)-16-47482,(79)-12-65099,07/03/1983,03:24:41,19
(59)-00-06473,(32)-13-12607,07/03/1983,11:54:31,549
(75)-08-20874,(60)-05-54918,07/03/1983,13:48:02,17
(55)-12-42867,(48)-02-28979,07/03/1983,23:13:41,828
(22)-10-49441,(56)-09-14942,07/04/1983,08:51:31,244
(41)-12-51027,(75)-09-45286,07/04/1983,17:16:35,259
(40)-18-57767,(65)-05-26521,07/04/1983,18:52:00,38
(51)-08-11955,(20)-17-55332,07/04/1983,19:54:27,482
(34)-10-17001,(37)-09-24585,07/04/1983,20:24:38,559
(52)-07-96046,(66)-05-98091,07/05/1983,04:05:49,6192
(62)-11-77154,(37)-25-31368,07/05/1983,09:59:17,196
(26)-19-65008,(68)-11-55012,07/05/1983,17:30:16,369
(22)-21-83049,(39)-08-68125,07/05/1983,19:05:57,12
(56)-02-98194,(36)-16-33478,07/06/1983,00:54:03,550
(28)-17-97885,(28)-27-57958,07/06/1983,01:01:18,185
(53)-09-91152,(50)-22-87593,07/06/1983,05:01:23,2901
(20)-03-79799,(40)-01-51440,07/06/1983,05:33:39,2645
(28)-01-76287,(68)-00-63646,07/06/1983,06:58:24,671
(32)-09-20814,(66)-04-65897,07/06/1983,15:54:07,790
(54)-06-71176,(60)-12-44968,07/07/1983,05:56:35,88
(72)-13-48149,(32)-24-29234,07/07/1983,13:05:10,216
(73)-02-17234,(69)-08-99524,07/07/1983,14:24:04,512
(69)-12-87094,(22)-17-12824,07/07/1983,15:50:13,679
(75)-06-45272,(23)-31-53673,07/07/1983,21:59:28,1479
(41)-18-84197,(61)-19-79599,07/08/1983,02:55:29,3003
(25)-13-06270,(26)-06-19211,07/08/1983,04:47:42,142
(54)-19-21754,(33)-15-88506,07/08/1983,17:03:03,3371
(63)-13-77342,(67)-00-46530,07/09/1983,02:29:32,116
(75)-13-18973,(75)-02-02618,07/09/1983,19:57:06,812
(30)-05-80353,(33)-27-05872,07/10/1983,00:21:06,299
(30)-19-92469,(20)-23-40140,07/10/1983,02:52:24,754
(32)-19-79728,(77)-09-93003,07/10/1983,11:34:30,85
(71)-08-22219,(38)-17-76933,07/10/1983,19:10:54,621
(66)-00-72623,(52)-22-76698,07/11/1983,04:04:26,804
(39)-26-16506,(36)-00-74852,07/11/1983,13:03:27,46
(26)-04-42518,(77)-08-51035,07/11/1983,13:11:52,762
(44)-24-25128,(41)-21-55413,07/11/1983,13:46:31,2808
(54)-04-77287,(48)-09-77804,07/11/1983,14:17:30,1028
(70)-07-84909,(33)-27-24491,07/11/1983,17:10:29,600
(63)-17-05030,(64)-14-95753,07/11/1983,23:37:22,607
(65)-06-83260,(51)-09-64511,07/12/1983,02:41:53,152
(54)-14-66522,(59)-13-14668,07/12/1983,04:45:20,187
(38)-09-82486,(56)-18-99706,07/12/1983,07:06:18,1933
(22)-07-83803,(75)-03-74626,07/12/1983,07:49:16,839
(65)-08-29177,(54)-11-39746,07/12/1983,08:46:08,2828
(33)-21-96007,(34)-26-60225,07/12/1983,12:12:53,152
(50)-20-41554,(38)-13-47847,07/12/1983,20:17:07,298
(43)-22-78617,(60)-11-34572,07/12/1983,20:33:16,272
(70)-05-56858,(75)-11-24375,07/13/1983,03:21:38,249
(67)-01-38573,(51)-19-55032,07/13/1983,15:09:34,172
(46)-05-18834,(69)-16-11379,07/14/1983,00:58:36,1060
(33)-07-89287,(47)-16-17855,07/14/1983,04:56:25,360
(68)-08-48897,(21)-18-79606,07/14/1983,09:48:04,116
(41)-22-25327,(72)-13-36441,07/14/1983,10:03:37,532
(32)-18-14246,(70)-14-97601,07/14/1983,18:19:28,54
(58)-05-75992,(36)-22-38839,07/14/1983,22:29:52,141
(50)-00-26043,(51)-00-30581,07/15/1983,04:31:05,34
(33)-19-54864,(67)-03-60975,07/15/1983,05:43:08,244
(50)-15-23097,(35)-16-37579,07/15/1983,07:20:30,1180
(26)-00-14739,(71)-03-96130,07/15/1983,22:36:44,3567
(35)-18-32104,(64)-16-80002,07/16/1983,00:54:06,472
(41)-02-41551,(23)-16-99361,07/16/1983,03:33:36,876
(52)-06-60769,(78)-04-26927,07/16/1983,05:44:22,447
(57)-14-01911,(20)-07-13925,07/16/1983,14:11:11,299
(54)-17-75755,(21)-23-60155,07/16/1983,19:20:53,275
(46)-10-30261,(70)-14-90371,07/16/1983,21:17:14,284
(20)-28-05948,(26)-11-83541,07/16/1983,22:28:55,207
(36)-21-38073,(66)-04-20306,07/16/1983,23:26:03,290
(72)-05-10042,(29)-05-88487,07/17/1983,12:16:35,852
(74)-06-43864,(74)-01-09520,07/17/1983,13:45:05,69
(29)-18-52316,(23)-06-14497,07/17/1983,14:39:07,887
(48)-05-43133,(70)-10-26725,07/17/1983,16:55:09,144
(71)-10-78524,(67)-15-20129,07/17/1983,20:37:39,3470
(50)-12-55380,(51)-17-92356,07/18/1983,07:41:44,799
(46)-05-46558,(42)-02-00354,07/18/1983,08:29:53,73
(55)-03-49263,(70)-15-87252,07/18/1983,13:00:38,370
(55)-04-67545,(55)-17-34395,07/18/1983,20:09:02,165
(45)-01-76077,(54)-01-20616,07/19/1983,09:57:05,161
(37)-13-66645,(33)-10-99016,07/19/1983,12:26:17,252
(47)-12-24623,(40)-16-40803,07/19/1983,13:43:44,269
(50)-14-29225,(52)-02-09543,07/19/1983,15:53:08,4640
(71)-11-20442,(31)-16-05417,07/19/1983,18:53:51,684
(37)-18-92089,(56)-02-55724,07/19/1983,20:18:31,1763
(56)-07-71704,(67)-06-18225,07/19/1983,23:18:13,3449
(57)-14-46168,(69)-14-47615,07/20/1983,08:31:51,783
(33)-07-70331,(74)-00-88318,07/20/1983,09:56:34,93
(74)-05-82236,(76)-03-32179,07/20/1983,11:53:58,641
(30)-28-86397,(73)-04-54671,07/21/1983,03:59:25,131
(49)-10-03826,(55)-05-84780,07/21/1983,06:08:08,501
(63)-04-48704,(52)-16-52124,07/21/1983,06:47:20,748
(58)-07-64398,(44)-00-78231,07/21/1983,09:45:11,304
(44)-07-38275,(23)-09-01252,07/22/1983,01:47:45,137
(42)-17-68504,(50)-20-27134,07/22/1983,02:45:45,549
(29)-22-39090,(28)-07-35344,07/22/1983,09:16:29,330
(65)-12-43066,(49)-19-09187,07/22/1983,14:03:43,1672
(21)-16-84084,(46)-18-57291,07/22/1983,18:51:07,109
(27)-18-72750,(30)-15-38409,07/22/1983,20:36:43,1036
(52)-14-92764,(60)-17-99995,07/23/1983,11:29:07,881
(73)-04-95149,(57)-18-61430,07/23/1983,19:26:21,734
(49)-02-80069,(49)-02-31583,07/24/1983,07:57:58,385
(29)-04-43554,(74)-04-77572,07/24/1983,19:21:09,10
(36)-20-23074,(77)-00-81525,07/25/1983,00:03:19,22
(46)-23-11794,(38)-00-79150,07/25/1983,01:43:42,277
(36)-21-44330,(51)-12-47691,07/25/1983,15:12:59,2800
(30)-27-22205,(74)-10-89130,07/25/1983,15:56:56,213
(77)-07-76693,(63)-03-97344,07/25/1983,17:31:15,3416
(34)-17-44230,(41)-20-91531,07/25/1983,22:17:01,63
(47)-17-17730,(65)-16-42304,07/26/1983,03:48:02,401
(20)-15-03650,(76)-09-16391,07/26/1983,05:48:33,83
(60)-15-87003,(52)-13-61255,07/26/1983,07:09:15,480
(49)-06-63242,(24)-17-93730,07/26/1983,20:09:21,292
(62)-03-84870,(45)-11-00516,07/26/1983,22:25:12,226
(41)-21-22644,(72)-09-00771,07/27/1983,01:08:07,480
(33)-10-81054,(43)-00-83197,07/27/1983,03:09:17,116
(40)-05-27352,(24)-01-36412,07/27/1983,08:55:06,48
(46)-05-28458,(58)-16-33300,07/27/1983,19:48:59,2546
(66)-10-57992,(24)-11-23401,07/28/1983,04:24:50,417
(48)-04-21308,(36)-06-59532,07/28/1983,13:37:06,414
(57)-18-38295,(70)-07-29519,07/28/1983,14:37:45,233
(68)-00-28648,(37)-26-98237,07/28/1983,15:45:57,2951
(23)-05-50294,(29)-05-47206,07/29/1983,11:01:54,2441
(78)-10-87143,(42)-07-10315,07/29/1983,11:39:02,18
(74)-13-12290,(29)-22-10699,07/29/1983,12:07:47,931
(53)-19-44719,(29)-04-01058,07/29/1983,20:55:37,645
(73)-10-30198,(45)-24-68924,07/30/1983,03:24:58,174
(60)-10-43872,(33)-15-48420,07/30/1983,15:32:52,219
(76)-10-80933,(57)-13-32963,07/31/1983,04:26:42,756
(73)-13-29363,(54)-02-19435,07/31/1983,12:09:11,83
(20)-04-78015,(20)-07-82136,07/31/1983,13:50:59,739
(27)-04-17247,(27)-26-30944,07/31/1983,15:44:23,756
(68)-13-48474,(75)-14-03552,07/31/1983,23:20:57,281
(50)-21-74763,(21)-05-43233,08/01/1983,02:25:32,178
(28)-03-42245,(36)-21-87349,08/01/1983,02:45:15,122
(60)-02-49637,(25)-29-99592,08/01/1983,03:06:00,65
(75)-06-75612,(41)-19-13232,08/01/1983,22:18:14,568
(27)-29-08805,(72)-02-93800,08/02/1983,05:14:42,315
(51)-15-88065,(76)-10-71483,08/02/1983,10:40:29,186
(69)-01-30983,(73)-10-47513,08/02/1983,19:17:47,496
(51)-06-79638,(23)-00-25725,08/03/1983,01:11:59,713
(25)-27-95856,(77)-02-77632,08/03/1983,14:03:26,24
(76)-08-61869,(55)-17-06090,08/03/1983,14:28:54,1027
(20)-20-22320,(70)-14-46429,08/03/1983,17:38:51,322
(21)-20-52781,(78)-03-32646,08/04/1983,00:23:13,522
(71)-01-24362,(39)-11-18206,08/04/1983,02:07:56,1647
(69)-13-09911,(22)-09-49903,08/04/1983,15:25:46,117
(55)-04-31765,(56)-13-52342,08/04/1983,19:37:35,471
(67)-14-63776,(62)-01-56173,08/05/1983,00:23:20,239
(51)-18-34317,(71)-16-40580,08/05/1983,09:02:15,1665
(63)-00-83242,(32)-22-64629,08/05/1983,14:41:18,708
(55)-16-49900,(64)-10-05045,08/05/1983,14:56:54,130
(31)-11-22698,(70)-06-16491,08/05/1983,15:33:45,725
(30)-05-40977,(76)-09-40504,08/05/1983,17:05:18,271
(27)-23-07407,(42)-16-06789,08/05/1983,17:49:08,1282
(58)-11-41224,(42)-18-78778,08/05/1983,20:07:18,603
(59)-05-97107,(64)-05-27038,08/06/1983,01:07:48,174
(51)-00-62394,(43)-23-35799,08/06/1983,02:12:29,892
(44)-18-43967,(24)-14-11173,08/06/1983,03:26:23,35
(55)-18-01011,(33)-21-15168,08/06/1983,06:44:19,1529
(61)-16-09990,(78)-08-23261,08/06/1983,08:33:51,409
(43)-24-06557,(75)-08-44287,08/06/1983,10:44:08,312
(21)-01-46354,(72)-08-83395,08/06/1983,18:16:13,260
(25)-23-11262,(73)-10-73986,08/06/1983,20:30:55,2460
(62)-11-20712,(61)-19-54259,08/06/1983,21:55:53,209
(30)-27-08247,(61)-05-90159,08/07/1983,05:29:01,316
(26)-00-44252,(35)-15-18593,08/07/1983,06:47:01,749
(58)-19-39044,(65)-12-86731,08/07/1983,10:47:21,2698
(40)-22-31301,(57)-09-51248,08/07/1983,14:16:00,3145
(49)-11-28565,(22)-25-52825,08/07/1983,21:32:02,1781
(75)-05-69135,(24)-05-45183,08/08/1983,01:05:06,316
(78)-05-16716,(40)-24-15636,08/08/1983,03:26:36,24
(46)-23-65630,(22)-07-11693,08/08/1983,05:01:27,877
(75)-10-08007,(32)-05-24606,08/08/1983,08:00:37,1441
(41)-01-49119,(34)-28-98030,08/08/1983,11:45:25,121
(55)-15-87696,(39)-19-71226,08/08/1983,13:10:49,327
(54)-04-27739,(38)-06-03281,08/08/1983,19:15:46,17
(47)-07-55080,(32)-25-71945,08/09/1983,02:20:22,586
(64)-16-59873,(63)-02-29258,08/09/1983,07:53:21,296
(52)-11-95659,(47)-20-15205,08/09/1983,15:53:21,321
(68)-12-42201,(38)-27-55572,08/10/1983,10:56:41,19
(35)-18-35686,(61)-04-56122,08/10/1983,23:32:45,65
(27)-04-26201,(64)-08-33785,08/10/1983,23:49:30,211
(35)-05-66673,(41)-19-24803,08/11/1983,01:33:55,1147
(43)-01-04908,(43)-12-64337,08/11/1983,01:39:13,1987
(56)-11-19948,(54)-02-91953,08/11/1983,03:50:47,259
(72)-12-81336,(23)-29-28824,08/11/1983,06:50:42,133
(56)-20-20364,(70)-04-84099,08/11/1983,13:05:07,820
(65)-05-11746,(75)-04-64160,08/11/1983,17:17:15,856
(47)-03-31658,(39)-19-04012,08/12/1983,00:25:35,350
(68)-13-15213,(43)-06-94881,08/12/1983,02:12:45,297
(24)-25-76586,(29)-13-32833,08/12/1983,08:35:19,691
(68)-16-62315,(45)-06-55589,08/12/1983,18:10:00,67
(25)-19-16423,(22)-10-07923,08/13/1983,13:29:17,2828
(61)-13-00556,(53)-03-28877,08/13/1983,14:50:59,3459
(39)-15-05477,(28)-19-03223,08/13/1983,22:46:58,5114
(36)-23-78506,(31)-23-35846,08/13/1983,23:16:37,282
(26)-15-09687,(56)-07-62377,08/14/1983,18:30:16,2067
(37)-15-83345,(29)-21-40347,08/14/1983,18:54:06,208
(70)-16-09824,(41)-18-10769,08/14/1983,20:20:27,1041
(73)-02-40373,(23)-21-11516,08/14/1983,23:30:37,1958
(23)-09-25522,(58)-17-79377,08/15/1983,06:05:05,200
(45)-11-94772,(72)-02-48028,08/15/1983,08:47:48,540
(76)-00-04520,(48)-09-68984,08/15/1983,10:08:59,295
(41)-01-31533,(42)-14-98483,08/15/1983,11:43:44,5427
(21)-10-88360,(40)-01-38595,08/15/1983,12:06:26,828
(67)-15-34134,(56)-18-28068,08/15/1983,15:59:23,68
(47)-23-45400,(61)-02-67119,08/15/1983,17:04:29,894
(66)-11-81046,(31)-24-74065,08/15/1983,18:04:36,106
(52)-15-98669,(45)-14-62935,08/16/1983,00:43:25,292
(64)-18-54756,(24)-13-90682,08/16/1983,04:49:03,2290
(28)-30-43531,(65)-03-00884,08/16/1983,15:17:24,553
(28)-08-79517,(20)-20-77629,08/16/1983,19:03:13,71
(27)-04-97451,(30)-11-85726,08/16/1983,21:08:14,106
(25)-00-43618,(34)-18-39038,08/17/1983,08:03:30,6
(53)-19-32242,(41)-17-33874,08/17/1983,16:18:30,693
(65)-17-21830,(36)-17-11698,08/17/1983,22:11:03,23
(30)-14-96499,(45)-14-46644,08/17/1983,23:16:43,91
(64)-01-81840,(54)-12-76067,08/18/1983,04:41:08,297
(46)-23-52762,(20)-17-18474,08/18/1983,05:17:30,60
(69)-03-51476,(52)-07-33452,08/18/1983,05:44:58,884
(52)-19-91236,(20)-31-99017,08/18/1983,08:51:30,819
(50)-04-26006,(78)-06-09958,08/18/1983,18:00:29,279
(49)-22-53346,(22)-22-66805,08/18/1983,19:19:34,105
(22)-13-32809,(72)-14-06127,08/19/1983,00:11:55,71
(75)-05-96177,(23)-01-50055,08/19/1983,03:41:14,570
(60)-11-16107,(34)-16-99366,08/19/1983,09:48:43,727
(20)-15-07438,(60)-07-96970,08/19/1983,10:23:42,3266
(60)-06-92917,(66)-00-41731,08/19/1983,12:31:27,298
(39)-09-14589,(70)-09-36645,08/19/1983,19:13:42,785
(37)-18-11319,(50)-16-31247,08/19/1983,19:58:57,129
(62)-13-22770,(37)-12-94332,08/19/1983,23:25:48,441
(73)-10-41483,(36)-01-15256,08/20/1983,14:11:17,2671
(59)-06-24562,(67)-12-91641,08/20/1983,20:23:35,3094
(52)-14-21261,(27)-21-43840,08/20/1983,20:28:48,624
(70)-15-81642,(61)-10-87001,08/20/1983,21:50:03,1696
(79)-12-25739,(61)-19-86955,08/20/1983,21:55:35,169
(73)-03-17846,(26)-29-17848,08/20/1983,23:52:38,245
(75)-00-55670,(38)-20-78824,08/21/1983,04:02:09,220
(68)-05-11402,(28)-28-26374,08/21/1983,05:55:03,279
(57)-09-10002,(27)-22-56783,08/21/1983,14:59:52,55
(61)-01-97089,(66)-07-05255,08/21/1983,15:44:49,444
(71)-09-86659,(42)-22-90091,08/22/1983,02:33:43,130
(65)-05-24344,(79)-07-27144,08/22/1983,02:50:21,475
(55)-19-79461,(58)-00-21113,08/23/1983,00:43:53,552
(26)-21-16414,(40)-21-89386,08/23/1983,03:36:57,1793
(58)-16-67754,(60)-00-74635,08/23/1983,07:46:30,534
(28)-11-20438,(30)-18-73485,08/23/1983,09:10:12,170
(46)-18-17578,(57)-00-01904,08/23/1983,15:59:51,136
(38)-26-18312,(68)-09-38205,08/23/1983,16:00:35,63
(64)-01-48367,(25)-15-15355,08/23/1983,22:45:26,219
(46)-18-29857,(58)-09-83045,08/23/1983,22:48:14,330
(34)-23-14313,(79)-07-69988,08/24/1983,03:54:27,1800
(33)-13-89189,(44)-05-11862,08/24/1983,07:16:24,464
(41)-22-10782,(63)-00-97420,08/24/1983,08:13:52,265
(22)-26-21010,(63)-02-10637,08/24/1983,09:19:20,1947
(63)-03-87605,(72)-10-88619,08/24/1983,10:07:14,41
(49)-10-58978,(26)-24-40813,08/24/1983,14:18:19,144
(40)-19-94707,(49)-19-81821,08/24/1983,20:37:27,140
(28)-27-67553,(53)-13-48074,08/24/1983,21:02:10,3378
(32)-04-30454,(68)-15-53734,08/24/1983,22:16:45,273
(77)-00-96960,(21)-00-52349,08/25/1983,09:41:32,89
(30)-19-79923,(53)-21-56421,08/25/1983,15:49:42,1586
(21)-05-94302,(59)-07-98408,08/26/1983,03:29:03,69
(68)-00-26461,(34)-14-29602,08/26/1983,04:34:13,174
(44)-10-49974,(42)-10-85468,08/26/1983,07:59:12,289
(32)-07-17685,(24)-31-99091,08/26/1983,10:59:00,120
(77)-02-80672,(63)-02-65808,08/26/1983,13:22:21,1812
(33)-04-71095,(67)-00-33934,08/26/1983,16:09:01,896
(29)-05-30029,(60)-17-24737,08/27/1983,02:25:35,167
(57)-19-32003,(56)-06-81297,08/27/1983,08:14:53,254
(49)-15-42224,(50)-08-97528,08/27/1983,08:25:18,739
(27)-30-33256,(28)-17-33261,08/27/1983,08:52:46,188
(45)-05-73492,(28)-09-45887,08/27/1983,09:31:04,761
(70)-10-71277,(26)-20-49359,08/27/1983,13:05:53,538
(35)-16-82857,(48)-13-84173,08/27/1983,18:48:50,117
(23)-23-27005,(57)-14-33793,08/28/1983,02:51:14,1636
(32)-02-88893,(79)-05-69790,08/28/1983,03:42:01,125
(68)-04-41141,(32)-20-53462,08/28/1983,04:51:24,3519
(70)-03-05283,(20)-10-59023,08/28/1983,08:36:12,4467
(72)-11-52984,(53)-01-14539,08/28/1983,10:48:28,1906
(49)-17-25104,(24)-01-29880,08/28/1983,10:52:53,108
(29)-10-44869,(43)-09-11389,08/28/1983,11:16:14,277
(66)-15-42844,(21)-25-15781,08/28/1983,12:36:15,1471
(66)-05-94829,(42)-07-97117,08/28/1983,13:04:12,750
(69)-12-69509,(35)-26-57329,08/28/1983,19:38:45,128
(27)-23-19450,(51)-21-12252,08/28/1983,22:28:21,827
(26)-17-45653,(21)-03-70557,08/29/1983,05:16:45,2447
(27)-30-37759,(47)-06-80003,08/29/1983,13:00:24,209
(50)-06-99097,(27)-10-12694,08/29/1983,17:42:22,231
(79)-09-54888,(37)-18-05055,08/29/1983,19:28:27,549
(54)-07-76749,(61)-10-07093,08/30/1983,01:11:58,798
(31)-02-93409,(72)-08-15487,08/30/1983,13:08:48,330
(62)-03-43686,(58)-19-64840,08/30/1983,15:18:40,515
(44)-15-32626,(74)-10-79268,08/30/1983,20:23:49,1586
(24)-15-09348,(56)-20-87587,08/31/1983,13:20:45,378
(39)-24-70143,(21)-05-63808,08/31/1983,17:46:20,159
(70)-03-05350,(62)-01-11153,08/31/1983,23:05:43,96
(66)-17-10418,(70)-09-12695,09/01/1983,08:42:34,531
(32)-00-18568,(42)-25-81338,09/01/1983,18:13:39,14
(31)-07-75012,(56)-18-14158,09/02/1983,00:04:29,509
(30)-10-32490,(29)-23-85317,09/02/1983,10:09:57,63
(58)-04-48031,(51)-16-44808,09/02/1983,17:47:20,146
(64)-18-24696,(22)-22-23892,09/02/1983,20:03:53,139
(53)-17-17755,(21)-05-46875,09/02/1983,21:38:57,263
(48)-19-03444,(47)-02-21017,09/03/1983,01:02:53,348
(48)-19-06546,(62)-17-76143,09/03/1983,08:14:00,12
(32)-09-14015,(78)-07-04237,09/03/1983,08:16:41,691
(70)-07-89687,(58)-16-88370,09/03/1983,13:19:25,130
(36)-21-26881,(52)-09-25226,09/03/1983,14:36:54,197
(52)-20-14405,(26)-23-59842,09/03/1983,19:02:24,2250
(42)-00-13259,(64)-08-34667,09/03/1983,20:24:36,34
(59)-02-70957,(77)-13-40477,09/03/1983,21:26:29,139
(26)-23-62598,(31)-25-72886,09/03/1983,21:39:49,305
(76)-06-97427,(68)-11-90232,09/04/1983,03:18:53,2369
(53)-22-44485,(36)-01-80904,09/04/1983,03:29:29,8
(45)-16-77892,(40)-23-09203,09/04/1983,05:44:59,3052
(30)-27-97529,(35)-18-60840,09/04/1983,19:36:39,2794
(65)-18-23825,(28)-30-56399,09/05/1983,02:54:38,3258
(64)-08-97424,(41)-08-37690,09/05/1983,05:40:32,91
(29)-29-98642,(68)-16-32107,09/05/1983,06:57:04,41
(64)-13-39735,(43)-07-27061,09/05/1983,08:45:24,188
(30)-22-08624,(43)-10-65057,09/05/1983,10:20:58,416
(62)-02-21224,(37)-01-86157,09/05/1983,15:52:17,697
(49)-12-06399,(36)-25-04173,09/06/1983,04:43:02,209
(44)-15-55198,(25)-19-69068,09/06/1983,04:58:42,210
(31)-13-85459,(48)-12-95868,09/06/1983,13:27:29,2161
(51)-13-02181,(42)-00-36014,09/06/1983,15:21:01,48
(63)-12-48187,(75)-08-08496,09/06/1983,15:44:44,296
(36)-07-34223,(38)-21-76851,09/06/1983,19:36:39,528
(45)-02-97773,(79)-09-20783,09/06/1983,22:13:29,263
(54)-03-71024,(29)-18-95432,09/07/1983,19:07:18,203
(34)-06-82775,(63)-10-36201,09/08/1983,02:13:20,214
(74)-10-61701,(75)-01-42595,09/08/1983,07:14:16,1465
(58)-03-93203,(32)-17-25280,09/08/1983,09:48:42,717
(37)-13-66645,(74)-01-48109,09/08/1983,13:33:07,139
(46)-18-72488,(60)-19-15471,09/08/1983,17:37:18,709
(23)-17-11352,(24)-04-89797,09/09/1983,01:00:07,15
(61)-15-67037,(65)-06-60402,09/09/1983,03:57:34,129
(55)-19-52129,(38)-20-25011,09/09/1983,05:40:36,647
(67)-05-53819,(39)-10-04219,09/09/1983,08:19:23,849
(53)-10-10154,(64)-03-81274,09/09/1983,10:51:12,8
(71)-02-81704,(23)-05-06303,09/09/1983,16:19:07,262
(54)-07-77620,(77)-05-63717,09/09/1983,19:33:43,121
(53)-16-04455,(22)-06-88716,09/10/1983,00:14:45,681
(44)-15-04435,(66)-12-97612,09/10/1983,00:38:07,633
(30)-01-03155,(77)-13-59388,09/10/1983,01:49:03,831
(66)-11-60917,(77)-00-96960,09/10/1983,05:07:02,171
(79)-11-94184,(74)-01-46187,09/10/1983,05:25:08,214
(60)-08-09983,(61)-19-05206,09/10/1983,08:14:58,3218
(53)-04-07793,(69)-15-96653,09/10/1983,18:02:52,65
(36)-20-36010,(60)-12-11891,09/10/1983,18:47:49,63
(70)-00-75909,(60)-14-23239,09/10/1983,20:01:14,43
(73)-03-64900,(78)-00-42455,09/11/1983,00:51:20,117
(31)-22-52712,(44)-24-58003,09/11/1983,00:51:49,3239
(31)-28-15419,(65)-11-23469,09/11/1983,01:20:29,256
(48)-17-02867,(42)-04-81804,09/11/1983,02:05:42,103
(51)-17-03472,(56)-21-54168,09/11/1983,04:35:14,664
(32)-11-57689,(75)-00-53246,09/11/1983,09:51:04,869
(61)-06-60026,(26)-18-79401,09/11/1983,14:02:07,95
(78)-13-24416,(41)-12-33251,09/11/1983,18:59:26,103
(48)-13-53769,(59)-15-06186,09/11/1983,22:03:47,319
(22)-28-69783,(61)-06-19344,09/12/1983,05:36:04,113
(37)-17-75451,(24)-12-00814,09/12/1983,17:52:18,157
(42)-02-24397,(63)-08-07680,09/12/1983,19:48:42,89
(40)-03-13840,(65)-14-50745,09/12/1983,20:32:43,98
(29)-08-15065,(23)-29-95140,09/12/1983,20:50:36,1076
(53)-17-96504,(37)-16-93896,09/13/1983,03:40:59,486
(65)-03-29578,(64)-08-26583,09/13/1983,05:48:41,417
(50)-14-19551,(72)-04-39215,09/13/1983,10:40:29,391
(76)-11-94075,(24)-24-68015,09/13/1983,15:07:49,70
(73)-08-79359,(36)-15-08263,09/13/1983,15:59:33,12
(42)-16-18231,(68)-03-28090,09/13/1983,16:04:17,346
(32)-04-82815,(38)-01-87434,09/13/1983,16:43:40,1067
(79)-01-55455,(47)-00-70324,09/13/1983,16:43:53,179
(67)-10-42664,(25)-08-02423,09/14/1983,00:58:19,286
(22)-29-04947,(44)-21-34075,09/14/1983,02:13:06,3429
(31)-01-03210,(30)-20-42463,09/14/1983,05:40:18,240
(58)-17-46985,(27)-26-15240,09/14/1983,06:31:48,896
(68)-01-52724,(49)-18-44431,09/14/1983,09:42:16,327
(21)-01-43838,(54)-18-93378,09/14/1983,11:24:42,3081
(77)-01-21591,(60)-16-34846,09/14/1983,15:56:08,266
(72)-11-45439,(45)-04-40212,09/14/1983,17:50:26,649
(42)-17-31324,(56)-16-04723,09/14/1983,18:31:37,2295
(30)-11-85726,(23)-07-68550,09/14/1983,19:02:35,79
(71)-06-22412,(45)-04-15251,09/15/1983,01:52:46,2131
(32)-00-42347,(39)-09-81446,09/15/1983,02:38:54,1993
(72)-07-55136,(48)-16-82227,09/15/1983,08:13:21,3170
(44)-23-45859,(74)-05-18591,09/15/1983,11:07:49,444
(46)-16-94635,(35)-07-01632,09/15/1983,11:39:34,227
(63)-00-72489,(25)-20-03505,09/15/1983,12:36:53,1490
(29)-16-85348,(73)-10-96006,09/15/1983,12:50:50,288
(77)-07-70884,(40)-26-76583,09/15/1983,17:25:48,1572
(70)-01-22671,(55)-16-55941,09/16/1983,02:33:05,3058
(74)-00-05027,(55)-00-97052,09/16/1983,05:29:48,547
(57)-03-25117,(69)-04-66881,09/16/1983,13:27:36,755
(23)-18-12437,(58)-02-55123,09/16/1983,14:42:45,206
(40)-06-67608,(31)-22-17201,09/17/1983,00:03:46,2823
(38)-16-75040,(67)-03-98145,09/17/1983,01:15:14,382
(35)-14-40500,(23)-31-03229,09/17/1983,03:27:19,89
(40)-18-65889,(33)-07-26430,09/17/1983,04:45:48,286
(22)-23-67973,(75)-06-54926,09/17/1983,11:12:23,101
(69)-13-67497,(75)-11-42957,09/17/1983,16:53:45,897
(35)-17-20927,(51)-07-03358,09/17/1983,19:16:08,54
(61)-14-85063,(75)-03-30381,09/17/1983,21:20:00,410
(46)-18-88089,(71)-05-63843,09/18/1983,04:28:31,272
(67)-00-39200,(52)-22-10336,09/18/1983,07:08:32,2550
(39)-15-28101,(29)-14-21749,09/18/1983,12:19:13,19
(63)-11-50015,(77)-04-14517,09/19/1983,07:16:45,518
(71)-04-75452,(59)-11-86467,09/19/1983,11:31:38,376
(67)-11-20933,(60)-04-13236,09/19/1983,14:31:47,23
(61)-02-22610,(27)-08-94101,09/19/1983,20:50:59,189
(32)-13-88628,(22)-01-30846,09/19/1983,21:39:27,2425
(29)-12-45296,(60)-01-80914,09/19/1983,22:05:10,33
(56)-16-02997,(41)-22-71953,09/20/1983,02:44:30,876
(52)-12-41977,(52)-03-87105,09/20/1983,05:48:29,475
(22)-28-20336,(58)-16-35767,09/20/1983,23:00:59,1505
(71)-04-21236,(52)-20-46753,09/21/1983,00:04:38,1757
(40)-00-43140,(68)-00-11347,09/21/1983,00:08:50,1244
(48)-05-47264,(46)-14-30866,09/21/1983,00:45:53,2403
(62)-05-03331,(22)-09-47881,09/21/1983,05:02:59,107
(44)-13-62065,(36)-17-49188,09/21/1983,19:16:07,22
(38)-16-19906,(28)-03-41921,09/21/1983,21:02:02,495
(30)-06-94438,(46)-24-47344,09/22/1983,05:14:21,34
(57)-20-35717,(68)-11-45484,09/22/1983,06:46:51,103
(75)-06-60919,(52)-10-91377,09/22/1983,07:04:03,624
(36)-22-51153,(35)-16-21994,09/22/1983,13:23:32,10
(21)-02-28248,(74)-09-66790,09/22/1983,13:46:48,652
(23)-05-52813,(49)-18-23775,09/22/1983,16:17:40,474
(68)-11-18294,(66)-14-14868,09/22/1983,21:15:01,497
(61)-10-68292,(59)-08-44778,09/23/1983,05:52:25,7
(70)-05-01754,(61)-00-41067,09/23/1983,14:52:00,59
(52)-14-16474,(29)-24-31455,09/24/1983,00:29:44,826
(26)-17-25178,(20)-21-43312,09/24/1983,08:37:59,222
(37)-10-89701,(56)-02-80733,09/24/1983,12:03:17,149
(20)-18-83631,(69)-12-04113,09/24/1983,15:19:09,775
(61)-07-11665,(46)-20-55477,09/24/1983,16:01:21,175
(42)-15-85069,(56)-03-79697,09/24/1983,18:54:37,321
(29)-02-26609,(57)-09-33864,09/25/1983,04:01:46,221
(31)-06-09254,(56)-06-10860,09/26/1983,01:09:32,161
(25)-26-06377,(47)-14-28967,09/26/1983,06:30:50,135
(63)-11-80835,(54)-15-18881,09/26/1983,08:18:37,151
(36)-25-89088,(60)-10-53345,09/26/1983,11:23:43,290
(69)-09-00548,(55)-05-68734,09/26/1983,12:01:32,542
(44)-11-03457,(69)-11-18040,09/26/1983,12:45:59,308
(36)-06-95261,(48)-20-55120,09/26/1983,14:05:09,67
(56)-00-66956,(77)-01-21591,09/26/1983,17:54:44,225
(49)-19-86230,(68)-00-28429,09/27/1983,01:58:55,171
(35)-25-81991,(24)-14-62896,09/27/1983,04:07:07,6369
(49)-08-22046,(74)-00-90381,09/27/1983,04:07:47,582
(55)-06-03509,(78)-06-88330,09/27/1983,10:40:52,175
(38)-13-38194,(77)-05-95560,09/27/1983,17:59:41,173
(55)-15-76530,(56)-09-33770,09/27/1983,20:19:45,282
(41)-01-06751,(79)-03-97939,09/28/1983,00:26:05,367
(78)-05-36120,(32)-09-84645,09/28/1983,07:59:20,3777
(49)-09-33305,(27)-05-43723,09/28/1983,08:01:59,154
(77)-09-48780,(52)-18-75924,09/28/1983,08:15:40,696
(47)-02-15942,(58)-07-71067,09/28/1983,10:04:39,661
(63)-09-61796,(77)-03-58401,09/29/1983,03:56:45,47
(30)-09-09913,(63)-07-29033,09/29/1983,14:24:34,139
(61)-01-48492,(76)-06-87148,09/29/1983,17:26:25,263
(34)-17-36480,(53)-01-85751,09/29/1983,18:58:11,88
(51)-09-70389,(47)-11-65150,09/29/1983,21:00:09,3055
(65)-07-38611,(40)-05-68128,09/29/1983,21:48:28,2927
(63)-05-85550,(41)-12-22565,09/30/1983,02:14:17,3126
(28)-18-17635,(75)-00-48011,09/30/1983,04:21:02,174
(66)-15-87465,(62)-09-13318,09/30/1983,05:16:40,434
(40)-05-51754,(49)-19-42200,09/30/1983,05:35:16,136
(70)-16-14682,(42)-18-54329,09/30/1983,14:41:41,400
(40)-17-86522,(55)-15-37623,09/30/1983,17:28:00,451
(46)-14-99584,(48)-12-15757,09/30/1983,17:31:30,1446
(61)-05-72292,(31)-25-44615,10/01/1983,00:22:13,477
(78)-09-53588,(62)-01-52011,10/01/1983,04:35:00,292
(79)-13-05325,(72)-00-68598,10/01/1983,10:42:46,277
(35)-05-45147,(43)-00-90473,10/01/1983,11:01:53,243
(76)-08-24496,(43)-03-56590,10/01/1983,13:30:42,3079
(60)-06-43686,(78)-04-48543,10/01/1983,22:05:06,230
(75)-14-83894,(37)-24-58267,10/01/1983,22:14:23,68
(32)-16-09092,(21)-09-66931,10/01/1983,23:05:44,146
(40)-04-07320,(69)-00-69605,10/02/1983,18:07:06,130
(38)-04-35270,(24)-11-38924,10/03/1983,09:25:08,97
(48)-12-06708,(52)-12-92056,10/03/1983,10:44:22,143
(60)-05-88490,(44)-17-76624,10/03/1983,11:47:59,340
(59)-09-84510,(26)-17-61773,10/04/1983,04:28:56,768
(74)-02-65132,(54)-14-01703,10/04/1983,04:41:39,587
(79)-12-88820,(65)-11-77551,10/04/1983,15:01:33,1676
(77)-14-41580,(49)-05-53319,10/04/1983,21:03:03,259
(63)-17-09093,(42)-03-28505,10/04/1983,22:12:41,897
(71)-16-12315,(44)-04-64519,10/04/1983,23:13:56,121
(61)-03-62460,(54)-21-62244,10/06/1983,02:32:04,3543
(35)-20-36812,(32)-24-85997,10/06/1983,07:26:28,129
(47)-01-08075,(50)-18-78501,10/06/1983,12:18:28,149
(73)-13-20792,(47)-09-43702,10/06/1983,16:24:23,777
(58)-08-35512,(29)-29-35735,10/07/1983,02:53:49,787
(43)-25-28582,(51)-03-60144,10/07/1983,09:17:32,325
(33)-14-30047,(50)-03-93678,10/07/1983,18:01:09,165
(27)-16-82238,(76)-06-76210,10/08/1983,00:52:17,110
(66)-12-76639,(36)-25-47844,10/08/1983,02:22:45,174
(32)-05-97371,(44)-12-02312,10/08/1983,02:54:40,233
(70)-09-45853,(79)-03-22774,10/08/1983,19:35:44,333
(68)-04-07668,(27)-10-96407,10/08/1983,23:35:09,2084
(78)-07-71695,(71)-05-72361,10/08/1983,23:37:48,877
(26)-23-39716,(51)-06-84337,10/09/1983,01:15:21,218
(37)-05-88424,(24)-17-76336,10/09/1983,07:14:50,62
(64)-16-08277,(65)-14-78036,10/09/1983,19:35:35,552
(57)-04-81920,(60)-04-54007,10/09/1983,22:28:30,636
(49)-09-63371,(54)-08-56683,10/09/1983,23:25:48,96
(42)-21-78582,(46)-05-33456,10/09/1983,23:32:17,3546
(24)-27-34294,(35)-27-93539,10/10/1983,10:14:40,699
(74)-05-41930,(43)-08-68939,10/10/1983,11:22:27,91
(56)-13-60437,(36)-06-62433,10/10/1983,12:49:41,4536
(73)-11-31388,(75)-14-21137,10/10/1983,15:04:31,596
(25)-15-33400,(74)-05-13549,10/10/1983,18:13:30,3412
(65)-16-12326,(62)-10-06018,10/10/1983,23:55:19,5999
(57)-05-21053,(78)-02-38777,10/11/1983,06:23:25,1486
(77)-10-65817,(31)-01-07793,10/11/1983,11:35:00,3289
(29)-28-01511,(46)-20-08456,10/11/1983,12:28:54,257
(66)-15-31251,(38)-25-33305,10/11/1983,13:47:45,81
(44)-04-24575,(22)-20-98759,10/11/1983,16:59:20,67
(55)-05-68734,(68)-10-60623,10/11/1983,21:04:01,444
(49)-07-92899,(64)-01-86692,10/12/1983,04:38:57,315
(53)-18-88925,(79)-00-21324,10/12/1983,08:28:57,259
(75)-06-92320,(32)-07-85137,10/12/1983,12:32:15,204
(29)-07-47141,(37)-09-84607,10/12/1983,21:40:43,573
(35)-05-22224,(65)-06-52004,10/13/1983,10:35:07,3509
(23)-28-36144,(63)-05-36425,10/13/1983,11:40:25,634
(58)-12-86124,(63)-00-46735,10/13/1983,12:28:41,121
(69)-07-16588,(78)-08-57427,10/13/1983,17:42:04,118
(75)-00-76904,(69)-13-57112,10/13/1983,18:26:29,30
(77)-07-08945,(29)-30-96983,10/14/1983,00:46:44,4379
(35)-26-23014,(47)-02-96090,10/14/1983,03:29:17,1501
(30)-23-69540,(46)-11-52642,10/14/1983,04:59:53,160
(54)-16-74626,(22)-03-24561,10/14/1983,08:21:23,126
(38)-10-12371,(28)-16-74034,10/14/1983,09:43:02,260
(46)-16-35793,(53)-13-78366,10/14/1983,19:46:57,307
(21)-13-22417,(33)-24-80686,10/14/1983,21:03:21,293
(57)-11-27074,(49)-23-32856,10/15/1983,05:46:03,519
(34)-15-62712,(59)-11-20626,10/15/1983,06:11:27,30
(51)-17-97365,(30)-25-18082,10/15/1983,11:19:02,3502
(45)-07-77506,(66)-14-53739,10/15/1983,14:29:48,3168
(33)-24-70943,(20)-32-63214,10/15/1983,20:34:37,252
(74)-07-19725,(71)-13-74439,10/15/1983,21:03:07,323
(26)-00-48961,(34)-14-90151,10/16/1983,00:13:16,2210
(57)-17-16391,(54)-17-78704,10/16/1983,02:28:19,457
(25)-11-49897,(70)-00-37436,10/16/1983,02:33:53,262
(63)-17-09454,(66)-16-83212,10/16/1983,09:48:26,377
(20)-11-19032,(68)-14-38410,10/16/1983,13:07:43,1982
(58)-16-07991,(22)-25-25726,10/16/1983,16:25:46,110
(21)-00-92833,(79)-12-24052,10/16/1983,21:59:47,161
(40)-09-84683,(63)-13-16629,10/16/1983,23:04:48,275
(21)-00-83648,(71)-11-17015,10/17/1983,01:30:23,94
(27)-28-55900,(56)-10-93573,10/17/1983,23:05:51,123
(46)-10-40496,(27)-26-16682,10/18/1983,00:55:32,3508
(55)-17-35965,(72)-05-88817,10/18/1983,09:45:20,107
(31)-09-54976,(55)-15-35994,10/18/1983,12:05:34,3484
(55)-11-51903,(61)-18-97930,10/18/1983,13:58:45,285
(54)-12-32751,(46)-05-31993,10/18/1983,17:26:10,1252
(36)-20-23074,(56)-05-56537,10/18/1983,19:35:09,790
(36)-19-71038,(47)-19-24110,10/18/1983,19:37:04,2962
(48)-22-56494,(55)-12-99126,10/18/1983,21:44:26,561
(70)-08-84638,(33)-24-04570,10/18/1983,23:11:15,133
(77)-00-99880,(65)-05-08451,10/19/1983,02:40:54,1225
(54)-17-44053,(39)-09-75972,10/19/1983,14:20:47,92
(25)-08-18996,(41)-05-53155,10/19/1983,17:12:39,2150
(74)-05-10778,(30)-19-13202,10/20/1983,08:13:46,829
(47)-09-45889,(26)-28-42162,10/20/1983,08:52:23,55
(58)-15-60720,(69)-04-40891,10/20/1983,16:10:28,29
(57)-08-90741,(33)-27-84417,10/20/1983,21:05:54,56
(59)-19-77632,(20)-21-57490,10/21/1983,07:49:18,1499
(49)-00-52121,(43)-10-17616,10/21/1983,17:41:36,225
(25)-04-62829,(38)-26-73420,10/21/1983,22:36:34,191
(31)-15-86920,(21)-14-52287,10/22/1983,00:08:30,163
(50)-00-36695,(73)-00-79314,10/22/1983,04:25:15,958
(48)-07-47543,(47)-02-59600,10/22/1983,07:19:24,758
(43)-23-01571,(35)-22-10950,10/22/1983,07:51:03,247
(42)-11-15049,(64)-05-41599,10/22/1983,08:16:49,124
(68)-07-38450,(54)-09-55481,10/22/1983,08:41:51,249
(54)-19-95185,(73)-08-80989,10/22/1983,09:54:47,881
(53)-22-78345,(44)-03-59668,10/22/1983,22:00:35,282
(62)-16-04259,(32)-17-92684,10/23/1983,09:04:05,754
(62)-15-58381,(71)-08-24898,10/23/1983,09:34:00,210
(51)-02-31480,(50)-13-09548,10/23/1983,13:30:01,1264
(70)-08-25844,(69)-16-15528,10/23/1983,16:29:32,469
(78)-12-69097,(66)-08-91806,10/23/1983,21:04:13,823
(62)-18-09821,(51)-03-67564,10/24/1983,01:36:33,99
(26)-13-67215,(59)-06-33189,10/24/1983,02:19:51,260
(64)-01-69534,(56)-12-23765,10/24/1983,04:33:38,3476
(24)-11-92394,(64)-01-11709,10/24/1983,04:41:44,192
(74)-01-24073,(23)-10-32736,10/24/1983,07:57:01,125
(74)-13-72373,(24)-07-97865,10/24/1983,08:03:37,862
(54)-05-01369,(61)-07-91278,10/24/1983,10:04:43,803
(58)-01-71870,(38)-12-36471,10/24/1983,14:28:16,2123
(59)-16-53392,(49)-23-98991,10/24/1983,17:21:18,250
(78)-03-72744,(66)-01-67007,10/24/1983,20:50:13,3875
(71)-04-01076,(63)-08-41068,10/24/1983,22:30:02,2334
(58)-05-95916,(53)-02-22952,10/25/1983,14:30:18,1806
(66)-16-74018,(47)-20-27179,10/25/1983,21:19:44,577
(75)-09-89082,(26)-08-97576,10/26/1983,03:05:58,482
(72)-15-95849,(61)-14-81038,10/26/1983,07:35:50,813
(79)-11-01007,(63)-08-53399,10/26/1983,20:08:19,412
(35)-00-41489,(38)-27-55835,10/26/1983,21:08:20,3574
(61)-02-38633,(62)-00-86296,10/27/1983,00:14:16,2013
(36)-06-71874,(45)-20-94403,10/27/1983,03:47:28,168
(56)-17-50030,(56)-10-62239,10/27/1983,04:08:33,1171
(34)-05-61666,(34)-01-19232,10/27/1983,04:17:09,164
(59)-15-41548,(71)-04-01076,10/27/1983,13:40:50,141
(23)-27-86771,(24)-24-99535,10/27/1983,15:46:52,825
(59)-17-66096,(52)-09-77328,10/27/1983,18:46:45,133
(53)-14-20349,(49)-15-63666,10/28/1983,08:40:57,834
(30)-18-05489,(72)-11-65570,10/28/1983,15:34:22,200
(51)-00-71083,(72)-01-07783,10/29/1983,02:01:15,94
(65)-01-03588,(34)-20-51966,10/29/1983,08:33:05,703
(67)-02-38754,(25)-08-94278,10/29/1983,10:30:46,790
(35)-00-92229,(68)-03-27518,10/29/1983,11:45:44,2147
(29)-23-83264,(38)-13-42789,10/29/1983,17:15:00,854
(23)-30-53736,(53)-08-96312,10/29/1983,20:43:36,235
(41)-14-87493,(60)-12-31646,10/29/1983,23:11:50,438
(62)-11-82232,(49)-12-50388,10/29/1983,23:25:13,128
(44)-04-20488,(42)-23-12731,10/30/1983,01:39:30,121
(21)-14-61698,(69)-02-77742,10/30/1983,10:32:08,1298
(72)-08-62171,(77)-06-14825,10/30/1983,15:19:17,403
(24)-08-25447,(76)-03-37704,10/30/1983,23:21:08,7050
(52)-12-78042,(22)-12-77255,10/30/1983,23:35:52,16
(71)-11-74436,(54)-17-05953,10/31/1983,06:01:25,57
(76)-02-35506,(23)-27-67660,10/31/1983,11:41:23,1905
(72)-12-06866,(33)-08-74024,10/31/1983,11:45:13,8
(34)-25-25113,(60)-19-36459,10/31/1983,21:17:21,405
(30)-01-00663,(22)-02-74420,11/01/1983,02:18:27,34
(29)-23-37490,(44)-21-88115,11/01/1983,04:16:43,248
(22)-15-71920,(27)-17-45900,11/01/1983,06:30:08,311
(37)-22-98665,(58)-02-32099,11/01/1983,16:25:46,134
(46)-00-78024,(49)-21-58086,11/01/1983,22:07:24,25
(58)-20-87198,(46)-06-26516,11/01/1983,22:41:09,684
(33)-11-67216,(60)-01-28538,11/01/1983,23:49:11,616
(68)-06-54409,(23)-11-14761,11/01/1983,23:54:02,707
(61)-00-27445,(30)-01-92735,11/02/1983,02:29:02,432
(29)-24-62391,(68)-05-64215,11/02/1983,05:16:41,106
(53)-05-51726,(35)-23-22334,11/02/1983,05:33:15,269
(59)-20-71614,(29)-09-43357,11/02/1983,05:51:31,295
(42)-24-62673,(49)-04-00730,11/02/1983,06:47:15,207
(62)-03-97876,(38)-27-40580,11/02/1983,16:12:26,1777
(76)-02-66412,(60)-00-15414,11/02/1983,16:37:51,2998
(45)-22-96234,(40)-13-18360,11/02/1983,18:28:32,607
(47)-05-78567,(28)-00-86332,11/03/1983,01:55:05,102
(41)-24-91996,(33)-01-65373,11/03/1983,04:38:38,185
(25)-15-47757,(31)-07-26393,11/03/1983,06:09:19,173
(68)-14-49765,(25)-18-98595,11/03/1983,07:11:06,109
(48)-02-41146,(29)-13-73944,11/03/1983,07:41:46,2016
(52)-03-74416,(34)-03-42867,11/03/1983,08:45:24,2580
(46)-18-43748,(33)-06-10126,11/03/1983,09:57:24,882
(63)-07-38885,(35)-13-10973,11/03/1983,13:09:50,572
(39)-09-14520,(41)-05-34812,11/03/1983,15:29:56,468
(48)-20-56016,(36)-17-16094,11/03/1983,17:11:11,92
(23)-02-32373,(66)-07-15040,11/04/1983,03:28:58,179
(56)-04-14173,(53)-01-22485,11/04/1983,08:40:52,123
(70)-15-81642,(72)-01-53478,11/04/1983,14:44:08,254
(70)-08-84638,(59)-13-04460,11/04/1983,16:45:28,1438
(20)-27-52091,(78)-10-58416,11/06/1983,03:06:50,1030
(76)-10-30541,(76)-09-13101,11/06/1983,20:16:06,125
(53)-04-80461,(72)-00-55619,11/06/1983,20:51:15,514
(61)-07-39257,(53)-09-62757,11/06/1983,22:31:52,1780
(48)-17-53448,(42)-06-14637,11/07/1983,02:33:33,59
(35)-12-77251,(34)-00-01651,11/08/1983,01:51:37,49
(60)-12-11113,(26)-24-64451,11/08/1983,05:28:41,414
(55)-19-64975,(73)-03-25601,11/08/1983,15:13:04,154
(63)-03-38387,(52)-14-80346,11/08/1983,15:18:29,199
(37)-08-67042,(68)-01-89877,11/08/1983,15:58:14,242
(59)-00-47208,(77)-01-97448,11/08/1983,16:29:19,3097
(59)-15-90253,(30)-17-48428,11/09/1983,01:09:31,91
(44)-08-42398,(41)-05-71810,11/09/1983,04:26:41,121
(56)-08-05080,(76)-13-62867,11/09/1983,09:01:45,170
(63)-12-80970,(29)-01-59146,11/09/1983,10:31:11,521
(53)-06-40813,(26)-04-88781,11/09/1983,13:46:48,193
(72)-04-29327,(38)-10-83992,11/09/1983,16:11:15,822
(39)-12-59163,(51)-19-46490,11/09/1983,17:39:57,2441
(58)-17-22871,(55)-06-43976,11/09/1983,20:59:48,2327
(49)-14-51775,(79)-09-97701,11/10/1983,01:55:23,309
(24)-28-72709,(45)-01-16374,11/10/1983,02:12:49,213
(24)-31-10809,(33)-14-44442,11/10/1983,02:20:45,649
(20)-02-23712,(49)-14-38111,11/10/1983,04:57:10,838
(51)-01-23353,(35)-07-98946,11/10/1983,06:25:13,507
(67)-15-38933,(39)-04-36208,11/10/1983,14:28:25,165
(27)-23-07909,(61)-04-23043,11/11/1983,01:08:21,87
(36)-22-51771,(63)-14-39580,11/11/1983,06:23:50,582
(77)-03-26936,(27)-08-31425,11/11/1983,08:06:25,1262
(60)-18-26632,(77)-07-19396,11/11/1983,12:01:00,110
(61)-03-99987,(32)-10-85945,11/11/1983,18:29:02,226
(51)-09-18992,(71)-16-75043,11/12/1983,05:25:24,240
(64)-07-35520,(47)-16-55601,11/12/1983,06:54:11,155
(27)-04-74297,(24)-01-43440,11/12/1983,10:41:04,758
(79)-11-47923,(76)-01-19242,11/12/1983,17:00:01,243
(20)-10-31856,(47)-00-68227,11/12/1983,19:04:43,45
(40)-20-62714,(27)-04-46076,11/13/1983,01:46:44,290
(64)-18-25428,(27)-06-96053,11/13/1983,05:36:43,99
(63)-17-26641,(40)-18-65889,11/13/1983,06:14:45,2967
(77)-12-27090,(39)-21-88536,11/13/1983,06:54:55,3472
(36)-02-30659,(77)-06-49351,11/13/1983,07:10:13,664
(31)-01-31891,(46)-19-48053,11/13/1983,11:02:49,2671
(41)-02-55252,(51)-01-96766,11/13/1983,11:34:11,254
(43)-02-91595,(79)-06-25584,11/13/1983,13:52:50,198
(28)-01-88853,(62)-00-67193,11/13/1983,14:15:45,251
(24)-20-08673,(27)-25-90150,11/13/1983,16:31:53,168
(64)-12-73478,(63)-09-76997,11/13/1983,16:57:14,254
(43)-16-73779,(65)-03-27241,11/13/1983,21:07:18,355
(71)-16-22351,(63)-05-79633,11/13/1983,21:07:54,178
(49)-17-68541,(59)-00-37996,11/14/1983,13:33:15,795
(51)-15-88065,(31)-08-82419,11/15/1983,02:13:58,58
(26)-05-36381,(25)-28-16040,11/15/1983,03:37:44,2090
(42)-11-07121,(76)-07-75308,11/15/1983,22:24:13,780
(53)-16-92505,(39)-14-46183,11/15/1983,23:45:38,26
(51)-07-26062,(45)-22-58781,11/16/1983,02:17:40,2572
(39)-24-30515,(50)-04-51642,11/16/1983,13:09:23,37
(45)-08-87745,(27)-24-75610,11/16/1983,14:11:43,733
(37)-04-58559,(55)-18-26757,11/16/1983,20:09:27,112
(29)-00-07203,(22)-23-57986,11/17/1983,03:41:53,476
(44)-23-63560,(62)-18-07610,11/17/1983,10:26:49,84
(54)-06-85046,(22)-18-85235,11/17/1983,10:34:01,184
(25)-12-92088,(23)-00-41975,11/17/1983,13:24:16,87
(59)-16-39553,(40)-07-58972,11/17/1983,14:46:06,787
(76)-10-57127,(56)-08-55847,11/17/1983,18:59:17,1163
(23)-22-25021,(68)-02-89604,11/17/1983,23:25:54,32
(48)-22-70212,(59)-08-16553,11/18/1983,01:24:21,9
(44)-05-45354,(29)-08-83157,11/18/1983,03:38:47,188
(47)-16-01612,(22)-14-70637,11/18/1983,06:59:21,265
(22)-23-27976,(42)-09-27305,11/18/1983,13:24:42,796
(59)-17-04508,(26)-00-03836,11/18/1983,14:21:50,58
(24)-24-56770,(73)-02-14825,11/18/1983,15:56:35,270
(77)-08-53596,(36)-27-79859,11/18/1983,21:30:33,170
(73)-14-20705,(30)-02-18600,11/19/1983,05:47:25,433
(24)-16-00538,(43)-22-74642,11/19/1983,07:11:45,567
(70)-09-46910,(43)-23-85056,11/19/1983,08:48:12,37
(64)-00-97348,(68)-02-94554,11/19/1983,12:11:18,245
(72)-00-76829,(72)-04-78359,11/19/1983,15:35:41,147
(48)-15-97561,(60)-02-05149,11/19/1983,16:42:36,499
(48)-05-81534,(45)-24-51750,11/19/1983,18:00:45,1641
(22)-04-45388,(28)-08-59255,11/20/1983,09:05:04,190
(32)-00-54065,(55)-21-35294,11/20/1983,15:57:28,325
(64)-04-84853,(77)-08-35127,11/20/1983,16:15:36,1404
(49)-12-35082,(44)-24-07472,11/20/1983,17:07:19,205
(47)-12-65334,(54)-16-73230,11/21/1983,02:41:42,369
(29)-25-90659,(55)-11-54582,11/21/1983,04:42:58,2717
(36)-18-74179,(45)-08-50152,11/21/1983,11:49:50,893
(52)-09-80256,(43)-15-75496,11/21/1983,13:46:37,262
(60)-02-61893,(77)-14-90716,11/21/1983,14:03:14,281
(54)-14-55578,(32)-15-24483,11/21/1983,15:05:58,639
(31)-01-15768,(79)-07-76361,11/21/1983,15:59:50,241
(37)-21-31774,(44)-05-86596,11/21/1983,23:49:39,166
(26)-01-33857,(79)-13-93788,11/22/1983,03:18:18,243
(57)-07-81119,(68)-09-23389,11/22/1983,08:06:21,2230
(51)-18-13423,(46)-16-94486,11/22/1983,12:08:38,491
(39)-22-13603,(39)-07-77228,11/22/1983,18:29:11,2389
(24)-19-03832,(74)-05-19027,11/22/1983,21:38:04,622
(54)-14-65514,(53)-07-96996,11/23/1983,00:29:28,211
(62)-17-72424,(44)-05-83881,11/23/1983,00:41:03,1467
(20)-02-44613,(50)-02-95653,11/23/1983,09:15:54,31
(34)-17-17306,(35)-06-83742,11/23/1983,15:46:00,74
(45)-16-42553,(55)-08-67352,11/23/1983,15:46:12,225
(40)-05-00309,(75)-13-12901,11/23/1983,18:09:37,3191
(28)-12-75201,(55)-00-95096,11/23/1983,23:47:48,8
(45)-12-31049,(33)-21-25248,11/24/1983,01:19:09,269
(39)-07-21332,(60)-16-95533,11/24/1983,05:03:55,162
(67)-12-28037,(25)-12-64405,11/24/1983,05:13:30,508
(74)-00-49755,(30)-22-38253,11/24/1983,14:22:46,199
(77)-08-06965,(49)-22-70563,11/24/1983,16:07:17,134
(71)-00-88287,(64)-07-75501,11/24/1983,16:22:55,236
(47)-12-49869,(33)-17-65791,11/24/1983,20:28:43,3490
(79)-08-76728,(67)-16-58131,11/24/1983,22:46:48,254
(42)-13-96047,(62)-18-17188,11/24/1983,23:20:30,224
(78)-11-07941,(66)-01-78718,11/25/1983,01:17:23,265
(34)-15-32603,(66)-13-25831,11/25/1983,02:44:13,2208
(59)-03-24982,(71)-00-29259,11/25/1983,06:16:13,172
(32)-00-39710,(54)-05-17938,11/25/1983,06:27:03,1635
(55)-16-72379,(49)-23-00469,11/25/1983,14:05:00,3142
(22)-03-69672,(47)-13-93768,11/25/1983,15:56:37,794
(40)-05-36865,(48)-14-61097,11/25/1983,22:57:36,175
(48)-11-28282,(72)-12-54086,11/26/1983,00:03:12,59
(50)-13-65239,(44)-15-69178,11/26/1983,04:19:31,765
(79)-13-43655,(53)-10-93482,11/26/1983,05:02:37,185
(70)-06-30929,(47)-13-07895,11/26/1983,07:33:29,2032
(50)-00-82553,(37)-11-35450,11/26/1983,13:44:40,654
(71)-15-89985,(65)-13-55483,11/27/1983,00:30:46,62
(27)-12-39845,(55)-17-28412,11/27/1983,05:57:26,126
(47)-10-72657,(30)-13-38598,11/27/1983,07:45:28,268
(24)-21-26997,(65)-02-79829,11/27/1983,18:37:53,565
(60)-02-06702,(56)-04-34849,11/27/1983,20:40:25,43
(72)-10-52290,(35)-07-37276,11/28/1983,03:11:22,259
(61)-05-38244,(34)-12-07387,11/28/1983,09:21:05,547
(75)-08-44503,(28)-01-70925,11/28/1983,17:35:39,42
(22)-16-41245,(71)-02-82403,11/28/1983,20:23:02,185
(60)-12-42364,(67)-10-44932,11/28/1983,21:55:20,2084
(27)-27-37629,(76)-05-02423,11/29/1983,02:44:38,97
(36)-18-29503,(64)-11-11220,11/29/1983,07:43:24,123
(75)-10-63694,(48)-09-77804,11/29/1983,09:13:39,2022
(36)-12-09724,(24)-17-27834,11/29/1983,09:51:02,140
(46)-04-68149,(58)-09-34619,11/29/1983,11:22:50,224
(78)-11-21694,(76)-00-47591,11/29/1983,21:14:09,774
(65)-16-58492,(49)-19-56539,11/30/1983,08:27:14,116
(20)-09-43776,(55)-16-24260,11/30/1983,16:56:04,1738
(64)-15-56319,(43)-20-18415,11/30/1983,18:46:50,60
(58)-01-32511,(20)-06-58512,11/30/1983,22:32:10,27
(24)-15-60954,(25)-14-05464,12/01/1983,01:51:28,76
(79)-00-99467,(24)-19-30977,12/01/1983,07:46:33,149
(21)-00-44988,(44)-06-12739,12/01/1983,15:32:26,111
(55)-03-27845,(33)-20-97045,12/01/1983,19:31:59,213
(30)-12-29024,(58)-06-82277,12/02/1983,02:00:21,735
(59)-07-95069,(41)-09-87491,12/02/1983,07:07:00,17
(67)-16-12877,(72)-01-80970,12/02/1983,09:57:50,551
(78)-11-86309,(71)-01-85829,12/02/1983,21:37:47,383
(34)-15-55210,(32)-05-13039,12/03/1983,05:07:57,769
(20)-06-23776,(56)-09-52541,12/03/1983,07:01:08,416
(76)-14-18489,(40)-17-83824,12/03/1983,12:15:14,2267
(53)-22-44485,(45)-15-19059,12/03/1983,13:32:58,256
(32)-12-84453,(32)-20-05762,12/03/1983,14:07:58,273
(29)-01-84121,(38)-00-30057,12/03/1983,17:47:42,702
(67)-14-05305,(46)-22-95486,12/03/1983,19:36:47,201
(42)-24-91757,(63)-01-86536,12/03/1983,22:48:09,668
(27)-22-44381,(24)-04-91446,12/03/1983,23:13:28,1075
(42)-19-62551,(60)-05-96352,12/03/1983,23:55:31,2613
(38)-16-89772,(34)-01-04916,12/04/1983,04:25:44,862
(54)-12-45481,(72)-13-44405,12/04/1983,08:04:03,209
(77)-01-49441,(74)-06-34961,12/04/1983,13:24:37,3461
(36)-22-27794,(20)-28-91275,12/04/1983,17:26:27,198
(33)-27-93211,(71)-01-87457,12/04/1983,20:59:29,737
(50)-06-39600,(29)-11-61447,12/05/1983,00:17:16,337
(47)-13-96924,(76)-10-16119,12/05/1983,07:58:32,2213
(70)-16-33209,(24)-13-22844,12/05/1983,08:56:44,754
(45)-16-32843,(60)-15-97783,12/05/1983,10:32:57,945
(35)-22-82228,(33)-01-67254,12/05/1983,17:51:59,232
(26)-11-20449,(62)-14-30913,12/05/1983,23:27:12,2451
(66)-04-11626,(55)-06-87050,12/06/1983,00:49:46,2280
(67)-07-38274,(39)-21-57326,12/06/1983,03:19:43,697
(63)-04-89292,(78)-04-32535,12/06/1983,12:47:10,388
(74)-11-56035,(76)-10-90964,12/06/1983,18:40:41,153
(48)-20-00046,(61)-01-50066,12/06/1983,19:10:42,127
(22)-23-13761,(44)-13-91455,12/06/1983,20:58:19,2566
(66)-03-85486,(33)-09-66189,12/06/1983,23:41:23,1772
(32)-12-06519,(68)-00-19882,12/07/1983,00:31:23,70
(20)-04-09900,(23)-32-13403,12/07/1983,02:18:04,210
(56)-09-18209,(64)-03-92906,12/07/1983,09:46:35,765
(73)-00-98981,(77)-12-92987,12/07/1983,12:00:30,435
(65)-10-89368,(40)-16-53794,12/07/1983,12:34:41,247
(31)-28-12679,(31)-08-83132,12/07/1983,14:21:59,57
(55)-10-33669,(61)-08-65197,12/07/1983,14:30:04,84
(69)-01-42541,(41)-10-91347,12/07/1983,16:39:13,775
(50)-21-66627,(36)-01-29969,12/07/1983,20:02:13,654
(55)-06-16684,(22)-11-54617,12/08/1983,16:44:28,802
(43)-17-57519,(79)-11-59580,12/08/1983,17:04:36,67
(38)-18-49414,(72)-15-10886,12/08/1983,19:08:14,2544
(50)-17-03617,(35)-27-15243,12/09/1983,01:11:18,26
(32)-25-98914,(65)-02-56262,12/09/1983,01:32:26,201
(58)-08-13225,(48)-21-09778,12/09/1983,10:18:42,2248
(56)-14-73382,(78)-04-51182,12/09/1983,23:01:55,1229
(34)-11-30843,(62)-03-89609,12/09/1983,23:22:08,2141
(73)-05-36102,(28)-27-69948,12/09/1983,23:41:22,33
(47)-01-24202,(79)-01-91303,12/10/1983,08:48:54,249
(38)-21-24991,(29)-12-37591,12/10/1983,14:49:51,17
(48)-07-57286,(40)-22-29393,12/10/1983,16:29:12,15
(24)-10-61985,(74)-07-54825,12/10/1983,19:53:45,236
(40)-18-70018,(74)-12-01379,12/10/1983,20:02:02,135
(63)-03-87099,(25)-24-55366,12/10/1983,23:14:47,434
(78)-12-14008,(74)-04-59873,12/11/1983,00:24:31,868
(20)-22-49681,(59)-12-46364,12/11/1983,02:09:56,874
(73)-09-72296,(46)-09-87743,12/11/1983,05:45:07,198
(67)-07-58996,(50)-20-90289,12/11/1983,07:54:49,133
(24)-05-69109,(46)-02-88784,12/11/1983,08:34:39,146
(68)-07-25759,(34)-00-77723,12/11/1983,11:51:21,142
(66)-14-34798,(22)-25-83435,12/11/1983,14:08:24,3299
(33)-12-19084,(29)-02-29796,12/12/1983,04:57:10,254
(46)-07-37634,(56)-20-61886,12/12/1983,13:42:21,822
(55)-07-39041,(25)-12-72289,12/12/1983,16:14:46,143
(46)-01-13053,(68)-00-17588,12/12/1983,16:55:12,281
(78)-11-72040,(51)-00-55279,12/13/1983,00:37:39,269
(57)-00-60773,(67)-05-82323,12/13/1983,03:19:05,571
(27)-00-27419,(52)-00-38902,12/13/1983,08:30:52,214
(62)-15-35687,(73)-11-56913,12/13/1983,11:06:43,143
(62)-00-71035,(32)-00-89183,12/13/1983,12:49:23,1553
(34)-21-58833,(20)-33-18852,12/13/1983,21:29:00,53
(37)-21-00855,(76)-14-41590,12/14/1983,22:28:27,10
(57)-08-98665,(69)-11-85740,12/14/1983,22:50:02,523
(20)-07-22881,(57)-13-27852,12/14/1983,23:25:59,135
(46)-04-44126,(56)-03-43617,12/15/1983,00:43:38,675
(40)-22-50709,(55)-07-02589,12/15/1983,11:57:09,530
(72)-14-44342,(51)-11-17116,12/16/1983,01:08:14,747
(67)-17-91221,(46)-08-52440,12/16/1983,07:51:41,230
(69)-12-12551,(48)-21-27655,12/16/1983,15:26:14,851
(41)-07-12673,(23)-01-35028,12/16/1983,15:50:58,848
(47)-10-44522,(74)-05-19265,12/17/1983,01:37:32,227
(23)-04-48990,(58)-04-18140,12/17/1983,05:33:51,1547
(67)-05-53541,(66)-00-40136,12/17/1983,06:33:26,146
(42)-02-15061,(42)-19-24801,12/17/1983,09:21:41,3130
(51)-01-77769,(58)-17-92678,12/17/1983,16:11:15,280
(30)-07-68599,(50)-09-42390,12/18/1983,06:40:01,336
(66)-04-08221,(66)-11-30128,12/18/1983,08:21:52,638
(20)-21-07471,(55)-03-56497,12/18/1983,08:26:31,275
(63)-17-22797,(24)-04-79057,12/18/1983,15:29:02,116
(66)-10-47806,(60)-13-79595,12/18/1983,22:34:05,9
(64)-08-21629,(54)-17-61354,12/18/1983,23:29:04,2366
(53)-04-61469,(53)-00-22092,12/18/1983,23:57:30,756
(60)-12-32754,(48)-14-43225,12/19/1983,00:26:50,1208
(43)-17-03239,(25)-09-88953,12/19/1983,01:06:03,1271
(65)-09-91133,(75)-08-29784,12/19/1983,05:47:24,162
(46)-07-01152,(63)-15-79473,12/19/1983,08:26:45,431
(38)-05-83550,(38)-05-14054,12/19/1983,11:56:46,694
(24)-14-10882,(58)-13-58624,12/20/1983,03:20:08,187
(44)-05-45354,(47)-15-82403,12/20/1983,09:41:22,213
(28)-25-50397,(79)-01-93985,12/20/1983,13:05:45,177
(75)-01-23095,(43)-16-64187,12/20/1983,20:21:23,759
(55)-16-34153,(65)-14-50341,12/20/1983,21:30:44,73
(59)-05-64701,(29)-00-56332,12/21/1983,04:50:45,15
(53)-00-47767,(66)-14-93452,12/21/1983,12:31:39,263
(52)-20-98659,(26)-15-09687,12/21/1983,12:40:34,214
(35)-10-98171,(24)-26-09391,12/21/1983,16:03:56,296
(48)-01-48749,(20)-05-70182,12/21/1983,17:20:49,116
(20)-15-11664,(32)-13-11672,12/21/1983,22:44:01,213
(63)-17-72223,(34)-01-30955,12/21/1983,23:26:04,595
(25)-10-59273,(52)-21-77482,12/21/1983,23:48:11,224
(72)-09-15423,(66)-16-72994,12/22/1983,05:52:43,83
(71)-13-74439,(25)-17-83564,12/22/1983,07:02:56,104
(62)-01-36763,(45)-17-90555,12/22/1983,12:36:27,3176
(45)-23-78772,(62)-03-21724,12/23/1983,00:56:37,75
(30)-24-60485,(20)-23-04921,12/23/1983,01:33:24,485
(76)-06-30530,(40)-09-95470,12/23/1983,09:39:45,703
(55)-04-48167,(77)-03-00654,12/23/1983,14:03:01,887
(75)-09-38068,(64)-17-54974,12/23/1983,14:14:40,528
(27)-29-42840,(70)-04-82974,12/23/1983,14:46:05,293
(68)-09-91318,(73)-02-10715,12/23/1983,15:47:25,152
(55)-08-75574,(67)-09-07597,12/24/1983,01:52:34,267
(24)-04-96847,(20)-07-88480,12/24/1983,04:09:32,285
(44)-16-17574,(49)-04-09512,12/24/1983,11:55:10,203
(66)-05-75409,(72)-15-97954,12/24/1983,12:11:33,1010
(46)-04-42479,(26)-20-13738,12/24/1983,18:17:41,697
(41)-20-30048,(47)-19-58940,12/24/1983,18:33:38,124
(52)-10-11454,(23)-23-03484,12/24/1983,19:21:50,8
(31)-28-73543,(34)-07-39938,12/24/1983,19:34:54,177
(23)-04-58683,(35)-11-61197,12/24/1983,21:18:09,340
(73)-04-57225,(45)-01-87870,12/25/1983,02:36:54,1278
(44)-17-60499,(59)-01-35271,12/25/1983,04:21:15,262
(48)-21-03960,(45)-16-54666,12/25/1983,05:14:30,367
(30)-11-46676,(33)-27-69135,12/25/1983,08:49:49,38
(54)-06-28673,(54)-11-30609,12/25/1983,09:43:52,59
(26)-12-50484,(72)-08-61774,12/25/1983,17:58:26,192
(28)-25-78712,(27)-21-03658,12/25/1983,21:08:10,354
(48)-21-59406,(40)-05-26630,12/25/1983,21:19:28,109
(79)-11-42308,(74)-15-58634,12/26/1983,05:56:34,87
(23)-29-95323,(69)-04-49059,12/26/1983,09:51:43,256
(74)-06-80781,(69)-15-45214,12/26/1983,10:43:13,273
(59)-15-37225,(72)-07-55136,12/26/1983,12:34:21,577
(52)-01-52905,(66)-12-86338,12/26/1983,15:55:20,84
(45)-15-21202,(53)-15-91394,12/26/1983,18:23:18,60
(79)-03-72706,(52)-03-66471,12/27/1983,03:07:06,4041
(49)-20-44743,(67)-08-82198,12/27/1983,20:33:00,788
(57)-12-77192,(28)-20-46859,12/28/1983,03:46:11,240
(59)-06-31346,(49)-17-77653,12/28/1983,03:51:31,3061
(66)-12-04906,(22)-30-64278,12/28/1983,04:35:09,294
(48)-02-90032,(58)-11-29776,12/28/1983,20:36:11,38
(74)-08-70889,(38)-07-83369,12/28/1983,21:32:26,84
(38)-26-08846,(30)-16-82798,12/29/1983,00:44:06,219
(70)-15-47925,(57)-16-01485,12/29/1983,08:21:49,115
(43)-24-46063,(69)-00-13293,12/29/1983,09:54:45,163
(56)-08-41802,(35)-12-11656,12/29/1983,17:58:25,5433
(75)-08-67938,(40)-21-15605,12/30/1983,01:59:24,171
(76)-08-96656,(52)-06-80407,12/30/1983,05:10:52,251
(64)-14-80300,(60)-05-28845,12/30/1983,05:35:37,95
(47)-09-21228,(48)-23-27128,12/30/1983,12:31:43,58
(61)-17-03062,(64)-14-75728,12/30/1983,15:35:49,258
(64)-18-35646,(22)-09-75287,12/30/1983,17:43:57,229
(36)-21-53476,(73)-05-49279,12/30/1983,18:32:06,358
(42)-25-56695,(30)-29-70865,12/30/1983,18:38:24,107
(62)-19-15799,(28)-10-33311,12/30/1983,20:15:02,242
(69)-08-26918,(29)-01-11857,12/31/1983,03:43:08,138
(35)-25-59009,(58)-12-15362,12/31/1983,05:27:56,754
(47)-13-57516,(75)-01-92452,12/31/1983,05:51:55,684
(43)-09-04859,(36)-09-56984,12/31/1983,10:22:28,2871
(61)-12-93019,(72)-04-81835,12/31/1983,15:33:41,255
(40)-08-09784,(71)-07-05487,12/31/1983,18:07:57,64
(23)-12-96152,(78)-11-72040,01/01/1984,00:18:50,39
(29)-28-32974,(53)-17-55473,01/01/1984,03:32:47,173
(70)-16-62673,(22)-31-81372,01/01/1984,04:34:38,2456
(60)-13-02763,(39)-24-90436,01/01/1984,07:40:11,706
(20)-28-19574,(25)-30-17402,01/01/1984,09:53:33,584
(72)-02-31114,(68)-10-33769,01/01/1984,13:59:01,233
(66)-07-66727,(42)-23-10766,01/01/1984,14:08:01,295
(42)-02-00067,(79)-12-92369,01/02/1984,04:59:31,642
(39)-18-93367,(65)-18-22546,01/02/1984,17:22:18,2216
(55)-05-83342,(50)-09-07566,01/03/1984,00:38:39,292
(30)-23-98692,(61)-06-88650,01/03/1984,02:06:56,799
(65)-02-28339,(58)-12-04324,01/03/1984,04:58:23,21
(20)-15-57428,(76)-00-34707,01/03/1984,08:28:39,787
(53)-21-12274,(32)-22-07480,01/03/1984,12:10:24,26
(63)-06-16426,(41)-24-91166,01/03/1984,16:38:07,118
(24)-02-85854,(59)-11-16041,01/04/1984,05:37:58,1002
(55)-12-85740,(71)-01-15321,01/04/1984,11:29:58,1148
(79)-04-31446,(49)-16-74028,01/04/1984,14:45:23,264
(61)-00-87955,(77)-10-77339,01/05/1984,03:59:17,209
(67)-09-29270,(47)-07-75336,01/05/1984,11:23:47,794
(26)-16-82145,(60)-01-25314,01/05/1984,18:22:56,2431
(28)-03-46830,(75)-13-29936,01/05/1984,21:34:55,2229
(44)-16-17574,(63)-09-11035,01/06/1984,01:20:15,58
(41)-25-28560,(21)-16-33523,01/06/1984,09:47:40,113
(68)-08-37092,(38)-00-33350,01/06/1984,12:11:51,76
(44)-19-81872,(31)-22-04877,01/06/1984,18:13:25,786
(26)-18-00903,(28)-17-65856,01/06/1984,18:18:52,197
(21)-32-89427,(35)-11-15046,01/06/1984,18:36:41,143
(52)-04-32562,(31)-06-99082,01/06/1984,21:48:43,3446
(50)-17-15032,(76)-14-25326,01/07/1984,07:00:35,1644
(39)-07-65494,(21)-00-25722,01/07/1984,14:29:20,5
(50)-10-90123,(48)-12-10093,01/07/1984,20:11:13,1805
(25)-28-80559,(46)-21-93613,01/07/1984,23:11:14,88
(50)-06-14613,(78)-11-10108,01/08/1984,10:54:48,177
(75)-02-53457,(66)-16-62559,01/08/1984,16:03:42,883
(78)-09-62705,(68)-16-51445,01/08/1984,18:08:09,601
(45)-11-82303,(52)-00-31929,01/08/1984,19:28:56,1285
(43)-19-13504,(45)-17-77009,01/08/1984,20:32:24,1102
(68)-07-33037,(62)-09-24226,01/08/1984,21:31:29,1533
(74)-02-87576,(72)-04-00606,01/08/1984,22:50:24,258
(28)-08-68099,(27)-11-14653,01/08/1984,23:51:04,637
(24)-28-72985,(61)-08-61460,01/09/1984,10:33:15,2989
(68)-14-38644,(70)-01-68334,01/09/1984,10:43:29,571
(21)-08-24929,(40)-22-12979,01/09/1984,13:31:41,1568
(39)-15-23122,(20)-23-31061,01/09/1984,14:06:23,97
(72)-11-97583,(47)-07-55080,01/09/1984,18:04:08,231
(36)-21-96626,(32)-04-15828,01/09/1984,21:05:00,2368
(79)-03-55326,(47)-20-58012,01/10/1984,00:39:24,80
(51)-22-56024,(52)-16-73514,01/10/1984,11:20:26,3449
(65)-04-26819,(39)-13-85891,01/10/1984,17:13:14,99
(50)-06-83191,(20)-25-93250,01/10/1984,19:21:32,196
(78)-04-37487,(54)-11-20036,01/10/1984,19:46:58,176
(73)-06-11424,(70)-10-08081,01/10/1984,22:34:02,1990
(74)-00-03808,(23)-01-34959,01/10/1984,23:30:02,2976
(69)-10-60346,(71)-06-38352,01/11/1984,00:46:50,348
(42)-00-03252,(78)-08-40925,01/11/1984,01:44:47,739
(70)-06-22625,(58)-13-35223,01/11/1984,03:26:51,1771
(63)-14-03925,(33)-12-28407,01/11/1984,05:23:49,3112
(23)-14-38877,(20)-02-73890,01/11/1984,06:23:01,144
(26)-23-43700,(70)-06-16349,01/11/1984,08:18:10,171
(25)-31-79378,(62)-06-47215,01/11/1984,14:32:17,58
(58)-18-24677,(43)-06-07541,01/11/1984,17:26:08,634
(58)-04-11609,(32)-20-89259,01/12/1984,00:31:37,2000
(32)-01-13594,(47)-13-54112,01/12/1984,08:50:41,279
(47)-02-17208,(52)-18-49396,01/12/1984,09:01:17,249
(42)-03-19894,(46)-16-19490,01/12/1984,11:33:55,75
(46)-17-49501,(35)-19-88806,01/12/1984,13:30:47,158
(60)-19-02034,(66)-13-40791,01/12/1984,17:43:16,616
(65)-07-90254,(56)-09-15377,01/13/1984,00:54:39,719
(31)-22-85321,(37)-11-00834,01/13/1984,01:11:51,10
(43)-18-44450,(47)-02-11298,01/13/1984,05:18:08,3519
(64)-00-09301,(53)-12-86074,01/13/1984,09:31:12,179
(24)-07-49904,(37)-10-66673,01/13/1984,18:32:15,3017
(31)-17-80404,(71)-04-61988,01/13/1984,19:40:44,537
(68)-06-00243,(74)-01-76959,01/13/1984,22:55:06,3118
(24)-29-13684,(39)-08-00705,01/14/1984,07:39:00,216
(27)-12-06217,(27)-09-66730,01/14/1984,09:46:13,224
(69)-15-30435,(36)-09-21805,01/14/1984,20:48:25,4814
(74)-04-18453,(27)-30-86646,01/14/1984,21:52:38,3564
(73)-02-45699,(69)-10-36050,01/15/1984,03:08:52,13
(61)-11-79986,(50)-10-50925,01/15/1984,14:03:04,298
(75)-09-12979,(26)-23-22847,01/15/1984,14:26:23,211
(50)-03-43512,(43)-11-91683,01/15/1984,15:50:33,843
(62)-05-61979,(63)-05-67131,01/15/1984,17:07:24,27
(33)-08-70855,(29)-00-37049,01/16/1984,07:02:19,1676
(51)-20-35965,(51)-06-37692,01/16/1984,10:43:41,153
(27)-14-08007,(59)-18-64969,01/16/1984,11:26:22,265
(23)-16-70846,(30)-21-35119,01/16/1984,11:43:02,627
(27)-16-37370,(38)-09-65004,01/16/1984,17:51:15,3423
(69)-06-21626,(77)-05-54628,01/16/1984,18:02:59,2868
(43)-10-64767,(20)-02-87193,01/16/1984,23:40:59,168
(72)-04-60051,(67)-17-89023,01/17/1984,01:19:07,175
(42)-01-20767,(33)-11-00105,01/17/1984,04:09:57,501
(24)-26-13604,(23)-16-45157,01/17/1984,14:29:51,816
(47)-06-21306,(42)-01-47059,01/17/1984,16:14:24,658
(72)-12-62951,(38)-08-94501,01/17/1984,19:34:03,3210
(27)-30-55282,(76)-14-37015,01/17/1984,21:28:00,5720
(51)-13-73971,(67)-06-88401,01/18/1984,05:09:04,237
(67)-12-13677,(52)-02-29413,01/18/1984,08:32:24,608
(28)-24-20881,(40)-07-24479,01/18/1984,15:02:25,196
(22)-19-27157,(23)-31-52197,01/19/1984,02:24:34,2699
(53)-02-05293,(50)-13-82109,01/19/1984,12:28:16,19
(69)-00-48114,(63)-07-69204,01/19/1984,18:24:12,184
(22)-13-77794,(52)-21-60859,01/20/1984,03:11:31,636
(35)-20-89787,(28)-23-50102,01/20/1984,05:51:18,171
(63)-04-13522,(58)-09-44949,01/20/1984,08:37:43,613
(47)-04-23395,(31)-18-50017,01/20/1984,11:03:26,397
(29)-20-86175,(67)-14-01826,01/20/1984,14:38:39,177
(48)-23-82469,(43)-07-86666,01/20/1984,20:25:37,298
(52)-01-80817,(21)-18-00641,01/20/1984,23:29:23,439
(76)-07-73237,(22)-30-30413,01/21/1984,01:38:26,513
(51)-21-34151,(42)-01-36930,01/21/1984,06:49:18,101
(23)-27-62931,(61)-13-36149,01/21/1984,11:56:31,962
(73)-01-07642,(40)-01-99997,01/21/1984,13:33:33,5426
(76)-03-75545,(64)-01-08680,01/21/1984,19:12:35,770
(23)-10-15667,(49)-19-42200,01/21/1984,23:16:59,263
(34)-14-90424,(35)-00-63262,01/21/1984,23:23:24,202
(52)-12-32648,(59)-17-30200,01/21/1984,23:56:03,186
(47)-22-84336,(31)-21-71218,01/22/1984,00:48:20,511
(72)-01-71849,(77)-12-48621,01/22/1984,02:31:36,134
(32)-07-21066,(70)-14-33781,01/22/1984,11:29:54,726
(38)-25-92205,(55)-11-30838,01/22/1984,15:28:43,130
(32)-13-01224,(40)-12-21416,01/22/1984,20:33:00,290
(71)-02-42014,(73)-04-17604,01/23/1984,02:02:08,548
(42)-06-73946,(21)-11-77332,01/23/1984,04:40:00,12
(77)-12-21379,(29)-01-29477,01/23/1984,06:44:02,1487
(70)-13-10798,(41)-14-30991,01/23/1984,08:17:39,7
(67)-17-29326,(36)-07-85358,01/23/1984,09:49:27,292
(46)-00-52116,(76)-12-27312,01/23/1984,14:31:10,3002
(74)-04-36068,(52)-18-83969,01/24/1984,00:44:05,32
(24)-06-22601,(41)-07-63822,01/24/1984,09:42:24,294
(45)-15-38989,(46)-04-39055,01/24/1984,23:40:16,170
(36)-09-72760,(49)-22-65044,01/25/1984,14:57:14,78
(64)-16-96653,(24)-26-37266,01/25/1984,16:44:26,565
(72)-12-54086,(25)-14-05464,01/25/1984,17:35:30,230
(61)-04-63729,(75)-04-69524,01/25/1984,18:06:33,72
(69)-14-25933,(79)-13-23256,01/25/1984,18:28:37,197
(60)-07-77812,(79)-02-95219,01/25/1984,19:32:52,1776
(69)-16-70634,(78)-08-26102,01/26/1984,03:37:41,166
(56)-08-14206,(59)-01-46476,01/26/1984,05:38:18,1538
(65)-04-70519,(23)-21-70277,01/26/1984,08:19:09,1293
(55)-08-46305,(26)-16-43997,01/26/1984,09:14:12,223
(31)-09-73413,(28)-04-16615,01/26/1984,10:25:50,734
(29)-21-43458,(41)-25-04396,01/26/1984,11:16:47,108
(51)-05-38865,(34)-19-72006,01/26/1984,18:46:17,3313
(68)-12-05321,(40)-16-55773,01/26/1984,20:25:11,614
(69)-07-78390,(55)-12-11699,01/27/1984,05:26:06,48
(23)-20-82378,(35)-23-88762,01/27/1984,05:49:04,2861
(30)-02-75300,(57)-11-96863,01/27/1984,09:13:08,264
(58)-04-14537,(65)-17-51502,01/27/1984,13:25:41,184
(23)-17-66389,(78)-08-23661,01/27/1984,14:17:12,161
(20)-08-84024,(41)-26-68840,01/27/1984,16:20:22,220
(53)-17-17755,(40)-25-70676,01/27/1984,19:42:10,259
(48)-17-38422,(69)-12-41708,01/27/1984,22:42:10,762
(23)-25-18648,(44)-07-45477,01/28/1984,05:59:31,255
(46)-12-42845,(76)-06-59001,01/28/1984,09:39:00,278
(74)-15-79242,(74)-05-85607,01/28/1984,10:15:09,488
(22)-16-54500,(74)-06-84151,01/29/1984,05:48:47,3179
(47)-03-31658,(45)-21-89885,01/29/1984,22:05:23,105
(75)-03-92505,(32)-21-24784,01/30/1984,12:57:57,490
(69)-01-22366,(60)-07-95245,01/30/1984,16:37:31,6381
(30)-05-76860,(55)-21-51608,01/31/1984,02:04:17,194
(65)-15-47458,(46)-16-18446,01/31/1984,04:14:04,3405
(31)-21-36543,(67)-11-94701,01/31/1984,05:36:48,307
(23)-21-01467,(35)-21-07110,01/31/1984,10:51:11,191
(69)-08-77687,(29)-16-54822,01/31/1984,13:44:50,2833
(70)-11-12064,(33)-20-33001,01/31/1984,16:22:05,146
(49)-19-43995,(41)-17-16035,01/31/1984,20:10:18,2555
(55)-19-47470,(61)-15-62875,01/31/1984,20:40:46,373
(49)-09-55198,(41)-18-23308,01/31/1984,22:45:58,747
(66)-00-64873,(32)-29-28938,01/31/1984,22:49:02,283
(54)-17-87640,(70)-07-78072,01/31/1984,23:02:23,524
(22)-25-31533,(71)-00-66325,02/01/1984,00:59:27,191
(63)-07-44714,(59)-01-67567,02/01/1984,01:33:15,130
(52)-05-28215,(57)-01-20104,02/01/1984,04:20:46,154
(52)-14-55327,(62)-06-34821,02/01/1984,05:53:53,3584
(40)-13-12169,(24)-29-13436,02/01/1984,06:43:22,328
(77)-12-29222,(78)-04-82009,02/01/1984,23:33:04,2033
(66)-14-62050,(21)-21-76225,02/02/1984,00:50:21,171
(73)-00-97756,(30)-04-90260,02/02/1984,02:00:34,266
(28)-24-97958,(33)-12-48197,02/02/1984,03:01:29,97
(60)-18-26042,(27)-10-35027,02/02/1984,09:31:29,564
(35)-02-26436,(34)-14-20133,02/02/1984,12:43:43,365
(48)-02-47792,(58)-04-64367,02/02/1984,15:23:51,76
(72)-15-29181,(34)-21-86157,02/02/1984,17:45:10,473
(41)-17-40364,(47)-10-00257,02/02/1984,22:25:59,2267
(57)-14-88936,(53)-21-10300,02/02/1984,23:47:54,669
(57)-11-79403,(71)-11-10605,02/03/1984,01:53:00,2066
(46)-04-80369,(50)-06-73183,02/03/1984,11:34:37,185
(34)-08-47993,(63)-08-96880,02/03/1984,12:51:47,1939
(61)-05-32072,(21)-25-94326,02/03/1984,13:13:03,1894
(77)-06-61448,(25)-20-43526,02/03/1984,13:39:07,115
(76)-10-64944,(56)-15-54785,02/03/1984,18:15:27,434
(50)-15-80858,(47)-01-15357,02/03/1984,18:40:57,809
(56)-02-48665,(73)-04-56683,02/03/1984,20:10:40,223
(43)-25-14172,(28)-23-44385,02/04/1984,00:44:37,1493
(30)-26-12173,(68)-01-20774,02/04/1984,02:24:01,287
(32)-23-60691,(21)-25-71567,02/04/1984,09:21:31,98
(56)-18-98417,(47)-23-70511,02/04/1984,09:39:23,515
(53)-06-26349,(34)-11-67879,02/04/1984,10:25:33,766
(24)-10-40688,(56)-12-09709,02/04/1984,20:01:49,706
(57)-17-13035,(79)-00-27762,02/04/1984,21:18:51,271
(22)-18-75346,(68)-16-93517,02/05/1984,00:38:21,598
(69)-08-48371,(50)-04-97644,02/05/1984,03:10:38,340
(21)-06-23032,(72)-01-25182,02/05/1984,10:36:00,18
(24)-00-09443,(32)-03-84804,02/05/1984,11:08:09,1879
(77)-13-49104,(73)-02-70725,02/05/1984,14:48:10,747
(31)-19-91589,(53)-21-71497,02/05/1984,16:12:34,222
(74)-06-94929,(48)-05-61499,02/05/1984,17:22:27,3574
(44)-18-83998,(62)-03-52809,02/05/1984,19:14:59,3870
(64)-17-07432,(20)-11-69626,02/06/1984,00:29:33,211
(57)-13-98104,(47)-10-66532,02/06/1984,08:09:50,46
(43)-10-94028,(44)-14-69959,02/06/1984,08:32:31,13
(41)-21-31526,(67)-06-88597,02/06/1984,09:18:04,82
(20)-03-47199,(59)-18-34105,02/06/1984,10:32:12,102
(50)-20-27805,(20)-04-41941,02/06/1984,15:32:31,703
(48)-21-82718,(73)-04-09244,02/06/1984,17:59:03,662
(70)-14-46429,(58)-11-52220,02/06/1984,18:06:48,201
(78)-00-47607,(78)-11-25860,02/06/1984,20:01:19,471
(27)-12-97935,(70)-10-35729,02/06/1984,21:14:59,701
(47)-07-43586,(51)-06-20572,02/07/1984,00:31:54,704
(31)-27-41195,(58)-02-83695,02/07/1984,05:47:13,178
(52)-00-38952,(27)-01-76810,02/07/1984,07:04:43,52
(58)-10-55875,(25)-02-24752,02/07/1984,09:43:32,1737
(40)-04-49863,(75)-08-87464,02/07/1984,11:28:11,724
(70)-09-28874,(41)-19-40466,02/07/1984,16:14:04,163
(52)-12-02993,(36)-24-62251,02/08/1984,02:30:23,368
(33)-12-96991,(59)-19-85415,02/08/1984,02:46:53,124
(53)-18-90800,(60)-06-83501,02/08/1984,11:21:21,251
(25)-09-43214,(72)-11-52984,02/08/1984,15:07:50,413
(23)-30-28816,(62)-05-52140,02/08/1984,16:41:49,953
(49)-21-36143,(65)-10-58785,02/09/1984,00:11:49,2680
(68)-04-24364,(25)-30-17642,02/09/1984,03:19:37,782
(59)-11-35682,(69)-07-20033,02/09/1984,19:41:15,623
(34)-15-16428,(20)-00-17740,02/09/1984,21:55:58,3500
(64)-16-66341,(68)-08-55593,02/10/1984,05:22:18,556
(60)-05-37572,(48)-08-50831,02/10/1984,08:50:25,3293
(29)-15-65248,(38)-06-80878,02/10/1984,12:20:00,546
(47)-15-89230,(76)-01-29797,02/10/1984,15:19:45,638
(42)-04-22361,(29)-13-03829,02/10/1984,15:42:16,211
(77)-10-61820,(24)-27-49332,02/11/1984,03:07:35,148
(47)-17-37229,(34)-08-43231,02/11/1984,06:38:23,2067
(57)-05-34379,(63)-01-35133,02/11/1984,06:59:46,288
(37)-09-90887,(63)-17-37120,02/11/1984,12:31:13,100
(23)-12-83121,(77)-04-36617,02/13/1984,05:07:59,127
(63)-00-26862,(40)-17-19573,02/13/1984,08:28:47,17
(57)-18-18339,(21)-19-79242,02/13/1984,16:12:41,47
(28)-25-00041,(46)-18-54818,02/13/1984,18:47:10,208
(48)-20-26722,(41)-04-54224,02/14/1984,01:17:39,322
(26)-11-01833,(76)-14-56432,02/14/1984,04:03:25,237
(20)-00-06267,(59)-13-16832,02/14/1984,11:35:17,514
(23)-13-11189,(51)-15-90403,02/14/1984,11:49:24,746
(28)-08-10408,(54)-08-11611,02/14/1984,12:52:41,251
(74)-07-13633,(71)-01-21776,02/14/1984,14:09:13,807
(23)-03-42698,(28)-07-32444,02/14/1984,23:41:56,2622
(60)-11-52001,(30)-03-75653,02/15/1984,00:08:53,15
(40)-18-20518,(47)-14-88921,02/15/1984,00:48:52,2912
(63)-00-78360,(70)-13-61317,02/15/1984,03:49:36,326
(27)-09-56244,(59)-05-17623,02/15/1984,07:55:38,1988
(30)-23-04250,(68)-12-82006,02/15/1984,19:07:25,114
(20)-21-99491,(33)-22-80337,02/16/1984,17:13:30,291
(36)-21-95462,(75)-09-78973,02/16/1984,19:20:03,261
(34)-27-42890,(48)-17-84388,02/17/1984,03:42:09,388
(66)-10-82806,(51)-00-55698,02/17/1984,12:15:00,349
(58)-00-43788,(43)-06-92261,02/17/1984,16:25:55,186
(22)-13-73851,(78)-08-82282,02/18/1984,04:06:36,393
(49)-12-58876,(23)-13-15220,02/18/1984,11:32:01,1979
(60)-06-45812,(74)-15-92888,02/18/1984,20:12:17,31
(65)-14-36120,(60)-18-25943,02/18/1984,20:54:48,235
(78)-01-71699,(79)-12-77336,02/18/1984,21:52:28,805
(34)-27-70567,(72)-14-57471,02/19/1984,10:51:40,113
(71)-07-05886,(42)-22-50499,02/19/1984,12:50:37,2513
(74)-07-82498,(26)-15-11992,02/19/1984,16:55:59,487
(35)-27-42923,(73)-00-74614,02/19/1984,19:49:03,1203
(78)-12-87419,(29)-28-08775,02/19/1984,22:05:05,689
(63)-03-69854,(39)-23-00097,02/20/1984,00:29:22,507
(76)-12-09003,(24)-12-19917,02/20/1984,06:49:22,887
(42)-19-85052,(31)-00-53252,02/20/1984,06:52:45,1192
(49)-01-13305,(38)-09-12112,02/20/1984,06:54:55,313
(53)-03-62292,(63)-04-37104,02/20/1984,09:01:49,834
(65)-05-12621,(36)-12-93987,02/20/1984,11:50:34,791
(50)-19-33134,(32)-06-14981,02/20/1984,13:09:33,5374
(31)-21-82770,(43)-15-63813,02/20/1984,13:53:22,62
(43)-10-65057,(62)-12-92230,02/20/1984,16:43:50,660
(36)-06-64070,(20)-32-91090,02/20/1984,17:01:57,238
(54)-15-49189,(29)-28-39991,02/20/1984,19:29:41,174
(65)-07-92968,(20)-18-89382,02/21/1984,05:07:21,497
(45)-21-73204,(67)-12-87427,02/21/1984,13:03:26,271
(53)-10-74399,(68)-09-33327,02/21/1984,15:55:51,177
(41)-15-78734,(39)-02-21455,02/21/1984,16:47:41,3031
(21)-05-15482,(79)-01-95731,02/21/1984,17:40:36,51
(51)-14-21284,(44)-05-48744,02/21/1984,23:00:37,2846
(54)-18-80500,(77)-05-41958,02/22/1984,07:27:20,93
(39)-17-75251,(26)-29-66576,02/22/1984,21:37:45,186
(25)-02-06323,(24)-18-64844,02/23/1984,02:07:20,1736
(77)-02-03952,(66)-05-45830,02/23/1984,05:19:20,784
(28)-11-36612,(61)-00-73446,02/23/1984,05:26:46,122
(67)-09-65970,(65)-13-95752,02/23/1984,11:26:54,152
(77)-06-80431,(77)-13-67878,02/23/1984,11:45:33,60
(31)-14-39006,(45)-24-63904,02/23/1984,20:43:00,488
(46)-03-92923,(76)-01-06083,02/24/1984,03:28:58,1886
(52)-08-73134,(39)-08-80226,02/24/1984,03:48:41,47
(44)-24-45046,(26)-06-30502,02/24/1984,12:05:07,124
(36)-02-92522,(50)-23-19822,02/24/1984,20:59:59,856
(25)-11-21417,(40)-22-15003,02/24/1984,21:42:25,691
(62)-00-81555,(72)-13-37389,02/24/1984,23:52:34,795
(31)-26-89038,(56)-10-37556,02/25/1984,00:19:49,500
(75)-05-02310,(51)-18-34735,02/25/1984,10:47:17,238
(74)-15-53665,(43)-24-35166,02/25/1984,11:05:20,506
(78)-10-10564,(59)-14-12541,02/25/1984,19:14:58,131
(28)-20-48326,(58)-04-86060,02/26/1984,05:14:57,993
(54)-17-11672,(63)-18-55412,02/26/1984,05:54:20,2047
(26)-17-10272,(61)-03-91119,02/26/1984,06:53:08,394
(52)-15-50529,(20)-18-16647,02/26/1984,14:03:46,40
(78)-06-11289,(30)-02-06510,02/26/1984,16:59:39,58
(78)-13-88970,(45)-08-60345,02/26/1984,19:47:29,168
(35)-25-52523,(46)-05-46558,02/26/1984,23:41:11,9
(32)-14-55957,(73)-06-46583,02/27/1984,03:26:55,3247
(57)-11-27382,(77)-09-33415,02/27/1984,03:40:55,3308
(41)-03-89695,(39)-25-57995,02/27/1984,14:40:44,140
(22)-10-29094,(27)-04-97096,02/27/1984,14:47:55,537
(29)-09-53485,(35)-07-37276,02/27/1984,21:49:18,448
(38)-17-67336,(33)-21-59799,02/27/1984,23:36:29,90
(23)-24-23841,(42)-12-30215,02/28/1984,02:12:19,72
(46)-21-93613,(44)-21-31919,02/28/1984,02:30:11,289
(62)-09-11950,(29)-15-85291,02/28/1984,05:19:25,559
(70)-06-83787,(63)-17-09461,02/29/1984,05:26:38,173
(78)-00-05497,(26)-23-11085,02/29/1984,06:23:30,1403
(72)-04-99905,(78)-01-17333,02/29/1984,08:32:28,187
(43)-18-46652,(58)-20-87198,02/29/1984,08:47:44,556
(66)-06-92549,(62)-09-14963,02/29/1984,16:01:45,565
(77)-07-18477,(52)-02-14896,02/29/1984,19:19:59,250
(54)-02-63445,(58)-03-76865,03/01/1984,09:39:52,38
(65)-03-63579,(24)-12-91304,03/01/1984,12:57:41,595
(37)-00-62695,(32)-05-80411,03/01/1984,13:01:16,268
(70)-03-93273,(75)-03-06865,03/01/1984,19:38:13,770
(62)-11-25009,(20)-07-26875,03/01/1984,21:07:22,150
(48)-13-59571,(72)-01-17436,03/01/1984,22:32:07,886
(70)-00-80790,(55)-12-52037,03/02/1984,01:49:47,18
(37)-00-67169,(60)-03-72468,03/02/1984,02:17:56,32
(42)-25-66507,(59)-00-59975,03/02/1984,02:49:41,586
(72)-10-97757,(75)-13-75060,03/02/1984,03:27:24,225
(42)-19-35760,(35)-21-42876,03/02/1984,04:50:04,245
(64)-17-93875,(76)-05-56033,03/02/1984,07:58:12,846
(51)-04-39426,(67)-12-42098,03/02/1984,19:24:26,556
(42)-23-34914,(20)-23-47742,03/03/1984,00:40:56,54
(61)-07-14870,(25)-31-26964,03/03/1984,05:05:29,293
(69)-02-07680,(47)-14-19270,03/03/1984,05:46:07,2797
(57)-13-59345,(68)-08-02939,03/03/1984,09:22:33,449
(38)-06-09729,(48)-08-88988,03/03/1984,15:17:02,165
(56)-02-32672,(23)-06-47843,03/03/1984,18:15:33,273
(78)-03-32646,(54)-16-03053,03/04/1984,00:43:48,180
(68)-16-21578,(30)-14-69560,03/04/1984,06:03:53,71
(66)-11-12011,(46)-14-47270,03/04/1984,08:04:35,335
(55)-11-36635,(76)-02-09434,03/04/1984,12:26:30,449
(53)-05-60907,(71)-08-91631,03/04/1984,13:05:12,96
(61)-04-47958,(54)-05-24712,03/04/1984,15:16:49,1815
(72)-01-07783,(51)-14-77353,03/04/1984,17:00:35,634
(40)-15-56674,(73)-04-61582,03/04/1984,20:31:13,412
(43)-17-72019,(54)-12-97666,03/05/1984,06:09:18,747
(49)-14-06454,(28)-04-37728,03/05/1984,13:43:10,49
(31)-13-08505,(26)-09-23873,03/05/1984,17:47:59,142
(70)-12-33148,(40)-10-83807,03/05/1984,18:10:53,3032
(51)-03-80083,(68)-15-84162,03/06/1984,00:52:50,150
(40)-14-42170,(30)-07-07351,03/06/1984,06:15:12,41
(30)-22-42169,(46)-19-48053,03/06/1984,06:28:07,177
(22)-25-33778,(49)-03-08060,03/06/1984,07:14:34,1024
(21)-05-97285,(61)-06-12912,03/06/1984,08:44:05,168
(46)-11-06759,(68)-09-57390,03/06/1984,08:46:19,130
(50)-13-66074,(34)-21-96308,03/06/1984,11:13:13,867
(46)-02-02437,(48)-00-28860,03/06/1984,13:27:14,109
(46)-11-61287,(43)-23-54587,03/07/1984,00:34:31,426
(79)-12-65457,(44)-16-59633,03/07/1984,03:18:33,101
(44)-23-17710,(67)-15-72641,03/07/1984,10:56:30,142
(45)-11-43514,(50)-15-14748,03/07/1984,14:20:20,266
(28)-13-16782,(34)-20-52725,03/07/1984,15:20:37,156
(67)-16-73263,(36)-24-01742,03/07/1984,17:23:44,204
(46)-02-33603,(39)-24-93633,03/08/1984,06:56:38,235
(61)-07-36324,(42)-00-92833,03/08/1984,08:39:44,483
(54)-03-19114,(32)-21-63794,03/09/1984,01:26:46,882
(27)-25-42407,(46)-16-59840,03/09/1984,12:17:58,80
(74)-07-82525,(55)-17-48661,03/09/1984,14:34:50,2996
(41)-15-73978,(36)-17-28339,03/09/1984,16:22:40,747
(46)-16-98763,(24)-11-06553,03/09/1984,17:58:50,146
(51)-05-06290,(46)-19-87338,03/10/1984,07:03:35,31
(33)-26-07243,(67)-06-54695,03/10/1984,09:41:26,868
(29)-08-09427,(47)-10-43440,03/10/1984,17:28:42,442
(28)-19-27505,(51)-04-48906,03/11/1984,05:05:17,629
(32)-26-74778,(57)-01-64826,03/11/1984,05:29:19,1230
(54)-20-40541,(47)-23-17872,03/11/1984,08:13:48,26
(25)-26-74245,(63)-01-99552,03/12/1984,01:53:43,277
(39)-08-06212,(71)-00-99437,03/12/1984,04:07:41,282
(22)-12-72886,(51)-12-81047,03/12/1984,05:25:28,3462
(40)-02-85105,(46)-02-53488,03/12/1984,06:50:23,348
(73)-07-15488,(21)-19-13324,03/12/1984,07:13:50,256
(77)-02-30395,(54)-12-78316,03/12/1984,16:11:52,31
(73)-07-20090,(74)-13-98579,03/12/1984,17:23:30,400
(63)-18-72731,(72)-03-20217,03/12/1984,17:33:50,2524
(31)-00-17571,(47)-05-25855,03/13/1984,04:58:26,145
(22)-32-47929,(78)-06-38951,03/13/1984,17:49:34,250
(40)-01-36365,(37)-21-15278,03/13/1984,23:47:16,901
(65)-17-21830,(61)-03-29631,03/14/1984,03:46:15,308
(75)-03-45786,(59)-07-01267,03/14/1984,06:42:13,230
(71)-01-93125,(32)-02-90133,03/14/1984,10:38:20,71
(28)-13-91140,(53)-17-40452,03/14/1984,12:01:47,259
(61)-05-22260,(67)-14-20626,03/14/1984,14:37:38,808
(26)-03-29020,(79)-06-99006,03/14/1984,23:01:52,30
(69)-07-89651,(57)-00-79062,03/15/1984,05:49:01,1810
(54)-16-30346,(52)-10-62377,03/15/1984,09:34:08,698
(51)-00-16810,(21)-20-36284,03/15/1984,13:58:48,36
(74)-09-53353,(56)-06-62412,03/15/1984,18:05:18,299
(33)-23-80362,(34)-06-46077,03/15/1984,19:58:15,68
(75)-10-47173,(23)-20-82378,03/15/1984,20:08:47,411
(75)-00-89790,(27)-18-52108,03/16/1984,03:09:15,816
(68)-07-71093,(28)-03-99218,03/16/1984,13:14:04,1345
(43)-07-10888,(55)-15-88026,03/16/1984,13:45:00,203
(76)-02-83906,(33)-09-46500,03/16/1984,14:46:05,490
(69)-14-49393,(72)-03-88274,03/16/1984,22:12:55,446
(65)-01-24345,(60)-02-73563,03/17/1984,03:10:25,215
(62)-06-93687,(63)-14-33965,03/17/1984,05:11:13,1143
(39)-14-09263,(76)-00-85766,03/17/1984,10:44:36,504
(58)-15-41385,(62)-06-40906,03/17/1984,11:27:15,130
(36)-16-72928,(53)-02-59992,03/17/1984,11:41:19,59
(78)-09-66544,(26)-14-43075,03/17/1984,13:37:11,2218
(26)-14-42995,(28)-11-56153,03/17/1984,15:40:11,267
(24)-13-15423,(28)-07-42302,03/17/1984,19:04:30,61
(21)-04-19091,(41)-26-74668,03/17/1984,20:42:34,293
(56)-21-60919,(37)-03-64296,03/17/1984,22:53:55,1717
(46)-17-39562,(76)-13-55878,03/18/1984,09:58:21,163
(49)-01-92490,(23)-12-05728,03/18/1984,11:01:26,299
(48)-01-17852,(33)-22-32582,03/18/1984,13:08:08,6232
(42)-20-53335,(46)-01-38031,03/18/1984,13:39:37,116
(25)-05-01247,(63)-15-73731,03/18/1984,19:19:29,3125
(76)-01-38364,(76)-03-57682,03/19/1984,00:10:47,388
(78)-03-47759,(76)-10-16119,03/19/1984,03:54:47,2351
(70)-14-21888,(66)-15-19921,03/19/1984,10:03:03,290
(21)-20-66079,(40)-11-70555,03/19/1984,11:51:28,583
(79)-11-02829,(79)-12-59022,03/19/1984,18:40:20,167
(63)-03-77763,(54)-03-01588,03/19/1984,18:46:07,1570
(72)-08-34436,(72)-00-28764,03/19/1984,20:29:53,894
(46)-24-94424,(54)-15-48546,03/20/1984,06:53:05,327
(24)-15-49750,(50)-10-16646,03/20/1984,09:51:21,583
(66)-02-40291,(73)-09-39351,03/20/1984,13:00:35,194
(62)-14-27497,(55)-02-01218,03/20/1984,16:40:40,85
(50)-10-39207,(56)-19-12285,03/20/1984,19:01:02,587
(67)-07-66189,(34)-05-21328,03/20/1984,19:09:38,781
(73)-10-73986,(79)-06-10596,03/21/1984,00:39:23,313
(25)-22-30340,(72)-00-41466,03/21/1984,05:11:21,376
(68)-02-34273,(25)-24-44305,03/21/1984,07:10:42,221
(59)-16-47501,(40)-15-76815,03/21/1984,15:27:42,3365
(36)-00-38325,(32)-14-98309,03/21/1984,17:28:14,46
(37)-11-14205,(68)-03-69260,03/21/1984,21:34:01,45
(37)-15-96235,(30)-14-39656,03/22/1984,07:02:20,660
(27)-24-11960,(31)-08-82419,03/22/1984,08:23:50,188
(37)-17-29584,(40)-04-67633,03/22/1984,11:02:35,597
(68)-00-16930,(60)-09-53184,03/22/1984,13:27:59,116
(68)-02-25181,(41)-01-80332,03/22/1984,17:34:45,22
(34)-05-96886,(24)-13-23523,03/22/1984,20:36:48,115
(39)-10-44255,(58)-04-26180,03/23/1984,00:15:16,1897
(24)-02-01889,(66)-05-96956,03/23/1984,01:33:55,108
(36)-23-62344,(54)-02-94062,03/23/1984,02:57:42,207
(59)-20-12543,(20)-10-83577,03/23/1984,03:18:47,117
(46)-11-80111,(44)-00-35233,03/23/1984,03:46:48,49
(77)-01-51805,(50)-22-76500,03/23/1984,06:03:37,32
(71)-14-11707,(46)-07-15280,03/23/1984,10:34:53,699
(57)-19-11154,(25)-23-11827,03/23/1984,19:21:02,21
(54)-21-51090,(44)-17-39585,03/23/1984,19:52:12,1392
(77)-10-11685,(25)-23-65822,03/23/1984,21:22:13,878
(39)-04-98432,(63)-10-55746,03/24/1984,03:11:04,700
(77)-03-42071,(38)-04-89487,03/24/1984,23:46:10,105
(74)-08-70889,(75)-02-61957,03/25/1984,08:36:39,287
(21)-29-96501,(33)-18-72159,03/25/1984,09:58:10,899
(34)-14-32868,(66)-02-91994,03/25/1984,10:19:02,351
(35)-18-16242,(78)-12-75127,03/25/1984,11:57:29,544
(42)-06-11633,(61)-13-16269,03/25/1984,14:26:06,95
(46)-19-23401,(38)-24-65745,03/26/1984,10:59:32,1801
(31)-14-20655,(73)-09-28759,03/26/1984,14:07:07,3289
(20)-15-03650,(27)-22-64263,03/26/1984,18:06:50,115
(33)-14-24594,(72)-15-10531,03/26/1984,18:41:53,733
(30)-29-05942,(32)-17-08510,03/27/1984,02:15:30,196
(34)-23-97721,(74)-10-37772,03/27/1984,03:16:22,225
(26)-11-73588,(47)-24-70680,03/27/1984,06:50:32,869
(55)-16-45523,(71)-04-68894,03/27/1984,15:57:58,278
(34)-13-20634,(62)-15-75453,03/27/1984,16:11:52,1492
(22)-08-10255,(60)-03-27510,03/27/1984,16:26:19,72
(76)-12-20550,(76)-02-43037,03/27/1984,20:45:34,3255
(33)-02-55955,(79)-10-37580,03/28/1984,05:47:32,391
(51)-17-36123,(61)-02-66925,03/28/1984,11:36:43,269
(65)-08-83775,(68)-03-51239,03/28/1984,14:26:38,132
(22)-21-44011,(25)-05-74601,03/28/1984,19:46:28,175
(38)-17-03143,(37)-20-92878,03/28/1984,23:31:49,61
(28)-04-79761,(58)-17-94078,03/29/1984,02:17:19,188
(78)-02-11673,(66)-16-82139,03/29/1984,07:55:05,3347
(67)-01-63520,(50)-21-78197,03/29/1984,12:54:18,275
(54)-20-39208,(32)-04-75181,03/29/1984,14:27:28,179
(23)-31-28526,(61)-05-23505,03/29/1984,18:25:46,167
(74)-04-45482,(27)-29-16649,03/30/1984,11:09:02,2326
(65)-16-02693,(69)-05-18620,03/30/1984,15:04:18,77
(59)-04-53084,(58)-14-74554,03/30/1984,19:49:16,824
(53)-16-22448,(41)-21-82018,03/31/1984,00:06:32,2070
(53)-20-41168,(28)-30-97073,03/31/1984,02:09:34,50
(42)-18-56590,(78)-01-66468,03/31/1984,04:37:14,4876
(43)-01-90999,(72)-03-38889,03/31/1984,07:03:45,637
(35)-14-30713,(57)-04-60555,03/31/1984,07:58:33,376
(21)-07-88489,(52)-02-56495,03/31/1984,18:25:52,3965
(56)-06-70967,(74)-08-94925,03/31/1984,20:35:31,576
(79)-02-88391,(23)-23-84684,03/31/1984,20:52:38,114
(52)-09-90046,(43)-09-89408,04/01/1984,01:50:03,212
(74)-00-90381,(28)-30-23597,04/01/1984,05:43:58,95
(53)-01-54500,(45)-01-11839,04/01/1984,06:01:19,630
(65)-00-27194,(46)-05-72111,04/01/1984,15:58:29,200
(21)-25-78070,(70)-16-15788,04/01/1984,17:22:39,891
(51)-11-59142,(68)-04-96626,04/01/1984,22:26:01,572
(60)-14-68079,(24)-13-40954,04/02/1984,09:35:18,673
(68)-08-51722,(55)-08-80204,04/02/1984,11:18:32,348
(36)-14-18536,(54)-14-14393,04/02/1984,19:54:33,4073
(30)-08-80816,(69)-02-86937,04/03/1984,04:06:49,88
(74)-10-82997,(30)-26-72490,04/03/1984,04:17:16,152
(39)-20-26817,(49)-06-38934,04/03/1984,05:59:43,594
(57)-20-88753,(32)-09-87249,04/03/1984,17:20:44,1062
(21)-02-31510,(46)-00-28607,04/03/1984,17:30:00,144
(57)-05-31357,(71)-13-82229,04/03/1984,19:18:42,85
(56)-21-97505,(76)-00-06625,04/04/1984,02:14:55,121
(21)-13-42196,(65)-13-59322,04/04/1984,04:28:39,173
(56)-04-33346,(32)-06-34402,04/04/1984,04:29:35,298
(64)-14-50666,(52)-06-61512,04/04/1984,14:12:26,468
(50)-10-56276,(69)-14-50854,04/05/1984,04:32:22,133
(28)-05-19832,(74)-06-24288,04/05/1984,05:14:55,2148
(64)-11-46391,(57)-06-97070,04/05/1984,07:31:43,603
(59)-02-50979,(56)-05-53535,04/05/1984,13:00:17,187
(49)-11-08279,(63)-02-83112,04/05/1984,19:42:41,532
(51)-07-97553,(38)-18-98126,04/06/1984,06:26:49,1539
(37)-19-13611,(39)-02-63157,04/06/1984,15:13:14,301
(53)-15-34903,(64)-02-31362,04/06/1984,17:41:55,512
(76)-14-14119,(69)-08-88037,04/07/1984,06:45:36,2615
(46)-21-99282,(66)-06-15743,04/07/1984,08:02:27,265
(23)-30-54424,(53)-16-33585,04/07/1984,10:25:20,260
(30)-23-82490,(49)-04-20656,04/07/1984,16:20:17,177
(72)-15-33325,(48)-17-14601,04/07/1984,21:01:07,188
(26)-25-50018,(56)-07-93275,04/08/1984,06:29:43,140
(52)-20-63795,(45)-23-17576,04/08/1984,08:21:18,68
(64)-02-92112,(65)-08-66111,04/08/1984,12:42:33,235
(47)-23-75987,(45)-18-26733,04/08/1984,16:55:02,132
(53)-13-32548,(79)-11-87164,04/08/1984,21:16:55,755
(26)-07-22074,(66)-13-94781,04/08/1984,21:54:00,203
(79)-05-22154,(38)-03-82706,04/09/1984,04:10:48,104
(58)-02-20557,(76)-01-89221,04/09/1984,05:40:59,841
(40)-03-13547,(66)-01-84160,04/09/1984,19:52:01,105
(21)-09-75087,(63)-12-26397,04/09/1984,23:11:08,35
(67)-04-06155,(26)-07-65040,04/09/1984,23:44:13,28
(51)-19-05971,(36)-21-74054,04/09/1984,23:48:11,279
(69)-08-91969,(66)-06-87960,04/10/1984,00:29:38,889
(42)-04-38814,(65)-18-93662,04/10/1984,12:46:37,256
(67)-10-85449,(71)-08-07736,04/10/1984,14:03:57,29
(64)-10-17237,(65)-08-66111,04/10/1984,14:27:58,235
(41)-00-02382,(70)-02-93808,04/10/1984,15:02:47,2502
(68)-11-87998,(52)-12-98251,04/10/1984,19:00:10,4670
(68)-07-73808,(41)-23-72607,04/11/1984,02:10:15,3207
(42)-07-58539,(42)-21-72490,04/11/1984,04:06:04,544
(66)-01-74187,(75)-03-50827,04/11/1984,10:57:34,1845
(33)-01-65337,(54)-15-49189,04/11/1984,12:45:57,21
(62)-16-62628,(69)-07-43059,04/11/1984,13:57:38,154
(71)-11-48797,(49)-22-90938,04/11/1984,22:32:18,219
(76)-05-75914,(55)-10-63800,04/12/1984,03:31:11,566
(43)-21-90882,(79)-07-80657,04/12/1984,04:22:59,21
(30)-09-77818,(28)-27-40848,04/12/1984,08:35:01,840
(73)-01-71713,(36)-10-75782,04/12/1984,11:54:40,36
(53)-15-32742,(39)-23-48216,04/12/1984,16:54:10,222
(68)-00-80454,(26)-29-18583,04/12/1984,17:34:47,164
(76)-02-44675,(71)-00-31579,04/13/1984,00:42:05,400
(37)-10-00952,(77)-12-28135,04/13/1984,03:12:43,266
(20)-05-65137,(68)-12-03320,04/13/1984,09:24:36,857
(62)-13-14914,(51)-00-01932,04/13/1984,10:06:30,856
(68)-00-59817,(27)-20-83781,04/13/1984,12:22:52,168
(74)-04-40306,(74)-10-03329,04/13/1984,16:28:43,1823
(74)-02-25634,(43)-22-34442,04/13/1984,17:21:38,2775
(26)-13-66636,(50)-13-66117,04/13/1984,18:01:22,639
(41)-11-11865,(72)-07-59678,04/14/1984,07:19:05,795
(75)-06-86995,(75)-05-92695,04/14/1984,09:14:53,239
(59)-08-39790,(75)-06-76172,04/14/1984,15:18:27,74
(28)-26-51088,(25)-27-02458,04/14/1984,15:47:34,834
(70)-14-11677,(35)-19-66278,04/15/1984,07:09:35,861
(49)-08-14778,(74)-07-93642,04/15/1984,08:44:58,3201
(23)-01-34959,(33)-01-95977,04/15/1984,11:03:20,26
(20)-28-71920,(40)-19-51246,04/15/1984,12:17:12,229
(21)-10-95926,(32)-04-79673,04/15/1984,14:03:48,1465
(63)-17-63457,(22)-01-62052,04/15/1984,16:04:06,1504
(68)-10-33053,(33)-07-93837,04/15/1984,17:15:29,539
(49)-09-51805,(24)-27-51501,04/16/1984,00:42:22,97
(39)-15-41451,(52)-09-95224,04/16/1984,04:54:11,858
(34)-01-37801,(33)-28-25122,04/16/1984,14:06:58,990
(35)-07-68489,(51)-03-71219,04/16/1984,16:50:12,175
(31)-16-22267,(45)-00-39727,04/17/1984,05:27:43,107
(26)-27-20421,(20)-01-69870,04/17/1984,08:31:12,2870
(64)-03-77290,(25)-10-41947,04/17/1984,09:30:47,29
(71)-03-99634,(70)-07-42129,04/17/1984,10:43:03,648
(24)-14-14692,(46)-21-01977,04/17/1984,13:33:26,803
(70)-16-15751,(55)-15-97108,04/17/1984,16:35:10,521
(34)-02-82688,(30)-09-16549,04/17/1984,22:44:18,2044
(50)-07-05484,(58)-10-39611,04/18/1984,00:40:59,619
(75)-11-85791,(63)-01-22483,04/18/1984,05:36:44,716
(54)-02-98374,(68)-06-52534,04/18/1984,06:13:47,99
(27)-14-57758,(31)-11-90375,04/18/1984,08:39:36,315
(43)-24-10771,(65)-00-82011,04/18/1984,08:45:23,429
(40)-04-76432,(34)-06-09122,04/18/1984,09:16:12,48
(36)-24-15649,(52)-10-69483,04/18/1984,12:28:12,307
(50)-13-01977,(63)-15-05326,04/18/1984,12:45:43,2842
(24)-21-52495,(67)-12-03201,04/18/1984,18:14:35,838
(57)-12-57066,(49)-08-36064,04/19/1984,09:12:53,362
(54)-13-56216,(59)-19-95478,04/19/1984,10:22:11,277
(71)-05-63843,(67)-16-80405,04/19/1984,11:30:26,452
(68)-01-20774,(74)-04-53732,04/20/1984,02:41:50,252
(68)-03-14814,(27)-22-94581,04/20/1984,07:34:27,773
(50)-06-90144,(37)-17-64087,04/20/1984,07:52:13,39
(27)-12-66069,(21)-09-45450,04/20/1984,08:48:37,1561
(30)-29-83852,(67)-04-97488,04/20/1984,14:39:13,388
(48)-06-22016,(45)-21-08655,04/20/1984,19:41:06,1711
(28)-16-42008,(43)-16-73779,04/21/1984,01:11:28,208
(65)-08-53853,(54)-21-51090,04/21/1984,05:04:48,3406
(32)-12-13465,(51)-14-77353,04/21/1984,12:56:56,363
(49)-03-88871,(70)-07-51879,04/21/1984,13:42:05,209
(39)-16-29735,(40)-22-92314,04/21/1984,14:46:00,102
(56)-17-82020,(76)-10-29317,04/21/1984,17:04:12,190
(54)-19-09088,(62)-02-14348,04/21/1984,17:17:30,20
(71)-08-45503,(76)-13-29952,04/21/1984,17:52:25,311
(48)-10-59357,(57)-19-36928,04/22/1984,00:04:25,519
(30)-24-89192,(72)-13-08553,04/22/1984,03:07:32,3097
(52)-15-02986,(51)-21-74241,04/22/1984,04:41:19,17
(66)-07-19734,(32)-25-16552,04/22/1984,07:10:40,121
(45)-14-02750,(25)-31-02190,04/22/1984,12:24:09,352
(70)-05-26350,(60)-16-47981,04/22/1984,18:02:49,198
(33)-21-29679,(43)-06-36974,04/22/1984,19:21:59,2551
(46)-23-35517,(27)-25-97013,04/22/1984,21:43:11,186
(32)-27-22899,(68)-05-96614,04/23/1984,00:59:11,1609
(28)-20-86495,(69)-03-13451,04/23/1984,23:01:23,566
(25)-20-02260,(26)-27-99067,04/24/1984,02:58:59,218
(60)-19-13854,(27)-09-20916,04/24/1984,18:03:25,721
(31)-12-89441,(65)-09-77757,04/24/1984,21:41:23,296
(46)-18-13588,(60)-08-71490,04/25/1984,04:44:22,682
(27)-15-84224,(27)-27-57896,04/25/1984,06:45:53,1922
(39)-25-24447,(36)-09-38889,04/25/1984,10:42:35,822
(67)-12-63347,(55)-00-51263,04/25/1984,18:13:04,125
(35)-22-67595,(70)-04-25875,04/26/1984,07:00:59,256
(26)-17-81048,(21)-16-71886,04/26/1984,12:50:19,456
(31)-00-30592,(69)-12-94652,04/26/1984,12:55:22,274
(75)-05-51460,(59)-13-84154,04/27/1984,00:48:47,223
(77)-13-75208,(43)-11-56947,04/27/1984,04:39:12,261
(30)-29-89945,(57)-08-64720,04/27/1984,06:31:58,285
(39)-07-40867,(33)-10-64871,04/27/1984,07:17:55,545
(69)-04-91101,(65)-12-07138,04/27/1984,10:37:03,156
(57)-18-82957,(25)-14-80042,04/27/1984,11:45:50,565
(42)-25-52470,(38)-03-29332,04/27/1984,13:47:48,825
(50)-19-37456,(23)-21-80495,04/27/1984,19:56:50,154
(46)-13-40432,(46)-12-65607,04/28/1984,06:05:49,163
(44)-22-60717,(79)-04-14777,04/28/1984,09:18:36,676
(69)-15-72248,(79)-01-71180,04/28/1984,19:16:32,294
(72)-09-63373,(70)-01-16269,04/28/1984,19:49:05,81
(75)-06-30343,(75)-05-08293,04/29/1984,01:14:47,5443
(44)-12-03490,(49)-06-11374,04/29/1984,04:10:00,69
(29)-09-60216,(54)-18-24952,04/29/1984,06:13:57,282
(51)-09-44888,(79)-08-26083,04/29/1984,07:23:54,720
(39)-03-90132,(47)-08-40656,04/29/1984,07:34:17,1636
(54)-01-96527,(55)-03-39307,04/29/1984,07:51:54,665
(57)-20-95930,(32)-24-03659,04/29/1984,10:41:30,2789
(28)-18-08850,(27)-23-75826,04/29/1984,20:37:10,1211
(47)-13-81565,(51)-06-00063,04/30/1984,07:34:55,738
(68)-00-82080,(61)-06-66066,04/30/1984,09:11:00,2915
(72)-03-88825,(24)-06-54230,04/30/1984,16:32:57,265
(31)-05-15465,(74)-11-54214,04/30/1984,17:55:29,25
(47)-24-00078,(27)-29-06448,04/30/1984,22:04:16,763
(66)-01-53072,(28)-30-84710,05/01/1984,01:30:29,813
(45)-08-07920,(72)-07-59016,05/01/1984,18:39:47,202
(78)-00-08788,(69)-15-32642,05/01/1984,21:04:04,1473
(77)-02-10734,(68)-10-36612,05/01/1984,21:08:53,2178
(63)-00-98784,(73)-04-52308,05/02/1984,03:45:58,66
(45)-15-40195,(32)-25-35332,05/02/1984,04:56:19,189
(67)-17-94727,(22)-05-81043,05/02/1984,06:58:27,862
(26)-11-60784,(53)-04-94029,05/02/1984,09:35:01,2026
(54)-09-64754,(58)-09-24618,05/02/1984,11:12:47,81
(65)-07-64078,(78)-03-87549,05/02/1984,18:55:05,35
(46)-24-04343,(67)-00-86741,05/02/1984,20:40:56,413
(27)-25-40557,(34)-20-51966,05/03/1984,02:06:54,548
(68)-11-90233,(26)-07-11917,05/03/1984,06:50:05,445
(20)-17-37577,(70)-06-91983,05/03/1984,07:31:43,98
(68)-10-41488,(56)-04-07743,05/03/1984,09:21:01,744
(28)-06-14333,(38)-06-55517,05/03/1984,22:38:17,231
(79)-06-42282,(59)-12-46364,05/03/1984,23:29:39,283
(30)-19-23905,(45)-10-89754,05/04/1984,05:00:42,186
(71)-08-44722,(53)-08-04322,05/04/1984,07:12:40,260
(73)-14-29796,(66)-14-85234,05/04/1984,10:34:28,332
(50)-13-03369,(38)-09-55927,05/04/1984,13:18:32,296
(44)-14-09380,(71)-03-27348,05/04/1984,21:48:56,2848
(75)-12-06274,(40)-00-83046,05/04/1984,22:54:43,3517
(73)-02-45699,(27)-29-54758,05/05/1984,08:12:25,310
(55)-13-51021,(23)-19-57054,05/05/1984,11:22:00,489
(52)-10-23605,(77)-07-70175,05/05/1984,18:35:09,1086
(69)-03-80563,(41)-17-12878,05/05/1984,20:01:03,596
(27)-08-78788,(34)-22-89858,05/06/1984,01:17:36,895
(42)-07-60762,(65)-05-00228,05/06/1984,05:53:05,2093
(32)-27-36397,(61)-06-19344,05/06/1984,08:41:42,79
(62)-07-09780,(52)-11-75903,05/06/1984,11:20:32,3418
(46)-14-68231,(57)-05-03489,05/06/1984,18:36:32,871
(75)-08-85085,(52)-18-80019,05/06/1984,21:18:43,73
(69)-15-07832,(64)-11-31493,05/06/1984,21:28:14,41
(59)-14-06761,(22)-03-21585,05/06/1984,22:22:32,265
(33)-19-90069,(24)-30-01768,05/06/1984,22:59:57,93
(36)-11-53166,(44)-00-59092,05/07/1984,03:30:38,1011
(32)-22-28009,(61)-05-32098,05/07/1984,06:04:03,1585
(52)-13-25002,(47)-13-79173,05/07/1984,09:27:50,1003
(33)-10-31306,(27)-14-03689,05/07/1984,10:02:28,3050
(58)-05-61854,(58)-14-51240,05/07/1984,11:42:30,739
(46)-20-26369,(49)-15-14540,05/07/1984,12:14:27,3199
(67)-02-97728,(77)-13-29767,05/07/1984,14:07:20,35
(75)-07-38335,(45)-05-65165,05/07/1984,23:27:44,2905
(76)-07-17914,(40)-04-99978,05/08/1984,12:08:28,554
(35)-19-28219,(33)-21-55407,05/08/1984,13:36:18,161
(71)-05-24539,(63)-03-04189,05/08/1984,19:22:29,419
(43)-16-52374,(29)-29-28815,05/09/1984,01:13:04,3305
(37)-18-95742,(54)-12-81036,05/09/1984,05:26:30,117
(28)-19-10980,(77)-07-94186,05/09/1984,05:30:40,2338
(21)-31-75822,(24)-25-02067,05/09/1984,09:08:55,454
(52)-19-19869,(68)-17-90207,05/09/1984,15:45:08,105
(31)-12-28313,(59)-13-84057,05/10/1984,01:03:51,530
(58)-20-85409,(60)-04-52852,05/10/1984,14:10:52,314
(66)-10-75442,(79)-00-26389,05/10/1984,19:58:40,2159
(79)-05-58977,(21)-32-30929,05/11/1984,02:25:47,887
(33)-17-70273,(75)-13-47228,05/11/1984,04:32:48,759
(78)-13-17104,(26)-31-38910,05/11/1984,06:25:21,764
(45)-16-53644,(45)-13-17620,05/11/1984,06:42:41,131
(39)-17-28979,(47)-11-78705,05/11/1984,09:05:16,39
(76)-09-61197,(49)-04-21927,05/11/1984,10:05:24,441
(74)-15-02747,(59)-18-47089,05/11/1984,11:48:17,204
(24)-23-49428,(59)-05-97522,05/11/1984,14:34:57,725
(35)-17-58149,(31)-14-50369,05/11/1984,16:01:02,260
(75)-08-44149,(48)-03-29068,05/12/1984,02:45:55,115
(28)-01-49131,(27)-07-17520,05/12/1984,04:41:23,787
(74)-12-54614,(22)-24-21270,05/12/1984,10:36:11,71
(66)-07-93436,(58)-18-74720,05/12/1984,14:49:27,3511
(53)-15-61169,(40)-15-76043,05/12/1984,15:01:09,289
(41)-03-18075,(47)-14-62869,05/12/1984,17:04:57,159
(76)-07-56855,(58)-14-32305,05/13/1984,05:14:15,722
(28)-05-16226,(49)-04-38543,05/13/1984,10:13:11,3738
(70)-06-85565,(61)-03-18131,05/13/1984,14:33:34,399
(52)-04-37310,(58)-20-09319,05/13/1984,19:55:52,39
(73)-00-99130,(59)-04-29329,05/13/1984,22:34:23,855
(77)-08-31418,(79)-12-32722,05/14/1984,09:18:21,360
(60)-01-92631,(69)-11-95211,05/14/1984,09:40:37,568
(60)-04-74590,(59)-13-15712,05/14/1984,16:42:57,590
(33)-28-25740,(37)-15-98283,05/14/1984,17:11:25,498
(33)-21-83400,(70)-11-62660,05/15/1984,01:37:27,487
(33)-07-92681,(64)-10-18848,05/15/1984,03:34:58,2330
(50)-07-46154,(75)-00-61425,05/15/1984,08:47:52,50
(47)-11-15875,(74)-03-17370,05/15/1984,11:48:21,257
(30)-25-58588,(35)-15-65203,05/15/1984,14:44:24,2445
(62)-18-30155,(75)-10-21326,05/15/1984,18:08:38,236
(59)-13-07432,(25)-05-97230,05/15/1984,20:29:57,113
(77)-06-19211,(33)-03-92129,05/16/1984,04:38:27,133
(29)-18-83440,(22)-27-41518,05/16/1984,08:53:14,6
(76)-08-22130,(50)-22-22419,05/16/1984,09:31:43,156
(24)-06-78616,(30)-17-90008,05/16/1984,14:54:54,487
(53)-22-20485,(51)-08-93165,05/16/1984,19:29:12,4977
(64)-15-29345,(41)-24-08224,05/17/1984,01:38:43,315
(59)-09-00514,(69)-01-25892,05/17/1984,03:57:24,880
(74)-09-39119,(42)-10-36142,05/17/1984,08:01:48,144
(73)-14-85197,(73)-07-42398,05/17/1984,23:05:23,58
(36)-20-78048,(31)-15-16227,05/18/1984,01:12:20,949
(52)-10-52607,(52)-03-33159,05/18/1984,04:28:15,2379
(61)-14-86148,(31)-22-52712,05/18/1984,11:03:59,266
(22)-10-08021,(67)-09-05723,05/18/1984,11:45:54,404
(60)-04-58144,(55)-12-68944,05/18/1984,14:11:43,755
(47)-07-78827,(69)-15-04394,05/18/1984,18:44:40,207
(68)-12-94079,(37)-24-76714,05/18/1984,19:44:56,45
(62)-06-08152,(77)-14-73180,05/18/1984,19:54:44,1484
(44)-04-72563,(51)-05-05730,05/19/1984,08:41:11,135
(40)-11-76354,(52)-06-60397,05/19/1984,08:46:09,138
(36)-14-85874,(38)-13-38164,05/19/1984,08:52:37,877
(32)-14-33150,(20)-31-83912,05/19/1984,09:04:04,6
(27)-26-81563,(33)-12-08290,05/19/1984,09:54:06,24
(63)-09-44630,(59)-02-62010,05/19/1984,11:37:30,2450
(75)-01-11726,(54)-04-18001,05/19/1984,12:01:17,435
(54)-16-78029,(22)-07-84975,05/19/1984,13:44:14,19
(52)-10-36575,(25)-02-59658,05/19/1984,15:20:50,132
(60)-02-23964,(26)-30-20793,05/19/1984,15:22:08,139
(32)-05-80411,(27)-30-65741,05/19/1984,16:16:28,15
(63)-04-98531,(29)-12-95135,05/19/1984,17:58:29,187
(44)-23-57079,(53)-08-61404,05/19/1984,21:42:46,1493
(37)-26-39304,(34)-18-63930,05/20/1984,02:37:09,146
(61)-13-35622,(59)-07-89908,05/20/1984,03:35:18,2752
(32)-22-06336,(29)-19-56335,05/20/1984,13:09:34,6878
(30)-00-97995,(34)-05-75487,05/20/1984,13:40:30,239
(41)-19-15888,(78)-11-26984,05/20/1984,16:24:22,158
(62)-18-10751,(76)-12-83125,05/20/1984,18:52:50,390
(43)-16-55060,(55)-12-37503,05/21/1984,11:27:40,239
(50)-16-26593,(22)-08-54059,05/21/1984,18:53:53,649
(26)-19-47957,(20)-29-98278,05/21/1984,22:45:06,55
(34)-01-00940,(20)-26-60120,05/22/1984,00:09:54,179
(44)-11-64650,(67)-15-95163,05/22/1984,04:09:39,434
(73)-12-91866,(38)-02-57113,05/22/1984,05:05:39,734
(45)-17-55778,(77)-00-55876,05/22/1984,08:30:12,2775
(38)-18-95507,(25)-13-67742,05/22/1984,13:14:08,651
(70)-13-27030,(72)-01-06997,05/22/1984,14:36:03,290
(79)-02-36409,(47)-15-84666,05/22/1984,15:13:17,257
(22)-30-49235,(25)-24-95534,05/22/1984,16:22:29,3292
(64)-06-50579,(66)-09-41754,05/22/1984,22:36:49,146
(27)-21-14361,(30)-09-59762,05/23/1984,03:29:28,367
(67)-11-74056,(59)-16-72255,05/23/1984,06:00:43,3239
(44)-14-96333,(22)-32-95831,05/23/1984,09:39:53,56
(55)-16-31237,(70)-00-37436,05/23/1984,11:18:11,4989
(33)-00-43909,(61)-07-77962,05/23/1984,14:48:44,2918
(33)-15-88506,(30)-22-96332,05/23/1984,19:27:09,642
(48)-12-89777,(53)-18-15771,05/23/1984,20:35:03,2193
(40)-19-51246,(73)-05-48930,05/24/1984,01:42:45,1552
(45)-15-61648,(32)-15-24130,05/24/1984,04:07:29,546
(68)-14-49278,(66)-08-70260,05/24/1984,05:07:41,2809
(45)-08-59377,(34)-11-66186,05/24/1984,09:54:59,3305
(57)-16-85509,(35)-21-92769,05/24/1984,11:15:37,508
(37)-04-42166,(57)-17-94818,05/24/1984,17:13:32,813
(22)-17-24161,(28)-24-93891,05/24/1984,19:57:17,241
(53)-17-72845,(54)-07-01640,05/24/1984,20:07:20,52
(75)-12-22408,(54)-12-58407,05/24/1984,23:18:06,94
(52)-17-40181,(28)-11-00861,05/25/1984,05:28:39,693
(49)-02-12539,(33)-11-80288,05/25/1984,06:33:06,460
(20)-05-22113,(24)-24-19032,05/25/1984,08:43:04,385
(62)-04-23557,(30)-04-36978,05/25/1984,12:42:10,147
(77)-04-60263,(58)-19-45002,05/25/1984,19:53:24,2146
(41)-26-68840,(70)-10-45164,05/25/1984,20:05:45,46
(22)-25-55098,(28)-11-72023,05/26/1984,04:37:50,613
(43)-22-20705,(47)-11-65150,05/26/1984,13:11:03,16
(49)-16-96073,(72)-09-27973,05/27/1984,07:43:20,119
(39)-18-47653,(74)-04-48705,05/27/1984,17:26:32,73
(20)-08-81187,(29)-28-37467,05/27/1984,23:10:36,144
(73)-02-19531,(41)-19-20178,05/27/1984,23:58:06,842
(74)-05-77316,(61)-01-72231,05/28/1984,12:31:47,566
(73)-05-18916,(21)-14-92723,05/29/1984,02:52:57,152
(37)-04-59181,(40)-05-05958,05/29/1984,05:13:46,220
(24)-31-39616,(24)-17-89956,05/29/1984,09:54:13,372
(20)-07-05531,(63)-05-44112,05/29/1984,13:06:21,2425
(74)-14-42833,(47)-18-99029,05/29/1984,17:35:12,158
(78)-05-94487,(21)-32-75874,05/29/1984,23:04:17,877
(48)-05-07877,(65)-12-16942,05/30/1984,07:06:28,2867
(50)-05-54460,(55)-12-51451,05/30/1984,11:19:18,868
(46)-08-20194,(60)-15-77674,05/30/1984,11:42:00,1082
(59)-06-02551,(35)-02-21771,05/30/1984,13:48:22,777
(49)-20-61884,(42)-03-00954,05/30/1984,20:53:31,277
(64)-01-43971,(76)-11-63842,05/30/1984,21:57:00,183
(52)-02-29413,(39)-20-13656,05/30/1984,23:08:55,181
(57)-20-27562,(51)-13-95033,05/31/1984,04:49:11,123
(38)-01-32753,(51)-22-78004,05/31/1984,09:11:01,130
(52)-04-54466,(41)-02-25066,05/31/1984,13:11:26,182
(77)-00-87852,(46)-18-38426,05/31/1984,15:51:58,353
(38)-18-35193,(55)-00-93277,05/31/1984,16:00:21,292
(32)-25-37039,(28)-02-04495,05/31/1984,21:53:29,5780
(51)-08-71362,(74)-08-40025,05/31/1984,23:30:32,894
(25)-09-88953,(38)-00-58345,06/01/1984,01:29:20,241
(32)-25-48863,(75)-09-26859,06/01/1984,03:37:47,32
(63)-13-87021,(45)-01-80562,06/01/1984,05:03:07,3545
(54)-00-63506,(72)-11-59154,06/01/1984,11:41:10,1605
(26)-21-83212,(68)-02-33493,06/01/1984,12:07:44,668
(55)-09-01956,(49)-04-51133,06/01/1984,13:09:45,1064
(33)-18-89599,(56)-09-91155,06/01/1984,16:58:29,3570
(65)-03-31302,(63)-08-51409,06/01/1984,18:37:18,174
(77)-07-26524,(57)-11-06798,06/02/1984,01:02:18,52
(73)-05-97739,(45)-23-21032,06/02/1984,10:42:35,791
(28)-20-60495,(58)-07-48423,06/03/1984,01:26:15,83
(23)-25-80122,(29)-23-02416,06/03/1984,02:25:59,504
(52)-06-38095,(31)-11-48078,06/03/1984,14:14:07,645
(52)-00-31929,(77)-04-88108,06/03/1984,19:36:12,465
(58)-20-61862,(48)-00-00181,06/03/1984,22:41:44,549
(37)-26-44701,(67)-01-65400,06/04/1984,12:02:25,320
(55)-01-23465,(46)-18-38426,06/04/1984,19:01:19,517
(32)-15-04531,(24)-25-48139,06/04/1984,19:55:11,690
(42)-08-18455,(49)-09-65229,06/04/1984,23:37:26,69
(33)-25-13746,(40)-01-36365,06/05/1984,00:36:36,645
(22)-12-15644,(35)-11-34387,06/05/1984,03:39:45,190
(62)-04-58686,(48)-23-01596,06/05/1984,07:40:15,219
(76)-14-12254,(36)-00-56678,06/05/1984,08:45:15,142
(70)-01-40637,(46)-18-54818,06/05/1984,14:23:02,2836
(79)-02-87237,(20)-20-39675,06/06/1984,00:17:59,659
(64)-08-43007,(29)-02-90296,06/06/1984,16:01:38,1505
(48)-00-01095,(72)-00-44466,06/06/1984,23:39:32,218
(42)-25-50836,(65)-16-73929,06/07/1984,00:26:03,455
(35)-13-95560,(77)-03-30833,06/07/1984,00:36:57,2402
(40)-07-85244,(72)-12-96572,06/07/1984,03:58:55,2036
(56)-05-89441,(32)-04-71890,06/07/1984,14:12:46,452
(59)-06-18187,(76)-03-17336,06/07/1984,16:35:48,1627
(79)-12-40834,(72)-04-49272,06/07/1984,20:03:17,171
(61)-00-21217,(48)-07-40285,06/08/1984,04:17:44,542
(31)-15-73245,(36)-04-45164,06/08/1984,09:13:41,741
(79)-12-37377,(55)-06-85925,06/08/1984,14:18:12,1180
(51)-13-73612,(60)-05-33066,06/08/1984,20:46:46,1549
(65)-01-94468,(75)-02-80506,06/09/1984,05:26:47,546
(71)-06-76541,(25)-18-92919,06/09/1984,05:37:44,146
(74)-13-87467,(64)-15-71153,06/09/1984,06:43:48,235
(47)-11-36868,(20)-08-20505,06/09/1984,14:08:56,148
(45)-05-08349,(53)-02-17938,06/09/1984,17:44:23,207
(65)-12-96002,(58)-11-18761,06/09/1984,23:42:12,663
(58)-08-29869,(26)-11-89767,06/10/1984,08:46:53,616
(79)-10-21919,(60)-07-40768,06/10/1984,14:22:13,657
(73)-14-98399,(32)-00-42347,06/10/1984,18:17:28,325
(27)-18-18442,(21)-04-64543,06/11/1984,05:03:10,36
(41)-07-79924,(46)-10-66682,06/11/1984,13:50:52,550
(37)-24-02404,(58)-19-85922,06/12/1984,02:29:10,33
(68)-02-33211,(79)-06-22389,06/12/1984,03:57:08,6484
(72)-09-94428,(21)-30-74515,06/12/1984,07:19:07,132
(25)-31-77283,(36)-19-89970,06/12/1984,09:15:36,639
(76)-02-48073,(30)-02-47767,06/12/1984,10:17:51,183
(51)-06-24246,(31)-07-40903,06/12/1984,10:53:05,325
(20)-28-76984,(56)-17-01897,06/12/1984,14:40:18,291
(69)-13-06253,(55)-04-61343,06/12/1984,20:08:45,2876
(78)-09-94660,(24)-30-69654,06/13/1984,02:19:49,210
(27)-12-86592,(65)-16-90417,06/13/1984,14:43:56,77
(22)-06-81579,(25)-13-87758,06/13/1984,23:14:53,19
(47)-14-65502,(76)-02-56455,06/13/1984,23:34:02,131
(65)-02-71184,(55)-20-50006,06/14/1984,02:01:35,207
(57)-17-39414,(29)-23-78519,06/14/1984,07:30:39,328
(36)-13-67252,(22)-00-83351,06/14/1984,20:13:41,5170
(65)-02-24551,(69)-10-04069,06/14/1984,20:25:04,278
(39)-24-30515,(29)-27-10971,06/14/1984,20:30:15,157
(79)-09-64071,(42)-03-90155,06/15/1984,14:13:24,704
(68)-15-53734,(20)-32-33682,06/15/1984,16:36:30,847
(37)-10-73361,(64)-04-74834,06/16/1984,01:54:48,785
(22)-30-98011,(75)-10-15443,06/16/1984,02:37:29,4948
(37)-19-53533,(66)-05-42824,06/16/1984,04:03:44,256
(30)-14-39064,(21)-21-26551,06/16/1984,13:49:16,105
(59)-02-66721,(34)-03-32398,06/16/1984,14:13:49,16
(25)-25-50639,(73)-14-36851,06/17/1984,03:57:12,133
(54)-11-75153,(47)-11-53144,06/17/1984,04:15:57,64
(54)-18-98950,(27)-12-62293,06/17/1984,04:35:32,90
(50)-18-34906,(40)-03-10550,06/17/1984,11:56:36,271
(24)-24-48605,(68)-17-08090,06/17/1984,17:04:53,126
(25)-20-53675,(36)-10-20309,06/17/1984,20:52:27,746
(38)-12-95521,(76)-06-51725,06/17/1984,21:21:07,750
(49)-00-18437,(24)-24-19032,06/17/1984,22:12:30,278
(55)-16-19557,(20)-14-22707,06/18/1984,04:08:42,72
(49)-22-65044,(47)-17-88680,06/18/1984,04:17:07,728
(28)-17-94033,(76)-14-44013,06/18/1984,06:08:39,3208
(64)-12-28244,(63)-03-37590,06/18/1984,09:02:38,129
(66)-11-75302,(38)-22-37738,06/18/1984,09:06:09,488
(41)-18-74819,(33)-15-31323,06/18/1984,11:32:21,877
(52)-06-74898,(56)-05-65349,06/18/1984,17:24:57,1435
(67)-01-85106,(76)-03-50229,06/18/1984,20:50:52,2648
(65)-09-36411,(77)-14-79161,06/19/1984,08:39:37,569
(67)-00-89575,(44)-21-13103,06/19/1984,11:14:29,823
(50)-14-44239,(52)-14-80409,06/19/1984,13:16:40,60
(28)-05-82498,(40)-02-07267,06/19/1984,20:51:54,225
(78)-07-19181,(74)-07-21546,06/19/1984,21:59:05,48
(26)-31-86149,(21)-07-57921,06/20/1984,07:11:00,103
(51)-22-90958,(27)-29-72559,06/20/1984,08:54:48,863
(70)-09-46470,(74)-00-91064,06/20/1984,10:26:33,657
(28)-29-76322,(40)-12-18845,06/20/1984,14:21:52,41
(51)-03-67186,(50)-13-21467,06/21/1984,00:04:08,342
(68)-05-90779,(24)-05-72770,06/21/1984,00:31:13,589
(47)-07-82151,(31)-16-66755,06/21/1984,01:00:58,174
(66)-11-16159,(25)-02-00049,06/21/1984,01:45:41,57
(72)-15-68968,(57)-16-75732,06/21/1984,06:48:56,5498
(76)-05-55306,(25)-31-39367,06/21/1984,15:40:39,193
(28)-13-60065,(44)-25-72064,06/21/1984,17:07:33,552
(35)-21-94679,(34)-06-82775,06/21/1984,18:19:08,393
(68)-01-75336,(57)-06-41846,06/21/1984,18:53:55,579
(67)-09-15006,(34)-03-32093,06/21/1984,19:33:29,3430
(50)-09-98267,(51)-09-72351,06/21/1984,23:46:56,149
(22)-30-13406,(44)-17-62327,06/22/1984,05:02:01,246
(46)-20-44910,(35)-25-08687,06/22/1984,07:35:32,617
(72)-07-71501,(44)-10-39099,06/22/1984,13:53:02,2096
(68)-10-81999,(73)-08-53695,06/22/1984,23:40:08,635
(50)-12-77772,(31)-00-07289,06/23/1984,05:08:17,126
(68)-14-53974,(68)-00-56552,06/23/1984,08:35:56,7
(34)-28-96026,(65)-17-21473,06/23/1984,10:52:43,1072
(34)-01-82067,(37)-18-05096,06/23/1984,11:08:53,741
(48)-05-58870,(55)-16-59469,06/23/1984,13:49:17,277
(30)-25-82817,(51)-06-94480,06/23/1984,22:58:16,108
(63)-16-39220,(62)-13-58752,06/24/1984,02:56:01,550
(21)-20-33251,(76)-00-02328,06/24/1984,06:00:50,70
(77)-06-14825,(63)-17-53754,06/24/1984,08:47:52,7109
(30)-14-34786,(26)-22-54732,06/24/1984,21:41:09,880
(45)-16-41472,(22)-28-32612,06/25/1984,00:18:29,166
(75)-08-35858,(39)-25-53590,06/25/1984,06:52:55,509
(40)-16-42742,(39)-20-84993,06/25/1984,09:12:23,3282
(21)-20-67239,(55)-13-94291,06/25/1984,12:02:47,2960
(75)-03-46271,(36)-05-41103,06/25/1984,15:48:58,6749
(72)-04-95974,(45)-10-96889,06/25/1984,20:42:47,87
(31)-10-69064,(68)-16-60762,06/25/1984,22:58:11,124
(32)-08-25571,(56)-11-39993,06/25/1984,23:46:09,439
(32)-12-91626,(51)-16-54461,06/26/1984,04:55:47,263
(79)-00-51176,(57)-09-13715,06/26/1984,05:46:04,1394
(43)-24-77709,(31)-16-08904,06/26/1984,14:24:25,714
(39)-03-34827,(24)-21-21671,06/26/1984,16:50:35,17
(46)-00-53720,(71)-16-17870,06/26/1984,18:48:08,469
(55)-10-33669,(60)-16-09927,06/26/1984,20:44:46,3483
(37)-17-25439,(35)-10-88528,06/27/1984,03:00:44,226
(34)-08-65049,(65)-00-29561,06/27/1984,08:01:23,2844
(58)-18-57016,(37)-21-55814,06/27/1984,08:52:54,605
(43)-11-68440,(37)-03-34578,06/27/1984,19:23:38,6
(34)-01-11224,(73)-11-35124,06/27/1984,21:01:17,1932
(21)-06-58250,(67)-16-29359,06/28/1984,01:39:58,721
(47)-12-38824,(21)-23-14068,06/28/1984,04:07:29,98
(66)-06-21034,(48)-08-66869,06/28/1984,04:22:01,53
(59)-15-39527,(25)-22-42438,06/28/1984,04:23:02,227
(70)-14-37726,(43)-13-85045,06/28/1984,07:20:02,222
(75)-13-15424,(68)-13-32728,06/28/1984,08:08:48,244
(48)-03-27645,(68)-14-49095,06/28/1984,09:22:02,79
(48)-07-63084,(29)-19-93536,06/28/1984,14:51:17,155
(25)-12-40671,(72)-10-12539,06/28/1984,18:17:31,394
(25)-25-81172,(35)-21-63991,06/29/1984,00:01:45,2835
(40)-15-98078,(56)-21-44135,06/29/1984,00:07:27,283
(25)-17-41567,(23)-21-24244,06/29/1984,02:18:39,678
(55)-09-38122,(45)-00-00212,06/29/1984,10:23:06,675
(30)-03-20108,(52)-02-18863,06/29/1984,13:55:51,201
(59)-06-33189,(22)-23-94133,06/30/1984,04:03:51,80
(54)-02-97841,(65)-06-54812,06/30/1984,12:33:35,506
(64)-17-91278,(45)-22-36130,06/30/1984,13:21:10,3054
(75)-09-90294,(41)-12-60858,06/30/1984,16:48:50,118
(48)-12-24100,(34)-27-73656,06/30/1984,18:58:04,20
(53)-17-09476,(20)-19-79593,07/01/1984,14:06:31,698
(32)-17-01750,(44)-15-97774,07/01/1984,15:39:14,4182
(39)-05-55780,(28)-28-90064,07/01/1984,23:42:50,1343
(51)-04-37586,(29)-13-79486,07/02/1984,11:27:36,801
(40)-14-83853,(70)-05-82970,07/02/1984,18:27:54,163
(23)-30-62848,(53)-06-23487,07/02/1984,21:12:30,11
(78)-04-56704,(66)-12-10311,07/02/1984,22:25:38,3514
(28)-21-79103,(75)-12-34524,07/03/1984,05:06:12,8
(29)-12-98561,(64)-14-14510,07/03/1984,06:09:32,103
(30)-24-28776,(31)-07-62626,07/03/1984,07:54:04,652
(50)-02-25488,(37)-11-71198,07/03/1984,09:07:13,370
(77)-13-23708,(28)-30-97896,07/03/1984,09:39:01,162
(50)-07-73744,(42)-02-24397,07/03/1984,14:08:40,717
(49)-20-18625,(21)-13-17048,07/04/1984,02:08:59,21
(70)-00-76327,(71)-01-14497,07/04/1984,02:50:30,56
(61)-12-56906,(64)-02-10651,07/04/1984,07:31:19,3846
(59)-17-74969,(24)-02-01889,07/04/1984,11:28:07,253
(68)-08-47008,(41)-26-72150,07/04/1984,14:47:42,270
(59)-07-82626,(42)-05-61501,07/04/1984,17:16:44,255
(35)-16-22893,(43)-23-88404,07/04/1984,21:48:49,61
(56)-03-97351,(28)-14-90715,07/05/1984,12:46:06,3021
(49)-03-58780,(48)-17-70173,07/06/1984,03:56:26,650
(59)-14-20139,(48)-11-74036,07/06/1984,16:06:48,3333
(41)-00-20437,(29)-00-60852,07/06/1984,17:21:18,87
(37)-12-09721,(36)-04-41070,07/06/1984,19:50:27,719
(61)-04-72418,(36)-04-30062,07/06/1984,21:35:01,827
(64)-06-34936,(64)-08-97239,07/07/1984,04:11:23,708
(56)-06-28983,(24)-27-80079,07/07/1984,05:18:26,777
(21)-03-04792,(35)-01-66798,07/07/1984,06:00:00,62
(66)-07-91766,(32)-16-38580,07/07/1984,09:06:08,186
(24)-19-31828,(49)-14-70468,07/07/1984,11:28:06,290
(75)-09-15677,(33)-17-60471,07/07/1984,13:58:57,121
(66)-08-53474,(48)-07-55747,07/07/1984,23:21:08,675
(57)-11-05478,(26)-01-40907,07/07/1984,23:37:05,58
(64)-17-75630,(55)-06-87050,07/08/1984,04:41:36,754
(54)-15-80165,(30)-03-75994,07/08/1984,05:32:09,122
(29)-23-36416,(58)-04-64367,07/08/1984,06:09:37,2829
(67)-01-48757,(26)-01-51690,07/08/1984,06:59:33,1884
(23)-06-54052,(45)-18-37315,07/08/1984,07:57:50,1557
(50)-23-43591,(22)-30-65709,07/08/1984,18:02:49,45
(52)-20-74373,(30)-27-08247,07/08/1984,20:35:01,240
(43)-17-02664,(72)-15-74403,07/08/1984,22:43:18,46
(57)-17-44779,(77)-01-43687,07/08/1984,23:34:09,156
(56)-00-08606,(32)-25-86902,07/09/1984,05:18:08,864
(53)-12-19432,(40)-06-78756,07/09/1984,13:16:54,71
(46)-08-52440,(64)-04-11041,07/09/1984,18:28:57,208
(24)-22-62872,(73)-04-88359,07/09/1984,21:09:02,1965
(69)-09-46047,(32)-10-92823,07/09/1984,22:39:22,2474
(70)-02-98834,(71)-16-50077,07/10/1984,06:53:39,412
(32)-25-35332,(43)-20-40212,07/10/1984,07:40:36,176
(44)-14-31669,(20)-06-17456,07/10/1984,19:52:39,22
(64)-08-65084,(77)-10-21646,07/11/1984,21:02:31,42
(67)-04-34115,(39)-04-28429,07/12/1984,00:22:52,445
(61)-07-69383,(41)-04-80699,07/12/1984,01:40:33,135
(22)-17-13692,(69)-13-61754,07/12/1984,04:30:23,618
(32)-21-97229,(65)-13-36005,07/12/1984,09:29:48,385
(31)-07-62626,(24)-19-64074,07/12/1984,14:23:09,686
(41)-23-05339,(42)-15-35939,07/12/1984,16:13:52,798
(49)-00-23037,(30)-14-87653,07/13/1984,02:10:28,602
(25)-21-87255,(71)-06-15530,07/13/1984,16:43:29,61
(27)-05-73395,(47)-11-58192,07/13/1984,19:06:09,280
(25)-16-07045,(31)-07-35573,07/13/1984,23:21:50,3115
(53)-07-32113,(27)-22-81172,07/14/1984,08:14:04,1156
(65)-05-53773,(79)-07-30524,07/14/1984,08:43:35,183
(25)-12-01295,(51)-18-55033,07/14/1984,14:56:01,2616
(34)-05-52068,(79)-00-42335,07/14/1984,19:22:25,284
(62)-10-56751,(75)-06-28887,07/14/1984,20:02:53,9
(58)-19-96821,(31)-25-68662,07/15/1984,06:29:47,3589
(29)-26-27411,(34)-26-89672,07/15/1984,07:00:33,401
(63)-04-51730,(65)-12-47201,07/15/1984,09:56:14,47
(59)-17-53174,(30)-28-89582,07/15/1984,10:35:04,204
(47)-19-72507,(62)-18-59499,07/15/1984,13:58:27,271
(29)-06-08049,(59)-18-83822,07/15/1984,17:10:09,398
(29)-15-46661,(44)-05-15585,07/15/1984,21:11:10,122
(76)-04-83208,(48)-15-91942,07/15/1984,21:27:58,271
(32)-28-27516,(67)-05-18157,07/16/1984,00:15:11,204
(69)-01-84124,(55)-09-00359,07/16/1984,05:30:02,2941
(53)-06-97705,(22)-27-23322,07/16/1984,11:58:00,284
(78)-11-73729,(72)-13-83286,07/17/1984,01:57:40,4488
(37)-12-14566,(50)-04-26743,07/17/1984,04:39:21,112
(54)-16-30346,(48)-05-12508,07/17/1984,06:09:51,2579
(75)-07-74250,(32)-19-39855,07/17/1984,08:19:07,174
(79)-02-85288,(46)-03-49793,07/18/1984,02:34:23,557
(54)-02-79408,(33)-22-88779,07/18/1984,03:02:47,428
(71)-11-73528,(55)-01-05345,07/18/1984,08:13:13,34
(68)-07-08055,(42)-23-00231,07/18/1984,11:53:53,3396
(57)-19-16628,(41)-15-73978,07/18/1984,14:18:36,34
(53)-03-84809,(20)-22-76277,07/18/1984,17:20:18,2912
(36)-23-36324,(78)-12-99429,07/18/1984,18:03:29,66
(52)-20-52279,(23)-15-87651,07/18/1984,18:10:37,318
(68)-05-99718,(36)-03-56812,07/18/1984,18:18:55,101
(46)-19-57223,(32)-22-69558,07/19/1984,04:40:45,284
(61)-04-33086,(49)-13-34577,07/19/1984,05:30:41,3375
(30)-08-59662,(71)-00-30178,07/19/1984,14:08:21,289
(43)-03-46429,(27)-12-00198,07/19/1984,14:15:14,625
(79)-09-85134,(28)-26-88825,07/19/1984,18:06:20,103
(52)-14-76934,(79)-07-53143,07/20/1984,11:26:52,264
(55)-16-66622,(52)-04-76725,07/20/1984,13:17:02,54
(57)-04-18395,(25)-29-51726,07/20/1984,14:38:07,109
(23)-01-43296,(70)-05-02194,07/20/1984,15:39:42,871
(38)-03-49879,(56)-17-88404,07/21/1984,07:27:52,829
(46)-06-63690,(26)-09-46987,07/21/1984,08:46:50,11
(66)-04-77117,(38)-05-00697,07/22/1984,00:12:48,857
(54)-15-76507,(48)-21-27655,07/22/1984,03:23:37,2105
(65)-17-02310,(76)-06-34950,07/22/1984,06:52:28,2374
(57)-14-11456,(28)-22-75509,07/22/1984,08:48:35,823
(34)-19-71554,(40)-04-15103,07/22/1984,10:14:31,45
(54)-21-90025,(40)-20-47365,07/22/1984,12:15:49,314
(53)-19-28559,(27)-24-55140,07/22/1984,13:10:28,173
(39)-20-45515,(30)-06-04848,07/22/1984,19:41:26,17
(56)-03-95684,(78)-11-51975,07/22/1984,20:20:03,920
(29)-22-98823,(63)-11-23781,07/23/1984,04:12:16,2978
(43)-05-14144,(47)-10-00257,07/23/1984,19:12:14,201
(53)-11-67369,(55)-05-71469,07/23/1984,21:52:17,259
(79)-00-65151,(67)-17-13849,07/24/1984,07:58:57,76
(56)-00-28102,(54)-14-13526,07/24/1984,08:30:55,158
(36)-20-38984,(21)-15-32515,07/24/1984,08:31:28,111
(33)-10-25982,(62)-07-32857,07/24/1984,11:42:15,188
(35)-06-16267,(35)-06-83742,07/24/1984,16:57:15,278
(57)-09-58379,(62)-10-65806,07/24/1984,20:34:15,714
(69)-15-34855,(43)-01-71233,07/24/1984,20:52:48,346
(38)-16-71926,(75)-11-52543,07/24/1984,22:43:42,665
(32)-15-33106,(26)-30-19015,07/25/1984,12:01:45,471
(71)-10-16838,(67)-07-43880,07/25/1984,13:15:32,135
(73)-02-77127,(73)-05-14984,07/25/1984,14:50:48,1378
(26)-11-03812,(35)-03-63738,07/26/1984,04:39:14,287
(51)-11-16348,(47)-02-81547,07/26/1984,12:30:43,274
(38)-24-82193,(69)-06-33463,07/26/1984,19:05:24,107
(50)-01-40480,(24)-04-52150,07/27/1984,02:21:39,1017
(64)-12-80190,(71)-16-37361,07/27/1984,05:09:03,291
(36)-04-85302,(57)-03-06460,07/27/1984,13:16:03,43
(65)-17-07917,(53)-19-70044,07/27/1984,23:25:05,267
(52)-16-15739,(69)-16-98889,07/28/1984,01:21:17,6894
(52)-19-66084,(78)-07-34055,07/28/1984,06:45:07,217
(28)-28-78582,(44)-16-15541,07/28/1984,11:34:14,1844
(71)-01-58931,(41)-22-24805,07/28/1984,14:01:39,95
(45)-14-20382,(57)-08-29350,07/28/1984,16:03:12,619
(73)-09-39351,(46)-12-24629,07/28/1984,16:57:57,805
(25)-21-13354,(48)-07-44892,07/28/1984,18:50:31,2601
(69)-14-20775,(45)-21-26825,07/28/1984,19:51:53,1530
(58)-06-47864,(77)-02-05132,07/28/1984,20:24:50,38
(79)-11-34145,(60)-10-81052,07/28/1984,21:23:54,515
(75)-10-55301,(71)-07-42834,07/28/1984,21:29:45,47
(41)-05-21770,(67)-16-48399,07/29/1984,01:41:04,236
(27)-17-07828,(54)-01-19365,07/29/1984,05:51:27,326
(37)-27-38067,(78)-11-87724,07/29/1984,11:00:36,44
(60)-08-29529,(62)-00-50502,07/29/1984,13:43:39,3581
(47)-08-08349,(34)-18-48080,07/29/1984,17:34:15,162
(38)-22-53518,(39)-07-05507,07/29/1984,19:01:23,210
(55)-05-57209,(35)-09-04310,07/29/1984,22:21:32,670
(75)-07-50703,(31)-09-27893,07/29/1984,22:34:30,315
(24)-12-42461,(28)-09-14657,07/30/1984,02:34:50,139
(79)-13-36998,(21)-14-14225,07/30/1984,03:47:26,1759
(58)-06-47249,(68)-00-85676,07/30/1984,04:01:08,109
(77)-06-40872,(64)-05-03343,07/30/1984,12:07:25,550
(65)-03-62534,(44)-14-04634,07/30/1984,23:01:44,181
(34)-16-14606,(76)-13-23244,07/31/1984,03:07:23,227
(47)-01-41515,(66)-14-48628,07/31/1984,06:50:00,454
(41)-00-64904,(60)-09-93882,07/31/1984,09:49:10,266
(70)-15-79782,(30)-22-93065,07/31/1984,11:00:36,188
(62)-01-98683,(79)-00-57649,07/31/1984,14:00:52,170
(69)-14-20594,(38)-27-82378,07/31/1984,17:01:32,2903
(70)-00-12907,(32)-00-26989,07/31/1984,20:25:34,639
(44)-12-42642,(30)-29-20635,07/31/1984,21:23:13,1962
(54)-02-81146,(65)-16-07571,07/31/1984,21:38:21,805
(56)-16-02474,(44)-24-17555,08/01/1984,02:47:47,255
(71)-06-73360,(74)-11-60729,08/01/1984,04:03:33,578
(72)-08-46747,(37)-22-10144,08/01/1984,12:16:45,32
(78)-13-03690,(62)-09-84563,08/01/1984,15:17:56,132
(42)-11-55320,(77)-10-94963,08/01/1984,16:04:08,157
(37)-06-63393,(55)-15-21633,08/01/1984,18:01:28,271
(70)-05-36422,(74)-04-82411,08/01/1984,18:10:15,216
(43)-18-52927,(59)-08-44778,08/01/1984,23:43:55,802
(77)-06-34700,(52)-09-66399,08/02/1984,01:14:19,69
(43)-12-64848,(53)-16-86395,08/02/1984,02:01:41,118
(34)-07-20007,(51)-04-16466,08/02/1984,03:53:01,126
(30)-28-48230,(37)-15-56709,08/02/1984,04:43:54,569
(58)-01-21608,(33)-26-84835,08/02/1984,07:11:56,69
(54)-12-51613,(42)-25-48122,08/02/1984,07:50:15,793
(71)-16-81617,(51)-07-36803,08/02/1984,21:42:17,1154
(55)-04-11871,(74)-09-04336,08/03/1984,02:43:03,298
(26)-21-85306,(63)-11-53428,08/03/1984,05:56:55,2903
(60)-09-19205,(22)-11-08502,08/03/1984,08:06:43,30
(47)-05-25855,(79)-13-88439,08/03/1984,14:37:20,1625
(53)-06-80228,(74)-00-69277,08/03/1984,18:47:00,72
(25)-13-69178,(77)-08-69833,08/03/1984,18:52:52,2975
(71)-09-36759,(35)-18-73632,08/04/1984,01:53:30,64
(70)-14-38317,(27)-18-87631,08/04/1984,02:57:02,514
(62)-05-87508,(71)-12-82668,08/04/1984,03:26:11,324
(73)-06-72504,(68)-14-49765,08/04/1984,04:56:29,79
(74)-00-13468,(42)-19-83212,08/04/1984,13:31:53,42
(43)-00-77218,(63)-12-74157,08/04/1984,13:37:03,46
(55)-08-34691,(36)-04-78692,08/04/1984,14:22:34,559
(63)-10-03999,(20)-13-64043,08/04/1984,14:26:05,806
(36)-19-27310,(39)-15-39664,08/04/1984,15:24:00,100
(58)-17-17122,(53)-02-93032,08/04/1984,16:14:42,774
(47)-02-81547,(58)-07-04711,08/05/1984,02:36:11,219
(41)-03-49351,(76)-09-04388,08/05/1984,04:26:09,514
(34)-10-35423,(40)-09-72164,08/05/1984,07:03:12,745
(23)-14-03586,(60)-11-50467,08/05/1984,18:25:02,1840
(58)-18-42785,(52)-13-28016,08/05/1984,20:52:34,13
(63)-12-36614,(42)-11-00155,08/06/1984,05:39:34,250
(38)-02-97018,(71)-10-84399,08/06/1984,20:08:29,2418
(67)-16-73263,(37)-17-44802,08/06/1984,20:57:56,116
(31)-24-91323,(33)-26-12339,08/06/1984,22:23:34,575
(59)-01-27699,(23)-30-97767,08/07/1984,02:41:44,846
(69)-11-12038,(66)-10-00786,08/07/1984,03:00:52,3040
(74)-03-07143,(42)-12-57127,08/07/1984,04:28:26,1096
(47)-18-48704,(59)-09-47422,08/07/1984,18:55:43,139
(64)-15-66717,(67)-14-63127,08/07/1984,19:34:02,186
(24)-19-37250,(21)-30-90649,08/08/1984,04:59:07,2884
(77)-12-04897,(62)-05-71600,08/08/1984,07:02:40,2563
(30)-14-01694,(41)-03-80536,08/09/1984,02:16:36,263
(20)-08-34098,(47)-07-23161,08/09/1984,13:23:38,306
(44)-24-36724,(27)-26-28312,08/09/1984,15:18:36,46
(78)-08-68879,(43)-15-60876,08/09/1984,19:23:47,158
(60)-09-71564,(76)-08-78012,08/10/1984,00:22:09,190
(45)-16-75933,(26)-05-01587,08/10/1984,06:18:44,248
(24)-05-30816,(35)-06-04823,08/10/1984,18:06:27,5
(68)-03-89878,(33)-09-44341,08/10/1984,20:34:16,618
(76)-05-23479,(75)-10-21326,08/10/1984,23:01:28,53
(78)-07-35549,(22)-09-94575,08/11/1984,02:03:31,838
(21)-27-48265,(28)-19-10980,08/11/1984,07:15:22,484
(22)-02-86085,(26)-01-75324,08/11/1984,15:03:15,219
(45)-17-22805,(68)-05-63478,08/11/1984,16:18:13,499
(28)-06-95085,(40)-20-57174,08/11/1984,16:33:20,1163
(56)-09-60502,(42)-13-25680,08/11/1984,16:38:06,167
(62)-07-95995,(70)-06-91983,08/11/1984,18:22:54,129
(25)-31-79378,(76)-03-34787,08/11/1984,22:47:54,753
(64)-00-96091,(38)-26-58297,08/12/1984,01:33:11,96
(53)-16-54352,(77)-08-70228,08/12/1984,05:23:36,273
(31)-06-53714,(77)-02-23333,08/12/1984,13:59:22,64
(41)-10-12570,(68)-09-73912,08/12/1984,14:53:51,849
(20)-15-31457,(52)-09-04050,08/13/1984,00:49:49,169
(45)-12-51588,(43)-13-03488,08/13/1984,01:50:34,1981
(63)-06-11032,(74)-10-53325,08/13/1984,04:23:19,923
(41)-20-61851,(34)-14-29602,08/13/1984,22:50:50,839
(34)-19-84104,(42)-05-36411,08/14/1984,04:58:54,29
(23)-01-55224,(26)-05-17621,08/14/1984,10:44:24,491
(60)-03-53693,(42)-03-63245,08/14/1984,13:55:08,332
(37)-17-97098,(34)-07-90090,08/15/1984,03:35:13,261
(66)-00-44835,(57)-13-92344,08/15/1984,05:31:16,295
(29)-21-71523,(61)-09-78199,08/15/1984,12:36:43,103
(49)-06-78839,(53)-07-79158,08/15/1984,15:57:33,243
(67)-01-36657,(40)-01-99997,08/15/1984,18:58:10,853
(63)-02-12516,(68)-10-12570,08/15/1984,21:54:47,48
(21)-14-78581,(46)-23-28314,08/16/1984,09:49:43,116
(38)-23-98306,(60)-09-94010,08/16/1984,15:38:53,387
(57)-15-42964,(22)-07-76416,08/16/1984,16:19:11,850
(67)-13-67547,(79)-01-91303,08/16/1984,19:03:10,40
(60)-04-82083,(68)-12-70245,08/16/1984,20:17:13,133
(45)-02-85576,(45)-17-12414,08/16/1984,21:33:41,2457
(69)-05-86984,(68)-17-09444,08/17/1984,01:35:20,275
(26)-23-01970,(37)-14-97089,08/17/1984,08:26:21,300
(67)-12-43003,(34)-20-05066,08/17/1984,16:42:02,113
(67)-17-69625,(54)-08-95079,08/17/1984,18:49:29,299
(33)-19-12637,(26)-22-69720,08/17/1984,19:13:25,143
(26)-16-01831,(79)-08-18605,08/18/1984,01:02:30,379
(71)-01-13103,(72)-10-50147,08/18/1984,09:44:16,324
(79)-07-53434,(76)-10-23629,08/18/1984,13:06:03,3031
(53)-04-88609,(49)-12-36060,08/18/1984,15:51:30,3473
(21)-24-46140,(70)-00-62775,08/18/1984,16:23:10,178
(40)-16-85482,(43)-17-95720,08/18/1984,17:16:02,241
(61)-15-02522,(50)-18-98016,08/19/1984,00:18:06,92
(46)-06-26516,(33)-28-74369,08/19/1984,00:53:40,1604
(49)-06-11374,(53)-14-67284,08/19/1984,04:12:56,173
(76)-14-42792,(52)-15-04353,08/19/1984,06:05:30,3220
(24)-12-99702,(70)-05-45645,08/19/1984,11:27:04,335
(29)-02-21273,(42)-19-81050,08/19/1984,12:04:49,317
(39)-25-93182,(69)-14-45889,08/19/1984,19:57:41,154
(29)-23-77549,(23)-25-19055,08/20/1984,02:59:05,99
(79)-04-85298,(45)-13-94316,08/20/1984,13:05:58,363
(76)-08-54092,(72)-02-56102,08/20/1984,19:11:21,66
(47)-16-55601,(73)-08-75348,08/20/1984,19:33:07,79
(36)-02-22830,(37)-04-78091,08/20/1984,22:31:10,168
(40)-15-36468,(44)-17-30830,08/21/1984,00:43:18,570
(51)-02-68859,(71)-16-63524,08/21/1984,07:19:32,501
(40)-10-82809,(53)-12-26289,08/21/1984,08:36:49,255
(43)-12-47941,(52)-13-41110,08/21/1984,10:56:53,689
(52)-09-08026,(30)-16-85161,08/21/1984,10:58:42,151
(68)-06-77930,(25)-30-81301,08/21/1984,13:12:04,173
(36)-04-90138,(36)-11-89445,08/21/1984,16:53:43,35
(33)-08-49021,(30)-22-96332,08/21/1984,19:57:36,274
(75)-14-38698,(37)-14-94146,08/22/1984,04:21:32,258
(34)-22-68395,(36)-04-81075,08/22/1984,05:37:01,306
(38)-05-34110,(79)-13-95557,08/22/1984,07:55:28,232
(58)-10-55875,(33)-10-13154,08/22/1984,07:57:24,1001
(54)-03-56729,(24)-13-02094,08/22/1984,10:16:50,40
(55)-06-03509,(75)-03-33285,08/23/1984,05:22:36,351
(76)-01-15355,(37)-10-97839,08/23/1984,08:44:56,119
(58)-02-92081,(79)-10-70339,08/23/1984,14:23:45,1109
(41)-22-05184,(31)-27-30292,08/23/1984,15:32:13,915
(22)-06-32495,(48)-20-07947,08/24/1984,05:49:49,90
(63)-12-13089,(63)-02-89851,08/24/1984,07:18:44,706
(54)-00-76736,(36)-04-43003,08/24/1984,07:42:41,96
(54)-04-84109,(71)-15-67010,08/24/1984,08:12:14,206
(78)-04-41578,(29)-28-05801,08/24/1984,15:06:58,151
(49)-06-29014,(76)-03-89220,08/24/1984,16:46:47,141
(58)-15-85261,(72)-12-63958,08/24/1984,17:32:42,818
(32)-18-97310,(25)-07-16514,08/24/1984,18:24:06,128
(39)-09-76493,(21)-29-14265,08/24/1984,21:20:26,137
(49)-13-52163,(76)-03-45544,08/25/1984,11:11:09,541
(64)-10-17237,(36)-06-67749,08/25/1984,18:08:14,466
(69)-04-91101,(58)-17-22049,08/25/1984,19:42:47,127
(41)-02-06306,(22)-19-21008,08/25/1984,22:56:14,784
(44)-05-57665,(78)-05-93521,08/26/1984,09:47:33,284
(30)-07-16570,(22)-19-55914,08/26/1984,19:32:17,250
(67)-17-77928,(27)-26-81114,08/26/1984,22:15:08,11
(53)-08-06079,(71)-16-18274,08/27/1984,01:51:16,1647
(41)-00-69418,(50)-05-74169,08/27/1984,05:57:33,241
(24)-13-84723,(74)-08-26034,08/27/1984,06:27:46,178
(39)-25-24413,(49)-05-96109,08/27/1984,08:13:07,331
(68)-05-28420,(21)-29-85022,08/27/1984,15:10:59,287
(29)-12-42599,(20)-28-48427,08/27/1984,19:13:01,1502
(65)-13-28253,(57)-18-03642,08/27/1984,22:18:35,580
(40)-24-31108,(29)-25-08556,08/28/1984,00:38:51,44
(42)-05-61501,(53)-15-97293,08/28/1984,01:54:16,291
(41)-19-01046,(40)-06-38009,08/28/1984,07:08:27,173
(59)-14-56657,(33)-19-54224,08/28/1984,12:14:28,960
(62)-06-10435,(27)-18-64016,08/28/1984,21:21:56,149
(74)-06-12777,(31)-12-23626,08/29/1984,05:29:12,29
(32)-29-54159,(79)-08-01135,08/29/1984,10:20:26,502
(75)-06-30755,(53)-18-88826,08/29/1984,19:38:25,63
(77)-02-03530,(24)-03-61791,08/29/1984,19:40:02,215
(73)-10-34601,(73)-05-15523,08/29/1984,22:53:24,2848
(61)-15-40119,(54)-07-67879,08/30/1984,02:38:51,1377
(21)-12-69727,(78)-03-60496,08/30/1984,08:05:43,207
(60)-05-20532,(75)-03-75972,08/30/1984,13:47:40,496
(34)-09-72344,(76)-06-20943,08/30/1984,14:34:41,2292
(30)-02-47767,(73)-02-37909,08/30/1984,15:09:42,825
(42)-18-38385,(43)-05-08706,08/30/1984,20:59:56,259
(79)-13-59085,(64)-02-52961,08/30/1984,21:39:10,6720
(50)-05-71902,(78)-07-10141,08/30/1984,23:39:06,10
(51)-21-07007,(31)-02-47892,08/31/1984,11:37:48,159
(32)-22-76029,(28)-12-75201,08/31/1984,15:07:29,2121
(56)-18-44181,(25)-17-26690,08/31/1984,17:33:15,394
(71)-09-02500,(24)-10-80943,08/31/1984,21:35:36,682
(74)-02-43464,(76)-06-18032,08/31/1984,23:12:51,1889
(68)-04-65545,(52)-14-41490,08/31/1984,23:27:22,4908
(25)-12-99695,(32)-02-98121,09/01/1984,00:57:29,76
(31)-23-06145,(76)-00-02328,09/01/1984,04:29:04,1737
(26)-31-00430,(20)-10-78796,09/01/1984,07:12:55,8
(34)-18-39038,(41)-06-47245,09/01/1984,09:55:32,517
(32)-20-48590,(28)-10-89057,09/01/1984,13:42:22,279
(29)-16-37122,(31)-29-23694,09/01/1984,18:39:48,157
(54)-01-79881,(62)-14-80811,09/01/1984,23:45:36,2982
(45)-08-11458,(58)-05-95379,09/02/1984,00:15:41,539
(31)-18-08434,(50)-14-96859,09/02/1984,00:21:23,851
(42)-22-11775,(37)-10-84660,09/02/1984,00:44:20,583
(61)-06-02212,(39)-19-33538,09/02/1984,06:59:56,1259
(40)-02-13070,(46)-15-03197,09/02/1984,13:51:53,129
(22)-22-52028,(54)-10-04092,09/02/1984,14:24:17,248
(30)-01-74647,(50)-11-84873,09/02/1984,15:16:18,65
(67)-05-31673,(21)-03-47618,09/02/1984,16:12:29,294
(28)-15-39132,(32)-21-82464,09/02/1984,23:47:55,187
(62)-18-61873,(78)-01-63968,09/03/1984,05:22:15,77
(30)-14-27505,(24)-14-59903,09/03/1984,07:00:39,853
(58)-11-63253,(71)-03-67097,09/03/1984,07:17:55,86
(39)-14-46183,(50)-23-60921,09/03/1984,07:52:38,254
(74)-05-23753,(27)-30-29901,09/03/1984,15:16:35,905
(72)-00-96866,(52)-22-28255,09/04/1984,01:43:35,558
(65)-11-28198,(65)-06-12784,09/04/1984,03:58:33,298
(36)-10-88333,(78)-10-04409,09/04/1984,06:00:41,2179
(30)-18-03201,(39)-05-65493,09/04/1984,10:15:14,33
(36)-16-22745,(21)-24-38778,09/04/1984,13:27:04,138
(57)-13-54768,(35)-08-93134,09/04/1984,21:23:35,516
(36)-07-48194,(30)-21-44624,09/04/1984,23:10:03,896
(74)-12-78013,(30)-28-24249,09/04/1984,23:24:28,676
(23)-22-11144,(28)-02-18271,09/05/1984,01:02:32,48
(69)-07-63423,(25)-13-55538,09/05/1984,01:39:10,240
(30)-01-51545,(26)-16-15238,09/05/1984,07:02:12,600
(76)-10-43000,(60)-09-29569,09/06/1984,01:36:40,401
(52)-08-47675,(75)-02-95035,09/06/1984,11:32:44,711
(24)-28-31344,(32)-18-04675,09/06/1984,14:48:31,85
(43)-07-84387,(26)-25-58589,09/06/1984,18:07:01,136
(65)-11-43709,(79)-02-39487,09/06/1984,22:21:07,3517
(45)-17-22805,(56)-03-17221,09/06/1984,22:55:23,517
(45)-00-76920,(22)-31-56767,09/07/1984,01:20:33,221
(76)-00-60334,(75)-04-53995,09/07/1984,03:20:15,229
(65)-16-00882,(23)-29-49562,09/07/1984,10:22:56,3315
(54)-04-96322,(32)-18-16369,09/07/1984,17:52:35,3096
(32)-14-54302,(28)-04-16615,09/08/1984,00:13:26,157
(39)-16-26528,(75)-10-44789,09/08/1984,03:37:39,282
(67)-10-62022,(75)-04-25292,09/08/1984,06:04:46,144
(77)-09-78465,(45)-06-80053,09/08/1984,08:23:15,893
(55)-04-71862,(76)-06-19176,09/08/1984,11:37:13,581
(45)-14-83634,(32)-00-21736,09/08/1984,20:10:26,3375
(50)-16-71615,(48)-00-48328,09/08/1984,21:08:10,508
(37)-24-90332,(62)-04-76349,09/08/1984,21:15:45,693
(33)-02-37184,(47)-23-70511,09/09/1984,12:29:32,960
(38)-00-15063,(27)-02-13695,09/09/1984,13:46:59,22
(55)-02-52779,(29)-10-28663,09/09/1984,18:00:59,36
(61)-01-40574,(24)-03-48392,09/09/1984,21:17:04,215
(63)-02-80694,(39)-08-18796,09/09/1984,21:56:38,11
(33)-02-37184,(38)-13-14832,09/09/1984,22:58:09,444
(76)-01-18167,(77)-14-11816,09/10/1984,00:18:04,646
(65)-00-69987,(54)-02-34623,09/10/1984,06:08:23,17
(37)-21-17980,(25)-30-55702,09/10/1984,07:02:22,227
(38)-24-06070,(60)-04-56791,09/10/1984,07:53:26,277
(58)-01-85976,(35)-04-57774,09/10/1984,11:39:40,164
(37)-09-67736,(70)-15-10603,09/10/1984,15:48:01,2130
(39)-20-92533,(67)-07-91099,09/10/1984,17:52:11,443
(37)-13-53707,(61)-19-61011,09/10/1984,18:38:24,3177
(47)-15-56069,(79)-02-81755,09/11/1984,03:12:15,8
(61)-06-66066,(62)-16-19869,09/11/1984,06:21:33,2418
(35)-23-08990,(75)-00-11267,09/11/1984,07:16:12,298
(52)-17-69176,(36)-27-06991,09/11/1984,11:43:06,289
(56)-15-07512,(52)-17-97748,09/11/1984,18:17:14,214
(44)-00-01742,(28)-02-00370,09/11/1984,22:03:05,144
(27)-21-56079,(75)-06-04850,09/12/1984,05:03:50,444
(56)-07-30132,(42)-23-97948,09/12/1984,05:06:12,1922
(55)-02-67893,(72)-08-77870,09/12/1984,05:34:49,824
(64)-14-69959,(74)-09-64683,09/12/1984,08:36:11,170
(27)-00-50152,(58)-19-15035,09/12/1984,09:46:47,414
(31)-05-23513,(62)-08-55086,09/12/1984,13:23:34,2922
(51)-08-31444,(52)-00-32217,09/12/1984,18:30:22,462
(32)-08-02635,(68)-10-43420,09/12/1984,22:13:42,3585
(67)-12-14101,(36)-14-36578,09/13/1984,07:59:45,103
(73)-13-48147,(37)-17-66396,09/13/1984,08:08:06,215
(20)-29-57866,(42)-02-85091,09/13/1984,11:51:00,285
(48)-12-54832,(74)-08-23203,09/13/1984,22:09:09,76
(75)-00-63970,(44)-20-51178,09/13/1984,22:11:00,764
(50)-07-16507,(37)-04-44908,09/13/1984,23:22:47,964
(30)-11-12256,(30)-28-62217,09/14/1984,06:53:07,7
(22)-29-67117,(30)-13-43230,09/14/1984,08:57:08,3225
(61)-15-17667,(61)-03-96020,09/14/1984,08:58:33,128
(21)-18-79137,(21)-20-24751,09/14/1984,09:03:58,312
(42)-10-22621,(58)-08-76422,09/14/1984,11:51:35,609
(20)-14-98329,(51)-04-40843,09/14/1984,16:55:40,155
(77)-09-93934,(28)-22-48502,09/15/1984,01:00:03,1832
(66)-01-43368,(65)-13-20309,09/15/1984,05:43:20,10
(36)-11-96357,(27)-15-16602,09/15/1984,16:04:41,159
(23)-14-99440,(67)-05-80446,09/15/1984,19:12:18,1222
(43)-09-95559,(27)-28-06200,09/15/1984,20:09:11,110
(36)-21-90310,(69)-02-01469,09/16/1984,01:33:48,436
(33)-12-32623,(26)-15-11992,09/16/1984,04:53:17,1946
(27)-20-52456,(47)-05-25985,09/16/1984,06:34:44,773
(48)-09-52171,(59)-02-40222,09/16/1984,08:46:05,1866
(57)-01-80312,(34)-10-97080,09/16/1984,10:29:32,726
(56)-07-31795,(44)-00-96878,09/16/1984,16:10:17,349
(24)-12-07557,(36)-13-55084,09/16/1984,21:10:43,303
(77)-14-45600,(31)-16-92235,09/17/1984,09:41:10,157
(26)-29-08852,(28)-09-85581,09/17/1984,16:40:32,159
(40)-24-32472,(58)-15-68024,09/17/1984,21:01:11,714
(76)-00-76870,(47)-12-03829,09/18/1984,16:16:12,2303
(32)-09-65728,(55)-05-33968,09/18/1984,21:15:39,328
(77)-10-41616,(51)-15-13376,09/19/1984,04:00:51,51
(60)-02-47475,(25)-16-72668,09/19/1984,17:32:25,808
(38)-03-32605,(45)-13-16752,09/20/1984,07:56:30,278
(54)-18-81810,(55)-18-85792,09/20/1984,10:11:19,49
(41)-09-90457,(67)-13-82362,09/20/1984,17:42:34,369
(66)-03-09670,(30)-02-25361,09/20/1984,23:09:14,863
(46)-01-02877,(52)-11-94885,09/20/1984,23:43:07,429
(41)-16-82606,(38)-23-59600,09/21/1984,04:49:55,296
(40)-15-71779,(51)-03-38413,09/21/1984,08:38:35,200
(30)-03-18454,(79)-10-88190,09/21/1984,18:18:56,62
(38)-16-60522,(49)-20-60578,09/21/1984,18:32:57,264
(25)-17-05930,(61)-06-25842,09/22/1984,03:15:03,226
(52)-09-90861,(36)-06-35948,09/22/1984,06:07:35,14
(58)-04-28218,(36)-15-19409,09/22/1984,08:31:50,720
(34)-04-82160,(42)-14-41593,09/22/1984,18:57:07,1020
(56)-00-47679,(54)-10-71778,09/22/1984,22:24:51,207
(71)-11-86799,(74)-08-08563,09/22/1984,22:28:30,195
(36)-19-20706,(31)-00-35317,09/22/1984,23:34:56,90
(28)-16-19741,(60)-03-26747,09/23/1984,07:17:28,3088
(79)-10-63626,(23)-15-01242,09/23/1984,07:46:42,11
(79)-06-27237,(77)-06-91981,09/23/1984,09:30:22,48
(58)-09-16390,(44)-19-80583,09/23/1984,09:30:53,37
(76)-09-81937,(30)-11-46676,09/23/1984,10:52:35,282
(51)-13-94893,(55)-08-00248,09/23/1984,12:51:34,121
(58)-02-64932,(36)-25-87966,09/23/1984,17:34:34,791
(58)-18-50635,(73)-06-89355,09/23/1984,20:43:27,3422
(78)-07-47516,(37)-17-62779,09/24/1984,01:49:44,61
(79)-01-19091,(23)-31-03279,09/24/1984,03:09:43,778
(61)-12-25727,(67)-00-33934,09/24/1984,06:12:10,2117
(61)-05-23304,(57)-07-54211,09/24/1984,09:17:57,2228
(41)-01-49950,(36)-20-33756,09/24/1984,14:34:28,1446
(63)-09-66702,(55)-01-50023,09/24/1984,22:43:28,312
(68)-10-11733,(58)-13-93815,09/25/1984,00:58:08,705
(63)-18-17694,(69)-16-36203,09/25/1984,02:32:18,496
(74)-04-50345,(62)-14-82954,09/25/1984,08:36:56,886
(25)-16-08810,(64)-10-76724,09/25/1984,10:01:40,6960
(26)-16-08625,(51)-13-01650,09/25/1984,12:27:02,288
(67)-00-81693,(53)-10-95654,09/25/1984,13:29:57,740
(33)-28-29912,(76)-00-89463,09/25/1984,19:40:18,270
(52)-01-47976,(38)-13-87118,09/25/1984,19:59:04,411
(30)-04-37371,(79)-05-47789,09/25/1984,23:03:51,633
(39)-16-81645,(55)-05-39046,09/25/1984,23:19:42,817
(58)-00-40740,(75)-10-08007,09/26/1984,02:59:22,1068
(73)-10-41086,(42)-12-61728,09/26/1984,11:32:36,226
(51)-12-14590,(72)-03-05878,09/26/1984,14:13:46,21
(66)-13-38159,(22)-10-54263,09/26/1984,16:03:41,3045
(27)-11-21465,(20)-03-37639,09/26/1984,17:59:23,181
(67)-12-63642,(61)-03-13883,09/26/1984,18:57:49,167
(69)-09-47387,(59)-09-71106,09/26/1984,22:06:28,291
(40)-08-29944,(56)-13-38417,09/27/1984,18:31:09,3524
(36)-22-96548,(21)-07-96246,09/27/1984,19:05:41,1572
(23)-04-10112,(34)-19-71417,09/27/1984,19:24:14,267
(31)-14-44798,(32)-28-42687,09/27/1984,21:17:27,340
(27)-10-11936,(50)-20-72408,09/28/1984,03:56:13,127
(68)-14-01802,(42)-20-31131,09/28/1984,05:47:56,270
(33)-26-71504,(62)-17-97002,09/28/1984,07:03:57,3122
(41)-13-94824,(68)-00-11009,09/28/1984,07:19:49,299
(43)-09-58394,(26)-07-39412,09/28/1984,18:44:21,353
(33)-00-32980,(41)-11-36755,09/29/1984,04:03:23,726
(56)-08-78991,(29)-21-70233,09/29/1984,06:31:40,44
(75)-03-84394,(50)-22-48112,09/29/1984,07:05:36,250
(55)-10-29269,(75)-01-79557,09/29/1984,07:43:03,237
(27)-10-25333,(26)-18-52414,09/29/1984,08:42:11,664
(53)-18-19720,(28)-13-88861,09/29/1984,18:06:25,881
(34)-07-79724,(46)-20-10387,09/29/1984,20:11:35,1380
(41)-06-17093,(29)-07-68115,09/29/1984,21:03:35,267
(52)-04-04486,(46)-13-03112,09/29/1984,21:48:27,9
(29)-21-65962,(25)-07-74912,09/30/1984,01:49:38,9
(43)-07-21803,(69)-01-21306,09/30/1984,05:05:01,483
(26)-28-64598,(61)-01-46374,09/30/1984,06:38:46,489
(24)-23-18218,(50)-12-75663,09/30/1984,10:53:09,69
(76)-09-96373,(50)-10-92402,09/30/1984,11:08:16,3492
(76)-01-49436,(60)-16-20088,09/30/1984,11:10:19,81
(32)-26-29871,(42)-24-47598,09/30/1984,18:16:18,2918
(48)-05-89241,(32)-06-04753,09/30/1984,18:25:29,34
(38)-27-25806,(70)-15-65726,09/30/1984,21:48:08,1179
(44)-14-37130,(70)-01-26705,10/01/1984,16:51:20,2766
(45)-20-43241,(64)-03-71104,10/01/1984,19:57:19,181
(40)-18-05385,(64)-12-27327,10/01/1984,21:11:47,67
(24)-16-85740,(38)-15-69588,10/01/1984,23:18:14,1403
(65)-16-30971,(40)-08-13517,10/02/1984,03:39:50,484
(61)-15-17667,(34)-01-68102,10/02/1984,16:09:34,835
(65)-07-95476,(55)-20-32387,10/02/1984,16:32:10,106
(53)-15-92769,(55)-08-97208,10/02/1984,17:38:40,620
(43)-16-22932,(76)-11-26954,10/02/1984,18:22:53,388
(68)-04-58057,(63)-16-90748,10/03/1984,14:36:30,85
(51)-19-46490,(63)-01-86176,10/03/1984,18:29:16,301
(73)-10-14556,(77)-13-12971,10/03/1984,20:32:26,16
(35)-27-63548,(20)-27-50132,10/04/1984,00:52:11,260
(58)-01-26510,(30)-19-38777,10/04/1984,04:59:23,927
(44)-23-92619,(75)-12-56183,10/04/1984,06:38:41,1043
(69)-11-72348,(53)-04-26656,10/04/1984,08:19:29,519
(20)-19-68015,(34)-03-92943,10/04/1984,18:16:50,952
(79)-12-17195,(34)-09-87537,10/04/1984,21:38:39,975
(35)-17-58149,(30)-27-60554,10/04/1984,22:40:20,524
(73)-05-93107,(49)-04-75199,10/05/1984,00:52:43,1955
(30)-07-15941,(29)-21-88710,10/05/1984,06:44:55,265
(43)-20-98961,(66)-10-12517,10/05/1984,06:52:21,81
(61)-17-62342,(26)-08-40146,10/05/1984,17:48:49,460
(65)-08-53960,(41)-25-50642,10/05/1984,19:40:03,206
(31)-28-10075,(29)-25-47756,10/06/1984,07:28:33,298
(54)-13-65543,(49)-22-15134,10/06/1984,13:48:01,799
(64)-15-66907,(56)-03-38911,10/06/1984,16:46:35,188
(23)-24-29911,(55)-18-61619,10/06/1984,17:36:54,197
(57)-06-86088,(31)-09-23278,10/06/1984,19:08:52,2068
(62)-18-26253,(47)-15-67491,10/06/1984,19:46:44,2099
(51)-14-03389,(38)-23-59600,10/06/1984,22:20:45,545
(57)-14-76998,(78)-00-56292,10/06/1984,23:01:49,604
(65)-01-89317,(31)-04-80046,10/06/1984,23:51:07,5385
(55)-02-62860,(33)-02-20199,10/07/1984,01:56:43,3521
(40)-23-74446,(57)-14-74456,10/07/1984,11:03:32,35
(72)-02-81718,(40)-09-41585,10/07/1984,14:20:49,146
(22)-06-73696,(55)-21-96276,10/07/1984,20:21:30,269
(73)-00-34445,(67)-13-89856,10/08/1984,10:46:20,829
(22)-24-96294,(42)-14-16951,10/08/1984,13:41:34,267
(79)-03-33763,(53)-09-02024,10/09/1984,00:51:35,129
(28)-30-94438,(68)-11-90232,10/09/1984,09:47:28,872
(50)-01-95173,(40)-12-19967,10/09/1984,09:52:00,831
(57)-20-40832,(49)-12-16918,10/09/1984,10:57:35,448
(67)-09-75042,(77)-07-67143,10/09/1984,17:21:12,660
(47)-17-15692,(68)-00-63280,10/09/1984,18:02:30,152
(51)-04-13633,(31)-01-91308,10/09/1984,19:36:13,824
(79)-02-92928,(41)-21-49025,10/09/1984,21:49:06,767
(61)-17-80881,(46)-15-59101,10/10/1984,04:15:51,22
(75)-13-87815,(36)-27-38049,10/10/1984,06:14:20,206
(22)-04-23365,(47)-12-31981,10/10/1984,08:32:10,197
(45)-18-41945,(56)-08-32963,10/10/1984,10:57:23,170
(76)-14-64106,(62)-00-36502,10/10/1984,19:22:12,563
(32)-28-63375,(40)-07-07553,10/11/1984,05:05:21,2409
(48)-05-31633,(45)-20-12546,10/11/1984,09:01:06,575
(42)-16-98868,(30)-21-35781,10/11/1984,09:18:56,67
(71)-12-35920,(23)-12-06480,10/11/1984,17:00:08,324
(63)-18-93343,(59)-00-65231,10/11/1984,18:02:46,26
(42)-22-56390,(48)-19-56328,10/12/1984,10:40:45,295
(75)-03-28068,(46)-15-37486,10/12/1984,10:42:44,232
(21)-25-20378,(21)-15-93017,10/13/1984,01:56:06,653
(59)-15-45866,(72)-01-45136,10/13/1984,06:09:43,95
(27)-03-17236,(76)-05-94504,10/13/1984,12:54:50,277
(74)-02-48415,(25)-00-74207,10/13/1984,13:46:43,374
(48)-14-07003,(39)-16-91855,10/13/1984,16:37:21,71
(42)-08-70681,(76)-14-42792,10/13/1984,21:12:37,77
(28)-10-56644,(77)-06-97313,10/14/1984,02:15:39,266
(32)-12-10192,(51)-10-20382,10/14/1984,04:36:35,95
(50)-10-50925,(79)-03-17640,10/14/1984,05:51:35,40
(37)-21-20191,(24)-05-83368,10/14/1984,18:12:05,2892
(39)-15-31260,(39)-25-30075,10/15/1984,00:37:15,47
(64)-13-24855,(58)-07-96628,10/15/1984,07:21:09,567
(60)-15-60588,(22)-25-63811,10/15/1984,07:58:44,1355
(78)-11-35560,(58)-12-24649,10/15/1984,20:34:22,353
(75)-10-18216,(77)-13-53263,10/15/1984,22:50:28,2646
(20)-20-60676,(58)-12-56105,10/15/1984,22:56:57,461
(59)-05-51783,(25)-01-48668,10/16/1984,12:20:04,833
(66)-04-66820,(44)-12-37767,10/16/1984,15:11:43,835
(46)-14-76592,(72)-08-81901,10/16/1984,15:33:45,2868
(60)-07-05393,(70)-12-84749,10/16/1984,22:20:44,37
(40)-09-12614,(40)-00-28352,10/16/1984,22:41:43,214
(50)-12-51694,(79)-04-54564,10/17/1984,06:26:19,35
(50)-01-78025,(25)-31-22566,10/17/1984,16:47:53,667
(63)-10-97739,(68)-10-00916,10/17/1984,18:22:36,1032
(54)-09-83434,(54)-06-06137,10/17/1984,20:00:06,1784
(48)-14-45134,(22)-31-66755,10/17/1984,22:56:46,261
(34)-01-29149,(65)-03-81379,10/18/1984,01:37:14,4061
(26)-00-90741,(53)-19-38525,10/18/1984,18:16:06,1865
(58)-19-38534,(58)-13-63494,10/18/1984,20:43:59,143
(73)-09-37470,(24)-10-27597,10/19/1984,03:20:35,287
(65)-03-95392,(55)-11-91304,10/19/1984,08:57:29,267
(53)-05-64137,(31)-29-11069,10/19/1984,19:18:05,1553
(40)-01-09802,(49)-23-92756,10/20/1984,00:43:38,267
(53)-11-22067,(65)-13-61491,10/20/1984,00:51:33,288
(77)-01-38714,(44)-18-61633,10/20/1984,01:01:19,2156
(29)-12-37591,(26)-04-35372,10/20/1984,02:26:26,849
(79)-12-47105,(68)-04-36652,10/20/1984,03:38:37,807
(34)-05-25983,(34)-21-74934,10/20/1984,05:05:53,531
(45)-06-66743,(40)-03-86066,10/21/1984,02:56:51,2597
(31)-12-41256,(73)-12-39280,10/21/1984,08:05:44,394
(60)-03-26747,(46)-11-35070,10/21/1984,12:08:11,819
(67)-04-57021,(33)-03-69550,10/21/1984,18:17:47,92
(63)-02-29258,(72)-00-60009,10/21/1984,22:57:33,647
(48)-10-66133,(45)-03-52699,10/22/1984,21:31:11,775
(69)-16-41579,(55)-00-27943,10/23/1984,00:35:16,320
(62)-00-82217,(34)-19-61053,10/23/1984,04:40:29,451
(33)-09-69762,(77)-07-69854,10/23/1984,18:41:16,188
(38)-23-98306,(42)-08-36392,10/24/1984,00:28:18,275
(61)-14-96245,(70)-12-75405,10/24/1984,05:40:57,232
(22)-03-71383,(29)-06-09039,10/24/1984,08:16:54,206
(51)-05-19730,(67)-15-84718,10/24/1984,12:40:52,898
(27)-06-95024,(60)-09-86278,10/24/1984,23:54:39,928
(54)-02-30439,(35)-10-55657,10/25/1984,07:45:59,1501
(24)-16-87914,(76)-14-77176,10/25/1984,11:13:49,2839
(71)-06-83353,(73)-13-59345,10/25/1984,13:48:06,241
(24)-18-52275,(39)-02-65845,10/25/1984,21:39:42,604
(79)-03-22659,(65)-09-78511,10/26/1984,00:32:00,64
(65)-12-47572,(40)-17-29274,10/26/1984,02:14:34,144
(21)-06-60718,(77)-00-26440,10/26/1984,07:52:19,3439
(38)-02-09610,(71)-03-88731,10/26/1984,11:53:08,157
(58)-04-17428,(31)-03-66413,10/26/1984,11:54:51,211
(76)-04-87185,(25)-18-72702,10/27/1984,20:34:23,570
(52)-09-36753,(78)-00-38912,10/27/1984,23:06:43,9
(53)-17-23426,(45)-23-73155,10/28/1984,01:52:53,3008
(26)-15-55331,(76)-05-46673,10/28/1984,13:02:29,290
(42)-23-91430,(70)-07-56737,10/28/1984,17:15:19,31
(69)-01-40822,(45)-16-80394,10/28/1984,19:36:41,490
(38)-23-17917,(60)-00-69159,10/29/1984,09:20:29,152
(64)-09-43668,(27)-21-01318,10/29/1984,12:24:22,763
(44)-14-19870,(47)-18-55452,10/29/1984,18:15:52,252
(23)-12-04808,(48)-23-38123,10/29/1984,19:39:20,5369
(74)-10-84270,(48)-01-23239,10/30/1984,00:55:40,277
(31)-27-30292,(79)-00-96127,10/30/1984,03:01:02,260
(62)-11-06298,(72)-07-38600,10/30/1984,05:11:00,523
(62)-11-67238,(79)-02-95614,10/30/1984,05:55:36,5
(51)-08-83129,(62)-12-98875,10/30/1984,08:51:50,255
(59)-11-78924,(36)-06-16813,10/30/1984,10:54:52,2857
(66)-13-32432,(67)-16-76231,10/30/1984,17:37:01,311
(78)-07-27547,(63)-08-60781,10/31/1984,02:37:57,38
(45)-00-84337,(63)-17-11966,10/31/1984,07:37:15,2331
(24)-04-66386,(70)-11-58379,11/01/1984,03:19:58,476
(53)-20-40219,(70)-09-63741,11/01/1984,03:47:09,595
(77)-07-64935,(22)-24-31645,11/01/1984,07:20:47,219
(54)-21-82128,(77)-04-64363,11/01/1984,10:01:36,652
(30)-19-79923,(66)-06-17712,11/01/1984,15:03:24,819
(21)-07-57921,(28)-12-04905,11/01/1984,15:11:02,136
(70)-13-27783,(28)-02-87043,11/01/1984,21:14:29,144
(69)-04-82609,(54)-02-50144,11/02/1984,11:08:18,197
(47)-06-71623,(46)-16-97958,11/02/1984,12:38:51,1204
(70)-04-79025,(59)-05-84521,11/02/1984,23:15:50,2398
(63)-02-55157,(71)-14-99204,11/03/1984,05:53:20,354
(22)-20-00635,(67)-09-48273,11/03/1984,05:57:38,645
(72)-08-72210,(33)-16-68362,11/03/1984,07:55:11,115
(35)-01-54810,(78)-06-14796,11/03/1984,14:28:30,543
(53)-08-20740,(73)-13-88205,11/03/1984,19:24:24,195
(33)-20-90735,(40)-01-30142,11/03/1984,21:01:20,278
(40)-21-40264,(39)-18-84693,11/03/1984,21:55:15,293
(22)-05-98802,(25)-19-97411,11/03/1984,23:27:13,3347
(29)-28-83328,(76)-05-17692,11/03/1984,23:49:03,3309
(38)-16-76694,(52)-08-23145,11/04/1984,00:41:16,415
(58)-02-20530,(75)-09-49470,11/04/1984,04:20:11,274
(20)-26-99368,(66)-06-70437,11/04/1984,07:05:06,351
(59)-16-39727,(79)-05-89754,11/04/1984,09:04:44,9
(33)-22-15967,(52)-18-48605,11/04/1984,12:00:52,411
(51)-05-87476,(62)-08-43105,11/04/1984,14:29:15,293
(51)-07-91783,(64)-16-57258,11/04/1984,14:59:27,151
(78)-11-95732,(78)-01-38939,11/04/1984,19:32:47,275
(79)-01-72405,(69)-06-97491,11/04/1984,21:01:30,179
(66)-00-47766,(42)-06-60930,11/05/1984,00:38:45,800
(54)-11-62705,(35)-06-20571,11/05/1984,02:27:01,5
(36)-17-25026,(53)-17-81249,11/05/1984,02:53:34,608
(41)-26-60254,(61)-00-14360,11/05/1984,05:02:47,1648
(21)-32-22670,(60)-07-78970,11/05/1984,05:35:25,2692
(78)-01-79715,(50)-03-08693,11/05/1984,07:58:36,298
(44)-22-41467,(26)-14-63837,11/05/1984,09:35:41,144
(59)-03-78469,(41)-13-28227,11/05/1984,10:08:34,791
(24)-17-35771,(75)-10-51907,11/05/1984,10:41:39,686
(68)-09-73912,(71)-04-37747,11/05/1984,17:40:26,793
(21)-07-64610,(63)-06-08686,11/05/1984,23:54:50,104
(66)-11-65278,(52)-06-90732,11/06/1984,01:24:24,269
(43)-08-30165,(37)-15-82100,11/06/1984,02:57:17,725
(33)-11-38743,(41)-19-73724,11/06/1984,04:29:45,185
(68)-10-87855,(28)-22-98468,11/06/1984,11:58:50,557
(38)-20-82462,(30)-00-24393,11/06/1984,12:15:51,783
(50)-15-41872,(22)-16-52016,11/06/1984,13:25:37,296
(34)-04-64554,(58)-08-75579,11/06/1984,14:16:45,1195
(41)-13-61114,(56)-05-96895,11/06/1984,18:04:06,651
(45)-11-04432,(78)-03-90973,11/07/1984,09:57:28,1821
(66)-12-01170,(70)-10-72455,11/07/1984,10:13:48,557
(37)-02-51679,(32)-21-70657,11/07/1984,16:19:04,129
(42)-11-26609,(21)-13-67468,11/07/1984,23:13:07,200
(51)-13-49253,(48)-13-31795,11/08/1984,01:41:07,105
(54)-14-55578,(62)-18-27946,11/08/1984,04:22:49,2906
(41)-02-19807,(75)-05-65005,11/08/1984,09:29:17,38
(36)-22-37891,(78)-11-74867,11/08/1984,16:58:43,21
(57)-08-62232,(28)-06-42638,11/08/1984,22:30:23,2760
(37)-02-99243,(43)-23-07968,11/09/1984,05:08:46,694
(67)-10-22290,(38)-15-89730,11/09/1984,08:45:38,853
(71)-06-95529,(33)-01-32604,11/09/1984,09:24:32,384
(46)-07-40687,(34)-12-47267,11/09/1984,15:07:39,3499
(27)-13-71535,(53)-07-25167,11/09/1984,19:19:36,723
(26)-09-46987,(41)-03-66412,11/10/1984,02:11:58,110
(60)-00-63553,(24)-01-56463,11/10/1984,02:21:00,408
(41)-15-45057,(51)-21-77609,11/10/1984,03:11:07,2549
(66)-11-27187,(71)-09-13580,11/10/1984,06:45:30,118
(37)-26-03230,(63)-07-62573,11/10/1984,16:25:28,1432
(60)-01-28712,(58)-13-92225,11/10/1984,22:20:19,338
(61)-03-70920,(46)-11-27624,11/11/1984,01:43:23,2138
(54)-03-62144,(51)-19-25344,11/11/1984,06:07:31,742
(39)-17-04173,(27)-05-57452,11/11/1984,17:18:40,490
(48)-11-76919,(46)-04-85263,11/12/1984,01:42:04,2484
(64)-08-28656,(32)-01-21479,11/12/1984,05:33:03,604
(37)-17-14328,(40)-05-00847,11/12/1984,07:55:45,163
(52)-22-33366,(35)-03-86548,11/12/1984,16:01:06,297
(30)-12-52622,(79)-06-22431,11/12/1984,16:26:47,2070
(74)-14-33627,(21)-08-75563,11/12/1984,19:01:01,181
(52)-15-61681,(34)-04-18930,11/12/1984,22:41:21,24
(52)-01-46852,(63)-11-56958,11/13/1984,00:31:24,488
(73)-09-16698,(42)-22-21435,11/13/1984,14:39:22,612
(21)-23-22671,(63)-18-80364,11/13/1984,16:33:12,14
(46)-10-04340,(51)-13-57904,11/13/1984,17:53:42,250
(54)-11-85565,(38)-19-41060,11/13/1984,20:25:30,297
(45)-24-91557,(78)-10-63933,11/13/1984,22:40:53,171
(32)-00-28630,(37)-07-23038,11/14/1984,01:36:54,218
(52)-21-79433,(76)-06-99982,11/14/1984,04:42:13,310
(44)-23-68058,(58)-11-93765,11/14/1984,12:14:48,2656
(67)-07-79602,(21)-22-27515,11/14/1984,16:46:27,399
(34)-12-59867,(39)-16-35689,11/14/1984,19:16:39,243
(59)-16-02646,(27)-01-78520,11/14/1984,19:36:42,288
(48)-17-27154,(36)-26-92245,11/15/1984,01:57:55,842
(25)-20-36104,(56)-12-00140,11/15/1984,04:47:05,1863
(66)-16-73835,(65)-17-02747,11/15/1984,08:38:28,16
(33)-02-49454,(31)-12-65435,11/15/1984,08:47:35,275
(51)-06-48392,(40)-20-64336,11/15/1984,12:55:40,350
(25)-17-60927,(48)-09-38343,11/15/1984,14:04:48,109
(36)-24-06071,(49)-19-64537,11/15/1984,20:33:43,363
(49)-11-19536,(52)-10-36575,11/15/1984,22:16:29,372
(68)-01-05326,(52)-02-77459,11/16/1984,04:39:48,136
(51)-08-24471,(23)-27-77432,11/16/1984,04:49:03,50
(61)-18-00455,(36)-17-52231,11/16/1984,06:32:48,677
(20)-18-83631,(53)-10-81133,11/16/1984,08:41:24,851
(32)-29-87624,(32)-16-37709,11/17/1984,01:10:44,136
(21)-19-63106,(31)-12-73938,11/17/1984,01:27:32,735
(44)-18-55254,(48)-22-35970,11/17/1984,02:12:32,1007
(77)-12-96189,(56)-08-21839,11/17/1984,02:56:24,266
(76)-04-14789,(58)-01-61977,11/17/1984,03:27:17,181
(60)-16-06286,(23)-07-36499,11/17/1984,04:27:16,1608
(45)-15-95132,(71)-07-26212,11/17/1984,10:20:40,1284
(34)-28-98030,(50)-10-92255,11/17/1984,10:40:39,262
(60)-06-21529,(63)-08-31697,11/17/1984,11:14:22,295
(68)-14-03223,(29)-19-40636,11/17/1984,11:37:27,725
(31)-25-60695,(39)-15-81201,11/17/1984,14:29:30,756
(50)-22-05229,(40)-04-31348,11/17/1984,16:08:55,82
(45)-04-30530,(23)-06-34368,11/17/1984,16:36:49,76
(20)-10-89829,(58)-13-07034,11/17/1984,21:41:27,3469
(73)-04-85284,(29)-07-46036,11/18/1984,01:16:57,1301
(70)-16-04530,(31)-00-14158,11/18/1984,04:59:42,260
(56)-17-65593,(56)-18-76108,11/18/1984,05:15:31,247
(66)-07-16477,(77)-08-53975,11/18/1984,06:29:02,20
(24)-28-51259,(20)-33-54822,11/18/1984,06:54:52,52
(61)-10-41875,(74)-13-68010,11/18/1984,09:42:13,89
(32)-15-92687,(31)-06-10203,11/18/1984,18:50:35,234
(26)-20-54578,(64)-08-52657,11/18/1984,19:23:16,71
(70)-16-84513,(40)-12-30112,11/18/1984,21:48:38,6851
(41)-07-17043,(61)-04-20788,11/19/1984,01:37:51,51
(56)-15-30593,(52)-19-92944,11/19/1984,05:16:27,9
(60)-13-08413,(30)-17-23451,11/19/1984,08:40:56,150
(73)-01-27513,(63)-00-71911,11/19/1984,09:02:38,318
(24)-15-08064,(48)-23-71035,11/19/1984,14:32:00,151
(70)-13-08331,(21)-15-93017,11/19/1984,18:30:50,56
(59)-14-92891,(54)-17-20996,11/19/1984,19:27:33,219
(72)-10-68597,(57)-05-56258,11/20/1984,08:16:51,872
(40)-11-69685,(63)-04-61246,11/20/1984,13:21:02,663
(54)-02-11820,(78)-03-32901,11/20/1984,13:38:55,3083
(74)-06-04650,(28)-10-14698,11/20/1984,22:57:59,794
(41)-19-71318,(20)-18-05958,11/20/1984,23:14:56,10
(72)-07-02155,(20)-10-00406,11/21/1984,12:29:43,246
(70)-06-13846,(63)-08-56668,11/21/1984,13:24:20,87
(22)-00-98798,(37)-05-36416,11/21/1984,18:44:35,315
(46)-17-43938,(64)-04-18924,11/21/1984,23:55:43,66
(64)-18-76544,(26)-09-84680,11/22/1984,03:21:54,21
(37)-23-65693,(45)-07-19350,11/22/1984,05:13:30,362
(57)-01-54149,(75)-06-84069,11/22/1984,09:03:41,281
(68)-17-02716,(44)-14-68937,11/22/1984,10:28:15,1644
(39)-25-17328,(47)-15-90998,11/22/1984,11:38:44,3357
(32)-13-31509,(73)-10-22117,11/22/1984,13:32:01,285
(21)-08-76505,(75)-12-31082,11/22/1984,20:05:20,1542
(46)-23-12086,(65)-13-28253,11/23/1984,09:41:24,311
(47)-10-01959,(68)-08-55593,11/23/1984,14:06:39,62
(42)-07-54417,(63)-06-92003,11/23/1984,20:19:36,222
(21)-30-74515,(49)-23-53405,11/23/1984,22:25:32,22
(78)-10-12365,(55)-19-14468,11/23/1984,23:35:36,59
(67)-04-67399,(79)-09-13609,11/24/1984,06:06:58,142
(51)-22-29517,(68)-17-23273,11/24/1984,10:28:12,118
(24)-16-75759,(57)-15-42964,11/24/1984,13:19:14,71
(68)-13-65924,(57)-05-97605,11/24/1984,13:28:06,53
(55)-11-71207,(36)-15-96721,11/24/1984,18:26:08,113
(52)-11-71335,(58)-20-09319,11/24/1984,23:35:33,895
(33)-25-24672,(24)-04-99190,11/25/1984,11:03:20,143
(42)-07-08722,(70)-14-03186,11/25/1984,12:19:14,96
(53)-00-25451,(77)-11-43968,11/25/1984,14:58:20,6689
(35)-08-35849,(40)-21-70952,11/25/1984,22:37:41,428
(22)-24-95952,(77)-09-24263,11/25/1984,23:30:01,3311
(50)-00-99940,(38)-00-87561,11/26/1984,05:03:58,242
(69)-05-31001,(77)-06-94139,11/26/1984,14:13:38,236
(35)-12-50365,(45)-00-93507,11/26/1984,15:01:27,411
(20)-12-23583,(48)-03-32197,11/26/1984,22:27:34,545
(30)-07-03788,(20)-16-38043,11/26/1984,23:47:29,236
(58)-03-14606,(69)-12-03216,11/27/1984,05:12:36,853
(22)-08-83253,(51)-08-75448,11/27/1984,12:28:10,3123
(63)-11-13953,(59)-01-30524,11/27/1984,13:36:29,250
(33)-18-19437,(45)-12-98808,11/27/1984,14:06:30,394
(55)-17-27118,(68)-01-94875,11/27/1984,19:57:47,129
(36)-10-96110,(36)-27-42069,11/27/1984,22:40:50,695
(69)-02-69095,(64)-16-41152,11/28/1984,02:12:01,4034
(32)-26-62987,(36)-13-05584,11/28/1984,04:41:27,581
(73)-01-65816,(74)-02-16975,11/28/1984,12:48:49,3441
(41)-06-90583,(71)-04-37747,11/28/1984,17:04:45,494
(36)-09-01270,(38)-02-31575,11/29/1984,18:26:02,46
(64)-11-32246,(66)-06-08287,11/30/1984,01:36:13,335
(24)-27-05830,(20)-00-88494,11/30/1984,06:08:04,267
(68)-04-34239,(71)-14-28139,11/30/1984,07:08:09,225
(49)-00-95098,(22)-02-17044,11/30/1984,10:40:17,2054
(24)-00-91527,(47)-19-64703,11/30/1984,15:59:01,267
(70)-00-43004,(36)-19-27310,11/30/1984,17:28:44,898
(70)-09-67081,(61)-10-94538,11/30/1984,20:11:23,798
(53)-20-54224,(36)-07-57782,12/01/1984,02:58:53,748
(47)-12-08760,(53)-01-17959,12/01/1984,05:25:20,171
(65)-12-47572,(27)-00-39740,12/01/1984,10:28:35,86
(27)-15-47492,(66)-08-20187,12/01/1984,13:17:02,223
(64)-09-11422,(30)-28-89886,12/02/1984,01:42:54,170
(21)-31-57832,(23)-16-50369,12/02/1984,01:52:21,174
(62)-05-50113,(43)-05-23879,12/02/1984,02:52:26,134
(79)-11-03061,(46)-23-77235,12/02/1984,02:59:53,299
(72)-10-70656,(61)-12-67278,12/02/1984,08:58:20,196
(70)-15-16926,(62)-04-97181,12/02/1984,09:01:07,92
(76)-02-61315,(20)-18-89382,12/02/1984,10:29:21,19
(42)-03-84499,(64)-16-39667,12/02/1984,10:51:23,872
(24)-01-29880,(76)-04-92893,12/02/1984,11:14:31,702
(36)-22-28591,(40)-21-65431,12/02/1984,13:28:53,19
(63)-17-28611,(41)-05-40908,12/03/1984,05:53:30,283
(24)-00-99974,(66)-10-36981,12/03/1984,12:07:15,691
(76)-00-05862,(64)-10-53905,12/03/1984,18:07:56,121
(69)-08-97507,(73)-01-13035,12/03/1984,20:07:54,149
(43)-10-94028,(62)-03-89417,12/03/1984,21:42:45,172
(63)-10-07727,(44)-05-03789,12/03/1984,23:01:06,71
(44)-00-79268,(27)-27-94230,12/04/1984,02:39:52,171
(29)-01-91867,(59)-20-16173,12/04/1984,09:46:19,1334
(38)-05-02596,(62)-09-59803,12/05/1984,01:30:58,933
(67)-05-60841,(23)-15-35687,12/05/1984,14:15:09,572
(42)-08-66951,(27)-23-19450,12/05/1984,14:37:13,528
(74)-11-98571,(71)-08-46916,12/05/1984,18:12:00,888
(63)-04-13522,(40)-10-08608,12/05/1984,18:47:37,1650
(53)-20-27842,(31)-29-32789,12/05/1984,21:04:03,3360
(70)-15-02305,(26)-17-02085,12/06/1984,01:04:16,263
(39)-12-69817,(31)-00-05389,12/06/1984,08:13:35,197
(73)-14-96136,(62)-16-54087,12/06/1984,23:20:42,72
(57)-00-14709,(47)-18-63773,12/07/1984,03:39:51,1812
(21)-31-42708,(55)-17-95470,12/07/1984,04:34:24,509
(40)-26-60173,(61)-16-94173,12/07/1984,05:09:19,2289
(57)-14-87065,(36)-26-55281,12/07/1984,15:59:37,286
(27)-25-74936,(57)-10-69106,12/08/1984,06:59:35,204
(45)-04-06820,(39)-17-99732,12/08/1984,07:37:50,11
(38)-06-89756,(39)-05-08837,12/08/1984,09:06:53,223
(73)-06-21775,(74)-14-07943,12/08/1984,09:34:41,83
(24)-24-10836,(64)-14-47894,12/08/1984,14:39:46,149
(36)-18-90697,(56)-14-01558,12/08/1984,18:45:32,3045
(58)-18-52867,(74)-09-50359,12/09/1984,00:47:07,1154
(55)-17-76250,(68)-07-49988,12/09/1984,05:55:05,1661
(74)-06-60079,(67)-12-15534,12/09/1984,10:08:04,220
(35)-15-30797,(55)-15-86701,12/09/1984,12:37:50,178
(49)-09-31500,(45)-09-05637,12/09/1984,22:05:21,337
(70)-09-17748,(46)-04-42479,12/10/1984,01:02:38,676
(61)-13-25694,(38)-22-77567,12/10/1984,02:32:22,84
(70)-13-70486,(41)-04-55605,12/10/1984,13:03:38,233
(52)-03-65865,(77)-10-21866,12/10/1984,21:49:18,904
(30)-04-60462,(66)-05-11656,12/11/1984,10:04:58,1638
(44)-05-77002,(41)-15-62806,12/11/1984,18:52:46,873
(50)-14-74185,(66)-01-11738,12/11/1984,19:32:38,3144
(29)-06-35218,(51)-04-40248,12/11/1984,21:35:24,204
(29)-09-66977,(65)-03-81116,12/12/1984,00:23:07,230
(71)-00-66984,(28)-02-39798,12/12/1984,01:31:32,88
(77)-09-79414,(29)-08-09695,12/12/1984,03:27:53,1262
(47)-18-99029,(79)-02-17454,12/12/1984,07:40:50,2444
(22)-16-09137,(28)-24-90148,12/12/1984,11:10:13,67
(27)-29-54758,(73)-14-34945,12/12/1984,16:32:01,630
(22)-04-11863,(65)-11-63571,12/12/1984,16:34:09,83
(70)-12-32766,(28)-10-33566,12/12/1984,18:41:22,80
(54)-03-36952,(24)-01-01800,12/12/1984,18:45:18,708
(45)-12-69093,(27)-17-23074,12/13/1984,04:39:06,35
(48)-13-06277,(53)-09-22484,12/13/1984,05:02:17,537
(69)-05-25042,(67)-00-40521,12/13/1984,23:49:37,2912
(20)-25-64722,(29)-04-88332,12/14/1984,09:00:44,775
(29)-10-09579,(56)-12-43750,12/14/1984,12:30:43,619
(72)-03-39171,(77)-02-45178,12/14/1984,14:22:46,142
(70)-03-96715,(28)-17-41366,12/14/1984,21:15:22,1245
(31)-02-96375,(47)-18-89700,12/15/1984,01:22:20,121
(26)-18-84179,(73)-06-61243,12/15/1984,12:23:09,879
(34)-24-30270,(51)-07-20249,12/15/1984,14:21:04,3440
(25)-29-77029,(63)-18-28835,12/15/1984,17:12:30,71
(33)-06-13701,(36)-14-94264,12/15/1984,17:49:44,155
(65)-11-23344,(39)-00-30169,12/16/1984,02:58:15,155
(46)-20-49880,(66)-03-84436,12/16/1984,03:57:21,295
(41)-00-84103,(46)-02-80356,12/16/1984,04:15:42,2028
(56)-04-40881,(77)-07-22942,12/16/1984,14:05:07,72
(52)-08-73469,(27)-12-75276,12/16/1984,16:50:36,30
(72)-00-59896,(57)-02-48865,12/16/1984,21:49:04,130
(45)-04-33515,(27)-21-54745,12/17/1984,00:35:34,209
(54)-08-47735,(56)-20-52430,12/17/1984,08:17:35,43
(25)-07-05864,(46)-13-03112,12/17/1984,11:58:05,80
(49)-02-24339,(36)-16-98137,12/17/1984,13:37:10,687
(69)-06-30280,(41)-17-83738,12/17/1984,16:41:45,3443
(58)-07-36985,(65)-18-99431,12/17/1984,18:59:24,620
(68)-06-46332,(43)-17-89932,12/18/1984,01:10:00,278
(21)-30-66412,(24)-05-23685,12/18/1984,01:58:37,72
(38)-01-77881,(29)-29-61598,12/18/1984,02:09:10,733
(60)-10-34738,(43)-19-56985,12/18/1984,03:25:47,171
(61)-19-35308,(74)-00-23742,12/18/1984,09:27:04,228
(48)-21-43407,(43)-16-83905,12/18/1984,14:19:24,889
(70)-04-95024,(64)-00-30184,12/18/1984,14:40:07,1011
(35)-11-61197,(60)-03-89370,12/18/1984,20:00:05,225
(68)-10-29577,(77)-14-47042,12/18/1984,20:33:15,597
(30)-22-27135,(43)-12-87482,12/18/1984,21:36:28,755
(67)-12-82813,(44)-12-08476,12/19/1984,10:41:47,12
(41)-22-80613,(71)-15-40638,12/19/1984,13:32:20,219
(70)-02-10936,(77)-05-67255,12/19/1984,17:15:10,242
(26)-04-30040,(60)-12-08612,12/20/1984,02:00:55,2943
(21)-09-48532,(71)-12-53992,12/20/1984,09:01:48,243
(67)-06-56732,(54)-18-93377,12/20/1984,09:41:33,685
(76)-13-26403,(79)-09-14110,12/20/1984,10:05:49,157
(25)-29-68650,(59)-11-14084,12/20/1984,16:48:43,79
(64)-17-94918,(39)-01-39697,12/20/1984,18:23:40,286
(31)-14-39006,(53)-16-43632,12/20/1984,22:04:30,3066
(65)-08-73909,(34)-19-15737,12/20/1984,23:05:53,59
(55)-18-35708,(77)-02-60914,12/22/1984,02:17:55,3271
(61)-02-85086,(55)-15-91118,12/22/1984,07:42:48,10
(51)-01-71199,(69)-04-72855,12/22/1984,12:00:22,34
(73)-14-97206,(71)-02-37855,12/22/1984,18:54:49,272
(66)-00-62528,(57)-16-52576,12/22/1984,19:23:11,250
(60)-15-13342,(55)-21-96994,12/22/1984,22:02:42,844
(54)-07-46356,(72)-07-49729,12/22/1984,22:05:47,587
(30)-11-50746,(33)-07-09198,12/22/1984,23:39:56,256
(24)-13-13819,(63)-00-64074,12/23/1984,04:36:39,812
(22)-14-78449,(54)-15-33802,12/24/1984,00:47:42,82
(66)-11-55885,(35)-10-45573,12/24/1984,01:09:20,318
(30)-02-83608,(44)-08-56289,12/24/1984,02:37:40,178
(35)-26-48610,(45)-17-77695,12/24/1984,04:12:09,1297
(43)-11-99396,(53)-03-54969,12/24/1984,05:42:00,1671
(66)-06-17508,(75)-12-60071,12/24/1984,11:20:15,200
(55)-08-71081,(46)-17-75064,12/24/1984,19:38:25,66
(68)-00-52318,(23)-08-31733,12/24/1984,21:23:36,841
(75)-06-28362,(59)-12-04590,12/25/1984,03:46:36,3471
(55)-11-63302,(61)-17-26287,12/25/1984,06:10:15,322
(77)-05-58435,(75)-03-36686,12/25/1984,10:32:45,98
(64)-12-34585,(44)-01-95395,12/25/1984,12:21:52,3095
(62)-11-42340,(24)-29-48246,12/26/1984,04:21:21,157
(27)-04-72337,(53)-02-56592,12/26/1984,04:56:43,678
(54)-16-83991,(55)-02-67700,12/26/1984,07:32:19,96
(62)-18-91108,(79)-10-37713,12/26/1984,15:29:52,548
(79)-10-43350,(47)-21-25362,12/27/1984,01:40:24,377
(75)-09-38068,(30)-15-10014,12/27/1984,02:30:52,236
(48)-19-79457,(73)-01-07799,12/27/1984,07:24:50,429
(56)-09-27376,(21)-30-40827,12/27/1984,11:08:56,2609
(45)-04-81840,(47)-20-46780,12/27/1984,18:13:35,32
(72)-04-00606,(34)-04-65321,12/27/1984,18:55:27,3371
(22)-00-79452,(70)-03-93273,12/28/1984,04:18:30,228
(72)-12-75521,(36)-20-96681,12/28/1984,23:03:59,259
(58)-02-85901,(57)-03-52669,12/29/1984,04:25:32,933
(36)-09-40105,(66)-02-89090,12/29/1984,08:21:05,862
(26)-22-22336,(54)-01-19365,12/29/1984,12:51:24,175
(28)-24-92284,(43)-06-92261,12/29/1984,14:34:38,758
(40)-00-61794,(72)-01-30096,12/30/1984,05:27:20,7179
(76)-11-48037,(43)-07-94356,12/30/1984,08:42:34,31
(72)-10-26301,(47)-17-26988,12/30/1984,10:15:51,47
(61)-01-01517,(21)-04-47605,12/30/1984,18:51:17,239
(39)-14-45260,(30)-29-91632,12/30/1984,21:28:24,106
(63)-11-77190,(22)-11-77965,12/31/1984,01:09:19,44
(75)-08-30016,(76)-13-93924,12/31/1984,02:14:11,1307
(34)-00-88489,(60)-11-60615,12/31/1984,06:28:54,146
(71)-06-76541,(43)-11-76617,12/31/1984,07:32:27,5434
(26)-04-36279,(40)-20-25348,12/31/1984,07:48:40,738
(53)-11-77776,(25)-04-99798,12/31/1984,10:24:17,538
(28)-26-87820,(46)-02-58729,12/31/1984,11:20:47,145
(73)-09-27611,(42)-00-57316,12/31/1984,14:24:05,231
(22)-26-18075,(64)-13-72662,12/31/1984,22:27:37,262
(66)-06-54649,(73)-08-69660,01/01/1985,01:46:57,319
(45)-15-97977,(33)-28-81498,01/01/1985,05:21:59,845
(53)-03-68011,(35)-25-67925,01/01/1985,14:00:38,814
(71)-15-75229,(55)-01-61194,01/01/1985,14:49:46,519
(74)-01-55892,(58)-11-47604,01/01/1985,16:33:08,219
(66)-04-52230,(55)-15-07054,01/02/1985,00:23:45,803
(71)-15-82626,(37)-14-74795,01/02/1985,05:08:26,379
(41)-13-08052,(56)-18-67721,01/02/1985,05:08:50,174
(38)-05-40390,(65)-06-77619,01/02/1985,07:57:54,705
(40)-10-82804,(36)-27-35020,01/02/1985,10:00:18,284
(23)-11-21126,(68)-02-51464,01/02/1985,11:42:59,31
(42)-04-36821,(54)-06-46414,01/02/1985,21:04:48,2336
(77)-05-61240,(23)-32-01361,01/02/1985,23:07:50,199
(61)-11-09138,(21)-09-08577,01/03/1985,03:31:36,511
(57)-03-57425,(52)-21-57809,01/03/1985,06:47:14,95
(71)-15-77905,(41)-01-54808,01/03/1985,16:59:29,98
(69)-13-28955,(66)-04-85776,01/03/1985,17:24:37,621
(50)-04-51022,(55)-01-79145,01/03/1985,18:09:40,133
(34)-24-04061,(64)-04-09431,01/03/1985,18:29:40,379
(48)-09-49292,(58)-18-71298,01/03/1985,20:42:49,112
(25)-14-99325,(36)-12-44931,01/03/1985,22:02:40,242
(47)-00-76337,(69)-05-60504,01/03/1985,22:39:39,489
(52)-11-79780,(53)-20-54224,01/03/1985,23:21:52,162
(34)-05-41444,(23)-24-05760,01/04/1985,00:02:28,130
(50)-02-41982,(34)-26-64053,01/04/1985,02:07:33,195
(70)-03-80542,(27)-15-35597,01/04/1985,12:20:39,127
(21)-30-53759,(46)-11-69633,01/04/1985,12:37:14,124
(48)-16-25629,(57)-02-42275,01/04/1985,17:31:07,458
(37)-02-41993,(26)-03-87320,01/04/1985,19:23:27,1158
(42)-10-45751,(37)-03-06701,01/04/1985,20:07:03,70
(49)-20-51311,(24)-24-78620,01/05/1985,03:41:52,363
(31)-06-30407,(59)-01-46476,01/05/1985,18:46:21,4525
(46)-06-94839,(43)-10-51977,01/05/1985,19:02:49,296
(49)-03-84164,(28)-20-47818,01/06/1985,00:58:00,1576
(57)-02-63979,(65)-05-21631,01/06/1985,05:31:48,378
(76)-09-97332,(47)-04-37731,01/06/1985,06:54:34,157
(23)-04-98621,(36)-08-21785,01/06/1985,07:09:35,318
(37)-00-62038,(56)-09-95695,01/06/1985,08:35:34,397
(47)-12-80703,(43)-00-01316,01/06/1985,09:39:42,282
(62)-16-38452,(73)-07-76964,01/06/1985,13:34:23,279
(35)-05-00266,(22)-29-91932,01/06/1985,15:39:35,423
(43)-12-15226,(21)-03-75687,01/06/1985,15:44:18,187
(58)-14-96615,(73)-07-91227,01/06/1985,19:17:28,761
(25)-07-83789,(71)-13-84848,01/06/1985,19:21:16,2236
(73)-11-53525,(23)-10-69509,01/06/1985,23:16:53,657
(26)-09-34000,(75)-13-02589,01/06/1985,23:37:06,545
(79)-03-60380,(61)-05-39878,01/06/1985,23:48:22,217
(62)-04-90219,(68)-10-00916,01/07/1985,00:59:54,226
(73)-10-67235,(61)-06-38713,01/07/1985,01:11:10,2472
(68)-17-02913,(76)-02-64798,01/07/1985,10:47:08,654
(61)-19-84074,(48)-03-19580,01/07/1985,12:02:05,3538
(43)-16-20886,(75)-02-06475,01/08/1985,01:23:59,41
(39)-01-73052,(67)-04-68257,01/08/1985,02:27:17,1025
(20)-08-55309,(27)-12-68712,01/08/1985,02:37:31,18
(65)-00-59289,(57)-16-17204,01/08/1985,05:28:35,266
(71)-01-22702,(62)-13-95629,01/08/1985,12:05:19,225
(29)-25-47756,(70)-15-74185,01/08/1985,18:38:38,338
(40)-22-26800,(20)-21-91158,01/09/1985,02:57:39,105
(34)-24-36198,(72)-13-08690,01/09/1985,05:35:52,325
(64)-15-31547,(73)-03-49531,01/09/1985,11:03:41,38
(27)-29-27569,(68)-07-92817,01/09/1985,13:07:12,828
(78)-07-20654,(43)-15-84374,01/09/1985,21:24:12,274
(35)-17-19538,(59)-12-39268,01/10/1985,06:05:25,85
(76)-08-61869,(21)-20-32256,01/10/1985,08:58:41,628
(42)-05-61501,(63)-07-59437,01/10/1985,11:40:15,405
(69)-14-89660,(29)-12-34235,01/11/1985,07:36:00,1068
(50)-02-29893,(66)-04-39078,01/11/1985,13:07:54,663
(30)-22-41748,(51)-11-30119,01/11/1985,15:29:48,683
(70)-05-24057,(34)-17-04369,01/11/1985,15:38:54,88
(36)-03-05505,(29)-28-08775,01/12/1985,06:48:11,78
(47)-16-44672,(35)-24-37058,01/12/1985,14:01:50,3178
(52)-18-83969,(29)-08-69781,01/12/1985,14:12:14,15
(59)-04-28857,(23)-05-32634,01/12/1985,22:51:44,806
(46)-03-67115,(72)-04-76161,01/13/1985,01:04:56,280
(40)-26-60580,(48)-23-18052,01/13/1985,01:44:54,256
(22)-26-93906,(21)-20-97053,01/13/1985,07:44:49,165
(71)-09-55847,(21)-05-46875,01/13/1985,12:04:48,674
(67)-02-14535,(24)-08-87092,01/13/1985,15:58:17,157
(72)-15-66891,(64)-05-11276,01/14/1985,02:27:38,460
(76)-05-32931,(25)-21-54337,01/14/1985,02:59:51,245
(40)-17-52372,(79)-06-48793,01/14/1985,06:08:29,672
(30)-27-31330,(40)-19-78999,01/14/1985,10:34:30,342
(74)-06-24652,(78)-01-21596,01/14/1985,20:05:26,563
(22)-21-67220,(22)-14-73138,01/15/1985,04:38:56,123
(24)-00-57472,(24)-06-79367,01/15/1985,05:16:32,61
(47)-02-43636,(48)-08-04085,01/15/1985,22:43:10,184
(67)-07-12127,(37)-02-28343,01/15/1985,23:24:09,189
(60)-05-24514,(52)-01-72207,01/16/1985,05:51:46,558
(35)-19-56278,(68)-02-06005,01/16/1985,05:55:07,199
(36)-19-18336,(54)-05-30458,01/16/1985,13:56:42,63
(20)-29-44742,(71)-11-41979,01/16/1985,14:57:39,263
(22)-04-81337,(75)-08-21159,01/16/1985,19:10:38,325
(20)-27-74442,(40)-16-84136,01/16/1985,21:06:32,246
(22)-26-89592,(44)-12-88169,01/17/1985,06:35:12,764
(27)-28-17333,(26)-06-92933,01/17/1985,10:17:52,5
(74)-08-53730,(35)-04-11868,01/17/1985,12:23:20,123
(50)-07-49073,(33)-01-16351,01/18/1985,10:39:46,1029
(53)-11-97139,(71)-07-97979,01/18/1985,15:31:02,346
(68)-06-78180,(45)-19-79069,01/18/1985,20:53:37,1320
(76)-08-56386,(23)-26-38088,01/18/1985,21:13:30,804
(52)-03-53225,(31)-28-85161,01/19/1985,02:19:18,237
(67)-05-39856,(35)-07-16772,01/19/1985,12:15:22,159
(38)-25-13253,(34)-19-75373,01/19/1985,21:40:07,147
(55)-16-31809,(54)-12-93717,01/20/1985,05:47:54,155
(22)-06-46049,(62)-10-23568,01/20/1985,06:44:13,281
(54)-08-98389,(57)-09-94952,01/20/1985,07:55:45,659
(67)-05-55173,(26)-22-31060,01/20/1985,12:45:15,447
(60)-15-08307,(38)-22-01083,01/20/1985,17:47:42,452
(34)-24-37659,(49)-14-41754,01/20/1985,22:53:29,597
(61)-16-03927,(46)-05-20391,01/21/1985,03:07:53,119
(40)-16-44789,(36)-27-15589,01/21/1985,05:26:51,2811
(32)-09-75502,(29)-25-07541,01/21/1985,06:08:49,738
(40)-05-51754,(58)-00-16461,01/21/1985,08:32:09,240
(63)-00-63431,(67)-00-94658,01/21/1985,10:00:17,43
(66)-07-29158,(55)-20-11885,01/21/1985,18:27:09,703
(53)-04-78621,(54)-04-20979,01/21/1985,19:22:05,129
(70)-11-74442,(31)-24-41262,01/21/1985,20:08:01,1367
(57)-01-72087,(25)-15-15355,01/21/1985,20:25:47,50
(77)-04-93310,(71)-07-51294,01/22/1985,00:17:25,166
(54)-15-30957,(49)-15-91381,01/22/1985,00:37:05,261
(76)-03-03571,(73)-14-23786,01/22/1985,03:20:55,1522
(20)-27-04396,(43)-01-46905,01/22/1985,03:23:22,409
(52)-07-49650,(67)-08-70405,01/22/1985,03:39:05,107
(32)-15-39290,(48)-12-65251,01/22/1985,05:55:09,291
(57)-12-51257,(60)-00-03980,01/22/1985,17:25:45,1822
(57)-16-87257,(73)-01-21891,01/22/1985,20:07:48,434
(67)-04-45515,(68)-05-99718,01/22/1985,23:09:54,3242
(75)-04-43202,(25)-31-71473,01/23/1985,02:54:37,99
(58)-07-66509,(69)-07-27242,01/23/1985,02:57:07,298
(47)-21-01905,(25)-30-23591,01/23/1985,04:39:33,2897
(69)-04-77376,(58)-19-89723,01/23/1985,05:19:55,175
(35)-03-51756,(48)-00-33898,01/23/1985,11:52:30,169
(61)-10-86433,(31)-07-68117,01/23/1985,16:47:41,432
(63)-17-23221,(27)-15-19640,01/23/1985,21:45:11,3460
(57)-05-97605,(70)-12-55020,01/24/1985,10:51:45,250
(24)-05-28627,(71)-08-64718,01/24/1985,14:30:00,321
(24)-03-09760,(34)-26-16316,01/24/1985,14:32:59,1404
(74)-15-63024,(32)-18-42477,01/24/1985,22:41:48,877
(65)-00-24694,(67)-12-72732,01/25/1985,05:43:02,308
(46)-13-27194,(64)-11-29704,01/25/1985,06:54:09,49
(38)-09-13199,(71)-00-02523,01/25/1985,07:53:30,531
(74)-15-98012,(52)-08-70414,01/25/1985,12:18:00,243
(38)-12-68042,(46)-15-62862,01/25/1985,16:17:05,531
(50)-02-41417,(65)-13-17343,01/25/1985,18:14:44,736
(60)-01-52039,(32)-19-49905,01/25/1985,18:48:18,3011
(41)-01-42266,(56)-11-02079,01/25/1985,19:45:13,6
(70)-07-84373,(26)-27-49750,01/26/1985,01:47:22,470
(37)-09-18794,(61)-15-25380,01/26/1985,08:02:29,355
(32)-06-44590,(53)-04-69846,01/26/1985,09:14:45,9
(27)-05-27676,(22)-04-01867,01/26/1985,10:20:53,232
(73)-04-96224,(56)-01-68226,01/26/1985,12:40:22,867
(76)-11-64033,(24)-22-97138,01/26/1985,12:58:18,280
(57)-05-38889,(69)-01-83893,01/26/1985,14:13:48,261
(45)-23-55660,(72)-02-30316,01/26/1985,16:04:37,297
(77)-01-22441,(70)-01-32532,01/27/1985,09:10:20,277
(57)-12-05095,(29)-14-75355,01/27/1985,10:23:25,369
(76)-05-31386,(31)-06-59973,01/27/1985,16:34:07,105
(44)-21-05769,(73)-09-81011,01/27/1985,18:54:28,2319
(67)-15-29350,(61)-05-45846,01/28/1985,04:55:00,414
(22)-28-42940,(58)-14-32305,01/28/1985,06:54:57,181
(69)-05-93094,(29)-20-00665,01/28/1985,17:14:02,105
(43)-25-62156,(26)-12-57341,01/28/1985,18:58:25,152
(38)-21-85870,(48)-19-98091,01/28/1985,22:35:01,97
(30)-08-77178,(28)-26-60895,01/29/1985,01:03:59,1104
(79)-07-65032,(74)-04-36644,01/29/1985,05:09:04,774
(31)-29-79628,(38)-27-45831,01/29/1985,10:12:02,284
(54)-04-67048,(60)-11-69884,01/29/1985,10:36:16,2109
(67)-17-12843,(44)-05-45354,01/29/1985,18:05:45,3376
(30)-19-11946,(52)-09-77328,01/29/1985,19:39:21,144
(66)-12-02168,(67)-17-95842,01/30/1985,00:21:46,87
(75)-12-65678,(54)-07-87063,01/30/1985,00:43:11,622
(41)-00-34120,(29)-15-85291,01/30/1985,04:09:32,4254
(41)-20-09332,(66)-00-47766,01/30/1985,08:16:53,1560
(28)-09-97144,(74)-15-51243,01/30/1985,13:01:01,534
(66)-02-80786,(62)-00-22345,01/31/1985,02:40:46,885
(47)-17-44039,(71)-14-25791,01/31/1985,03:41:13,148
(68)-05-05565,(54)-12-94351,01/31/1985,07:04:40,878
(37)-05-62039,(20)-27-48744,02/01/1985,00:40:03,176
(77)-14-32676,(53)-12-86042,02/01/1985,02:15:56,401
(20)-10-14952,(30)-23-26170,02/01/1985,04:08:07,3202
(60)-18-25930,(77)-04-46718,02/01/1985,05:51:10,270
(47)-13-56113,(63)-05-45131,02/01/1985,11:37:19,661
(39)-12-44207,(55)-01-52873,02/01/1985,12:24:26,662
(72)-10-87053,(39)-00-71436,02/01/1985,17:14:24,103
(70)-05-67651,(51)-19-06730,02/01/1985,17:24:21,872
(27)-22-82474,(47)-16-43119,02/01/1985,19:17:26,111
(41)-19-53321,(33)-10-04665,02/01/1985,20:20:05,242
(27)-16-70977,(79)-13-09532,02/01/1985,21:52:17,1031
(66)-10-83160,(59)-03-50930,02/02/1985,00:21:04,280
(53)-06-76846,(36)-12-57083,02/02/1985,01:58:48,924
(76)-14-61413,(79)-06-74834,02/02/1985,10:08:56,105
(60)-06-02374,(32)-24-96602,02/02/1985,15:00:37,542
(68)-12-81399,(46)-13-45760,02/02/1985,19:23:30,21
(55)-10-15085,(56)-12-98600,02/03/1985,03:32:45,100
(53)-10-10667,(40)-25-14371,02/03/1985,04:32:19,70
(61)-06-14375,(39)-18-02887,02/03/1985,05:00:55,198
(30)-01-33935,(69)-06-08874,02/03/1985,16:00:28,476
(24)-04-74560,(47)-12-67194,02/03/1985,17:45:25,31
(58)-08-21338,(21)-01-39728,02/03/1985,21:46:58,201
(45)-23-25549,(38)-08-89643,02/03/1985,22:01:53,550
(53)-15-44465,(71)-07-67175,02/04/1985,05:29:50,74
(77)-05-34655,(41)-12-27453,02/04/1985,15:03:58,176
(50)-04-54109,(60)-19-66428,02/04/1985,17:39:14,11
(52)-07-10629,(57)-18-16854,02/05/1985,13:21:15,84
(28)-09-15600,(44)-18-71066,02/06/1985,05:19:01,102
(59)-02-40222,(21)-07-39311,02/06/1985,07:05:28,522
(41)-14-00840,(71)-11-81057,02/06/1985,18:13:53,306
(77)-02-46959,(31)-29-34650,02/06/1985,21:17:14,47
(44)-06-82063,(59)-16-87439,02/07/1985,00:42:30,1696
(45)-22-74330,(29)-27-37067,02/07/1985,19:05:06,2453
(36)-18-15713,(62)-01-60473,02/07/1985,21:35:59,81
(42)-16-66477,(28)-09-31092,02/08/1985,01:15:43,477
(69)-14-02245,(34)-13-51468,02/08/1985,06:34:01,171
(59)-18-79371,(29)-08-51786,02/08/1985,07:05:22,288
(27)-23-92996,(74)-08-40630,02/08/1985,08:28:49,714
(56)-17-10529,(77)-10-75925,02/09/1985,01:11:11,35
(61)-13-98463,(20)-04-36287,02/09/1985,02:02:27,1553
(52)-02-77459,(50)-12-46393,02/09/1985,04:58:58,56
(31)-03-37756,(77)-08-30256,02/09/1985,07:08:57,719
(20)-00-96338,(62)-18-84361,02/09/1985,20:21:51,98
(27)-09-24258,(62)-06-29446,02/09/1985,22:02:58,722
(79)-13-97803,(56)-07-91117,02/10/1985,03:20:52,343
(32)-17-66149,(71)-10-01326,02/10/1985,07:27:58,128
(41)-11-20469,(44)-09-34797,02/10/1985,10:38:48,98
(64)-06-89743,(50)-19-51685,02/10/1985,13:27:40,224
(59)-03-11286,(61)-16-14198,02/10/1985,19:44:47,68
(25)-11-82157,(38)-10-05246,02/10/1985,21:22:41,631
(54)-11-79071,(49)-18-69635,02/10/1985,23:44:12,760
(49)-06-57350,(77)-11-15153,02/11/1985,01:05:15,77
(67)-13-22390,(78)-03-44394,02/11/1985,10:55:25,329
(66)-07-16901,(31)-09-23943,02/11/1985,11:54:58,184
(42)-18-62078,(76)-11-48469,02/11/1985,17:27:14,87
(39)-02-29428,(78)-03-69247,02/11/1985,20:00:43,3000
(74)-08-77414,(24)-29-69908,02/11/1985,22:45:09,134
(50)-21-29813,(50)-22-13048,02/11/1985,23:18:40,4263
(36)-15-63921,(65)-01-42188,02/11/1985,23:20:16,2046
(30)-06-81844,(73)-07-50255,02/12/1985,01:34:42,56
(52)-16-98467,(52)-22-73430,02/12/1985,03:31:40,393
(44)-10-66668,(29)-09-82289,02/12/1985,09:07:55,157
(72)-07-69937,(77)-01-31014,02/12/1985,13:30:25,232
(74)-00-98737,(33)-03-97807,02/12/1985,16:02:23,966
(62)-03-90028,(50)-05-40818,02/12/1985,21:13:21,206
(67)-11-42470,(28)-16-41282,02/12/1985,21:26:53,1221
(22)-14-16408,(48)-08-73726,02/13/1985,06:38:09,287
(31)-00-40737,(44)-02-87163,02/13/1985,09:15:02,289
(43)-15-87934,(67)-10-91338,02/13/1985,12:29:00,1234
(28)-22-69342,(70)-07-74595,02/13/1985,14:28:40,94
(79)-03-81842,(38)-20-07888,02/13/1985,16:15:57,150
(44)-08-89040,(54)-14-82485,02/13/1985,22:13:23,187
(61)-05-90159,(67)-03-43100,02/13/1985,22:27:48,227
(78)-08-07408,(77)-00-85972,02/14/1985,00:00:55,71
(73)-02-97539,(31)-17-80404,02/14/1985,00:07:21,267
(42)-01-05455,(47)-22-23691,02/14/1985,01:23:30,525
(53)-01-32059,(42)-18-52192,02/14/1985,03:41:48,234
(62)-13-83901,(45)-15-38497,02/14/1985,05:53:35,1542
(20)-09-35904,(41)-08-66101,02/14/1985,06:12:08,137
(75)-00-59424,(51)-13-54298,02/14/1985,07:04:11,1394
(43)-11-24209,(20)-04-78015,02/14/1985,13:12:59,3394
(74)-08-38696,(58)-02-55123,02/14/1985,14:40:56,291
(25)-12-72931,(68)-16-56075,02/14/1985,15:55:14,2702
(58)-06-74701,(61)-12-30048,02/15/1985,06:09:31,206
(21)-20-52781,(67)-04-95071,02/15/1985,16:46:03,570
(54)-15-17179,(28)-23-44385,02/15/1985,20:04:26,497
(73)-08-46190,(45)-09-35558,02/16/1985,03:31:33,134
(32)-21-17706,(50)-19-09073,02/16/1985,05:40:43,2564
(36)-08-05291,(44)-00-94925,02/16/1985,18:21:38,56
(71)-13-08842,(68)-14-94966,02/17/1985,01:09:39,185
(70)-02-49744,(30)-26-93356,02/17/1985,03:10:23,543
(33)-01-66728,(75)-07-46843,02/17/1985,04:42:08,1531
(26)-30-44680,(65)-10-25153,02/17/1985,07:55:01,42
(57)-11-67537,(68)-14-09748,02/17/1985,21:24:50,1013
(62)-06-67460,(79)-10-53822,02/17/1985,21:39:48,1376
(70)-08-26092,(55)-18-36019,02/17/1985,22:28:19,806
(53)-10-66673,(61)-19-85282,02/18/1985,01:18:09,29
(23)-28-99064,(30)-09-98557,02/18/1985,01:54:06,141
(44)-02-48431,(54)-21-68478,02/18/1985,02:18:27,352
(63)-18-58516,(50)-11-76299,02/18/1985,05:45:43,2858
(43)-19-62618,(35)-20-58731,02/18/1985,15:09:41,486
(62)-15-08821,(25)-27-79090,02/18/1985,15:37:40,56
(33)-23-41690,(28)-25-88307,02/19/1985,05:46:42,205
(58)-02-82123,(21)-10-65503,02/19/1985,07:17:22,816
(50)-08-91155,(63)-06-71764,02/19/1985,11:35:28,505
(23)-31-56335,(23)-32-99162,02/19/1985,12:27:47,880
(26)-18-79033,(60)-03-45139,02/19/1985,16:24:42,2960
(42)-16-18231,(64)-16-08277,02/19/1985,22:19:09,564
(44)-11-03457,(52)-03-66543,02/19/1985,23:59:24,290
(66)-05-40132,(74)-05-16084,02/20/1985,19:32:18,493
(39)-16-94664,(23)-31-70790,02/20/1985,20:00:49,2001
(64)-18-55003,(25)-27-12065,02/21/1985,05:00:03,278
(76)-02-55907,(48)-14-91485,02/21/1985,05:42:30,264
(79)-04-08163,(51)-22-69534,02/21/1985,21:25:32,3139
(71)-06-22009,(69)-06-34496,02/22/1985,01:12:34,478
(58)-04-48031,(79)-07-31904,02/22/1985,07:19:28,57
(54)-01-82023,(52)-22-61408,02/22/1985,10:53:56,835
(29)-01-40136,(50)-09-19033,02/22/1985,11:20:36,711
(57)-20-03164,(65)-18-98393,02/22/1985,14:20:02,192
(21)-10-41750,(51)-22-41320,02/22/1985,16:23:57,1338
(58)-18-76936,(46)-24-63165,02/22/1985,22:59:57,143
(68)-00-77568,(29)-07-20764,02/23/1985,01:19:06,514
(49)-03-41388,(26)-06-35918,02/23/1985,03:10:25,2656
(73)-01-17367,(44)-14-96333,02/23/1985,14:02:07,25
(46)-20-09682,(66)-04-94118,02/23/1985,16:35:27,2937
(32)-07-49410,(61)-11-62705,02/24/1985,00:27:03,232
(23)-25-47308,(52)-04-22826,02/24/1985,13:30:55,391
(78)-01-29102,(74)-10-90766,02/24/1985,16:23:25,13
(62)-09-00197,(23)-26-82066,02/24/1985,16:35:13,99
(46)-22-56702,(38)-03-63372,02/24/1985,20:19:26,206
(50)-10-22200,(68)-07-25047,02/24/1985,21:26:05,510
(40)-13-61261,(25)-14-35143,02/25/1985,03:31:33,2954
(27)-15-19291,(26)-07-21731,02/25/1985,08:17:01,1329
(39)-05-04704,(47)-16-78801,02/25/1985,15:59:03,427
(28)-07-70747,(62)-15-85453,02/25/1985,19:41:09,1141
(35)-12-94779,(39)-05-41819,02/25/1985,21:02:01,209
(32)-02-64367,(79)-03-92609,02/26/1985,03:13:51,731
(60)-18-01858,(52)-21-25929,02/26/1985,04:20:53,188
(25)-16-64841,(57)-16-69041,02/26/1985,05:15:35,3228
(29)-12-98561,(49)-08-98814,02/26/1985,05:46:11,831
(57)-03-14315,(62)-14-92418,02/26/1985,07:37:53,1006
(48)-19-29093,(28)-19-17735,02/26/1985,11:40:22,3361
(26)-25-81862,(31)-25-51977,02/26/1985,12:55:49,45
(37)-23-97379,(73)-01-70962,02/26/1985,15:24:40,198
(36)-13-35847,(65)-12-59454,02/26/1985,16:31:29,2610
(59)-20-51807,(75)-12-92667,02/26/1985,22:20:32,104
(47)-10-16303,(37)-09-99792,02/27/1985,05:00:08,64
(25)-00-67520,(40)-19-95490,02/27/1985,08:06:41,8
(39)-17-85681,(73)-08-45284,02/27/1985,12:11:09,912
(31)-27-77401,(78)-06-11289,02/27/1985,16:29:05,303
(48)-13-62378,(68)-17-02764,02/27/1985,17:16:13,3438
(29)-22-91221,(74)-03-51302,02/27/1985,18:49:13,881
(72)-11-02324,(46)-00-45534,02/28/1985,00:30:55,18
(67)-00-46530,(28)-26-04422,02/28/1985,05:37:29,696
(71)-11-53126,(79)-09-44457,02/28/1985,16:49:53,222
(71)-09-86659,(57)-20-09982,02/28/1985,23:58:28,480
(55)-17-76250,(72)-11-66089,03/01/1985,13:41:22,127
(21)-15-64459,(23)-25-29579,03/01/1985,15:08:16,410
(46)-18-78805,(36)-11-00963,03/01/1985,18:47:11,52
(30)-23-71393,(78)-10-02653,03/02/1985,03:16:44,259
(61)-14-81038,(51)-02-50490,03/02/1985,06:39:49,688
(32)-11-43595,(45)-09-26980,03/02/1985,08:15:08,197
(69)-14-07178,(57)-10-35293,03/02/1985,21:41:45,47
(73)-03-28215,(51)-04-24384,03/03/1985,00:59:22,2918
(37)-14-40619,(37)-21-79984,03/03/1985,04:55:14,295
(34)-08-56575,(59)-14-77683,03/03/1985,05:03:17,2440
(29)-15-61744,(44)-15-55600,03/03/1985,05:03:40,2902
(52)-00-12216,(32)-06-55045,03/03/1985,10:03:10,216
(78)-13-09092,(73)-10-95658,03/03/1985,10:19:44,537
(25)-29-31877,(45)-23-06466,03/03/1985,23:06:02,579
(77)-09-61194,(70)-14-15260,03/04/1985,01:30:44,151
(39)-13-68028,(44)-19-77552,03/04/1985,07:02:18,69
(67)-15-27670,(75)-01-63264,03/04/1985,07:25:43,266
(76)-14-80888,(23)-23-87029,03/04/1985,07:32:20,393
(54)-12-84621,(54)-05-67930,03/04/1985,10:56:51,194
(64)-11-77714,(36)-09-20512,03/04/1985,18:36:01,244
(77)-04-14517,(67)-09-29175,03/04/1985,18:42:30,186
(23)-13-72839,(30)-23-96012,03/04/1985,22:28:19,742
(27)-10-14534,(26)-06-15803,03/05/1985,21:41:04,633
(27)-11-17737,(44)-15-16545,03/05/1985,22:06:17,142
(68)-17-27233,(41)-13-66298,03/06/1985,01:28:15,334
(67)-03-84962,(33)-14-68160,03/06/1985,06:17:15,707
(46)-20-26369,(69)-14-14291,03/06/1985,12:36:55,264
(50)-04-54109,(45)-17-24724,03/06/1985,18:36:38,832
(30)-20-40656,(56)-09-38445,03/06/1985,19:55:10,282
(26)-31-50040,(54)-08-91104,03/06/1985,23:08:38,111
(54)-11-33741,(52)-16-88264,03/06/1985,23:29:53,2662
(71)-04-29208,(48)-23-07497,03/06/1985,23:53:13,88
(57)-12-79855,(66)-14-91537,03/07/1985,23:16:36,3370
(41)-01-62485,(30)-27-77299,03/08/1985,00:08:10,2266
(37)-18-65919,(73)-00-11012,03/08/1985,00:51:06,3438
(25)-13-78484,(37)-13-39202,03/08/1985,04:23:02,186
(44)-12-43775,(20)-08-81187,03/08/1985,04:25:59,540
(44)-09-92094,(21)-16-49981,03/08/1985,09:42:55,192
(63)-16-72760,(61)-14-66309,03/08/1985,16:26:20,2685
(69)-13-42411,(68)-00-01943,03/08/1985,20:07:31,3353
(57)-16-37724,(34)-11-30972,03/08/1985,23:20:03,205
(30)-01-00663,(45)-19-05147,03/09/1985,10:25:10,2189
(36)-12-82931,(41)-22-07091,03/09/1985,20:38:19,565
(72)-01-80970,(57)-08-44124,03/09/1985,21:30:04,26
(29)-13-76998,(44)-05-53007,03/10/1985,05:14:27,316
(73)-03-94565,(60)-08-59816,03/10/1985,21:42:52,23
(67)-02-34881,(71)-14-00097,03/10/1985,21:53:33,693
(24)-30-52415,(43)-15-93777,03/11/1985,00:16:55,196
(76)-00-41317,(72)-15-28177,03/11/1985,12:22:24,279
(40)-11-37597,(22)-27-93272,03/11/1985,17:36:33,171
(71)-14-28669,(41)-00-34120,03/11/1985,21:23:00,269
(57)-09-77994,(56)-15-79681,03/12/1985,00:24:11,160
(49)-02-28986,(78)-00-17976,03/12/1985,03:08:43,877
(37)-22-02913,(39)-20-45515,03/12/1985,11:14:13,204
(74)-10-08950,(37)-20-36952,03/12/1985,17:41:44,188
(65)-03-94037,(59)-16-42886,03/13/1985,02:11:00,72
(41)-18-28481,(28)-28-14047,03/13/1985,02:41:47,43
(33)-23-51108,(69)-07-53880,03/13/1985,07:24:41,567
(71)-16-04120,(63)-04-54765,03/13/1985,10:00:40,142
(71)-04-30262,(78)-13-31702,03/13/1985,13:33:23,2700
(60)-02-42700,(78)-02-89769,03/13/1985,18:27:10,143
(21)-04-74871,(51)-12-95760,03/13/1985,19:26:07,360
(47)-08-58703,(29)-22-79555,03/14/1985,02:15:30,234
(36)-09-84627,(34)-18-80249,03/14/1985,06:27:57,295
(45)-06-64891,(61)-18-62883,03/14/1985,21:22:41,427
(27)-11-13656,(25)-00-54236,03/14/1985,23:01:42,501
(46)-08-03878,(37)-14-85000,03/14/1985,23:38:40,167
(71)-08-53192,(39)-12-51611,03/15/1985,11:39:09,493
(74)-00-05027,(42)-22-21435,03/15/1985,13:45:06,270
(40)-24-50055,(45)-21-14761,03/15/1985,16:25:31,114
(25)-11-48489,(70)-12-25114,03/15/1985,21:31:31,994
(78)-08-07408,(30)-24-57617,03/15/1985,22:19:06,3573
(54)-19-91272,(29)-25-96729,03/16/1985,05:15:53,286
(22)-06-73696,(79)-10-76953,03/16/1985,06:37:12,420
(59)-03-92320,(65)-13-16436,03/16/1985,09:40:21,639
(77)-10-36782,(22)-12-39130,03/16/1985,11:37:45,97
(31)-17-61809,(39)-04-18305,03/16/1985,12:12:58,1615
(72)-13-98923,(67)-12-28037,03/16/1985,13:46:09,758
(44)-09-53597,(35)-16-84131,03/16/1985,14:17:01,885
(22)-12-73929,(51)-16-10935,03/16/1985,15:54:50,2728
(26)-13-70110,(22)-31-08273,03/17/1985,00:25:15,230
(29)-23-41324,(23)-16-07280,03/17/1985,00:46:48,105
(47)-13-23765,(41)-16-99849,03/17/1985,17:11:07,703
(43)-24-98334,(21)-08-39750,03/18/1985,12:01:52,167
(28)-25-68716,(78)-06-52717,03/18/1985,13:18:20,409
(72)-07-08440,(29)-20-31452,03/18/1985,22:49:18,461
(70)-03-80542,(44)-13-62065,03/19/1985,03:43:10,3152
(49)-17-51697,(62)-14-40362,03/19/1985,12:58:38,224
(37)-26-74952,(29)-14-13558,03/19/1985,16:32:57,298
(54)-02-98374,(26)-29-29298,03/19/1985,17:16:31,35
(29)-24-74125,(56)-06-10899,03/19/1985,22:44:25,29
(45)-04-96759,(48)-19-70330,03/20/1985,16:45:25,261
(30)-06-16841,(30)-29-10006,03/21/1985,02:48:32,122
(56)-14-77741,(22)-28-77149,03/21/1985,09:50:51,1861
(35)-19-84929,(73)-10-29882,03/21/1985,10:13:31,117
(73)-01-64780,(37)-06-49114,03/21/1985,10:49:55,3535
(26)-11-95709,(39)-11-09604,03/21/1985,10:53:19,1059
(63)-03-77611,(29)-16-04563,03/21/1985,21:21:01,25
(63)-02-72169,(33)-17-69762,03/22/1985,02:43:36,404
(58)-06-00456,(40)-06-42588,03/22/1985,15:39:06,34
(74)-14-73182,(29)-21-45205,03/22/1985,20:49:51,54
(77)-07-55259,(73)-14-70102,03/22/1985,23:25:42,146
(25)-05-98068,(47)-10-72093,03/23/1985,04:14:17,325
(72)-13-51098,(27)-21-82073,03/23/1985,17:30:14,411
(22)-17-89634,(57)-16-45392,03/23/1985,18:18:07,1426
(24)-24-65666,(42)-12-48172,03/24/1985,00:50:03,227
(24)-15-66208,(44)-20-23456,03/24/1985,03:20:16,194
(58)-07-58718,(67)-10-62022,03/24/1985,03:31:37,2852
(26)-24-89537,(27)-03-77243,03/24/1985,05:10:42,509
(23)-29-51361,(38)-07-89217,03/24/1985,08:51:59,279
(62)-10-77990,(22)-02-86085,03/24/1985,10:02:05,2899
(21)-26-81218,(77)-14-08680,03/24/1985,11:18:10,256
(51)-19-53923,(60)-05-88490,03/24/1985,14:57:04,29
(76)-08-77545,(43)-06-19515,03/24/1985,19:20:18,495
(31)-29-79397,(31)-24-32813,03/25/1985,01:21:15,240
(75)-11-96452,(48)-02-45322,03/25/1985,01:58:26,17
(37)-00-66314,(60)-05-25591,03/25/1985,04:57:53,136
(78)-07-85156,(52)-05-91700,03/25/1985,09:32:46,184
(48)-08-34266,(50)-22-20104,03/25/1985,13:48:56,816
(68)-15-68218,(47)-10-22865,03/25/1985,16:50:59,163
(25)-23-07652,(53)-07-29757,03/25/1985,17:03:52,201
(69)-15-77177,(44)-04-74665,03/25/1985,17:53:09,270
(28)-16-59130,(61)-07-61285,03/25/1985,20:32:31,1695
(52)-05-04423,(70)-12-50647,03/25/1985,21:10:32,447
(67)-15-72724,(75)-10-80479,03/25/1985,22:20:23,120
(67)-12-15126,(45)-17-55047,03/26/1985,02:15:20,4221
(41)-20-49951,(52)-10-61605,03/26/1985,02:37:01,46
(24)-09-02819,(77)-08-14712,03/26/1985,02:39:04,26
(79)-11-30190,(35)-26-27338,03/26/1985,04:57:17,173
(53)-03-33450,(48)-07-70750,03/26/1985,09:54:16,2594
(63)-12-35813,(63)-09-59974,03/26/1985,13:30:23,861
(52)-18-49396,(63)-08-76742,03/27/1985,00:35:16,1508
(34)-00-21687,(59)-00-93182,03/27/1985,08:06:40,14
(51)-20-58866,(33)-07-06128,03/27/1985,08:36:38,5620
(27)-05-72363,(33)-10-03281,03/27/1985,08:55:06,2855
(44)-21-62338,(79)-00-87432,03/27/1985,09:59:01,70
(60)-09-07847,(24)-21-53062,03/27/1985,20:09:26,734
(31)-26-11283,(70)-00-23663,03/27/1985,21:06:25,1664
(73)-11-09494,(64)-05-86990,03/27/1985,21:09:01,150
(73)-11-30985,(69)-08-85573,03/27/1985,23:50:57,1072
(24)-26-71733,(26)-23-28058,03/28/1985,12:05:07,1570
(34)-04-08974,(54)-06-49611,03/28/1985,15:16:50,205
(20)-21-85450,(24)-30-40015,03/28/1985,15:18:20,551
(26)-24-09956,(38)-13-84759,03/28/1985,22:12:26,123
(51)-07-80279,(51)-09-65244,03/28/1985,22:47:09,623
(52)-11-42790,(67)-03-83508,03/29/1985,02:02:53,215
(36)-25-89088,(55)-14-16043,03/29/1985,04:48:46,6021
(46)-04-35884,(23)-10-53467,03/29/1985,15:05:48,249
(78)-08-82282,(75)-05-96353,03/29/1985,15:45:53,171
(58)-18-85513,(63)-14-22354,03/29/1985,20:17:40,1520
(46)-24-36531,(75)-07-93696,03/30/1985,03:57:53,206
(60)-15-21940,(44)-04-33016,03/30/1985,06:43:05,89
(42)-21-93807,(45)-10-43322,03/30/1985,18:43:08,771
(69)-12-37067,(56)-04-31354,03/30/1985,19:49:05,825
(69)-14-35117,(67)-00-39200,03/30/1985,21:40:13,402
(66)-13-15149,(33)-06-10520,03/31/1985,01:22:58,135
(63)-14-78565,(50)-21-96702,03/31/1985,13:03:10,51
(64)-16-08121,(58)-15-87190,03/31/1985,15:46:29,15
(69)-04-84605,(52)-19-04047,03/31/1985,20:10:03,1078
(47)-18-73161,(78)-00-45268,03/31/1985,21:21:43,99
(52)-21-57809,(77)-08-14712,04/01/1985,00:19:55,1308
(24)-24-76227,(68)-02-58811,04/01/1985,09:41:07,40
(76)-04-66696,(70)-01-07041,04/01/1985,18:33:52,947
(45)-00-19623,(37)-25-89800,04/02/1985,05:28:57,157
(51)-01-59186,(27)-01-35979,04/02/1985,11:30:02,178
(31)-26-70217,(66)-12-81094,04/02/1985,12:09:24,144
(51)-09-99089,(34)-24-37659,04/02/1985,14:10:28,209
(45)-15-82879,(53)-10-33628,04/02/1985,15:29:30,172
(28)-02-03732,(40)-01-42180,04/03/1985,08:53:02,499
(28)-22-45768,(60)-00-13684,04/03/1985,14:26:01,2119
(48)-17-79476,(33)-23-52760,04/03/1985,15:46:34,515
(36)-21-04078,(51)-15-24895,04/03/1985,23:59:36,31
(79)-13-65706,(57)-04-95161,04/04/1985,01:48:37,784
(37)-24-21107,(65)-15-86635,04/04/1985,08:32:53,388
(49)-23-15201,(78)-08-23661,04/04/1985,08:43:17,2448
(40)-17-97471,(52)-07-04936,04/04/1985,17:03:20,200
(76)-02-56363,(40)-10-08608,04/05/1985,02:26:46,4255
(47)-24-31663,(31)-12-73831,04/05/1985,06:53:27,119
(26)-31-86149,(45)-02-47956,04/05/1985,16:31:59,287
(23)-13-19657,(52)-06-52938,04/05/1985,21:08:18,326
(39)-18-23740,(67)-15-00255,04/06/1985,02:48:13,414
(45)-06-64891,(77)-13-46394,04/06/1985,04:23:40,1594
(57)-19-88527,(51)-17-82254,04/06/1985,10:59:40,273
(78)-02-79322,(42)-09-04624,04/06/1985,11:58:54,160
(57)-07-49349,(47)-06-41526,04/06/1985,17:15:02,138
(63)-01-24380,(49)-01-35333,04/07/1985,04:14:54,430
(70)-13-08689,(23)-14-54400,04/07/1985,04:53:40,891
(24)-17-94266,(44)-05-40026,04/07/1985,07:33:36,8
(49)-14-35796,(28)-12-39428,04/07/1985,08:00:42,377
(72)-04-94077,(73)-02-17234,04/07/1985,13:04:35,223
(33)-18-27472,(66)-15-55666,04/07/1985,21:26:19,2625
(47)-16-84103,(61)-03-89520,04/07/1985,21:52:04,945
(40)-08-75170,(67)-16-23011,04/08/1985,01:30:23,741
(64)-03-96273,(37)-03-25195,04/08/1985,05:18:06,273
(67)-12-31384,(20)-16-96195,04/09/1985,08:50:59,87
(47)-16-26327,(61)-15-27076,04/09/1985,13:19:35,282
(55)-07-72638,(50)-16-20027,04/09/1985,16:18:29,107
(37)-06-17773,(52)-21-42132,04/09/1985,17:04:57,931
(70)-13-26495,(54)-03-28853,04/09/1985,19:58:33,761
(49)-16-38521,(59)-10-25954,04/09/1985,22:51:25,31
(68)-14-23906,(28)-22-96683,04/10/1985,05:10:41,317
(36)-08-60534,(75)-05-11590,04/10/1985,07:31:31,29
(56)-20-15973,(72)-11-58013,04/10/1985,08:22:46,379
(54)-13-81410,(56)-21-46383,04/10/1985,10:44:16,56
(43)-01-31284,(25)-11-19639,04/10/1985,11:56:40,714
(33)-03-52039,(20)-01-65183,04/10/1985,14:57:47,133
(43)-02-96453,(20)-18-73309,04/10/1985,22:24:47,245
(72)-07-43998,(30)-28-17674,04/11/1985,05:41:07,898
(67)-16-13652,(64)-02-81408,04/11/1985,09:42:17,428
(70)-16-94260,(59)-17-23836,04/11/1985,11:14:32,124
(71)-07-57809,(75)-02-23196,04/12/1985,03:41:28,278
(62)-17-45392,(40)-03-18026,04/12/1985,05:36:23,616
(57)-09-12656,(40)-20-55254,04/12/1985,11:23:39,101
(30)-08-40726,(41)-10-48095,04/12/1985,14:27:11,155
(54)-11-35138,(62)-18-36230,04/12/1985,20:31:39,739
(40)-16-51684,(26)-16-76554,04/13/1985,04:13:57,3335
(21)-11-29882,(67)-09-17006,04/13/1985,08:05:24,48
(69)-14-14291,(42)-07-62247,04/13/1985,09:38:23,112
(39)-05-11280,(32)-09-69390,04/13/1985,11:27:50,608
(47)-10-37279,(51)-18-86566,04/13/1985,16:11:49,240
(62)-19-22001,(38)-16-50264,04/13/1985,19:46:30,158
(42)-14-56578,(59)-16-74690,04/13/1985,22:49:21,716
(53)-04-28481,(58)-16-59425,04/13/1985,23:07:53,24
(58)-15-87251,(48)-20-19363,04/13/1985,23:55:29,469
(30)-08-41798,(72)-07-74728,04/14/1985,02:46:03,3208
(77)-12-96324,(73)-12-55207,04/14/1985,06:37:01,880
(44)-03-52331,(57)-04-99364,04/14/1985,09:28:06,800
(25)-06-99561,(43)-05-61276,04/14/1985,10:57:31,239
(27)-10-40531,(78)-10-37198,04/14/1985,12:25:00,93
(75)-06-05107,(21)-31-60642,04/14/1985,15:35:49,434
(59)-17-07469,(22)-23-99680,04/14/1985,23:07:25,46
(41)-00-88021,(29)-28-13095,04/15/1985,06:08:57,33
(77)-03-54668,(71)-06-35814,04/15/1985,06:34:43,175
(36)-15-09728,(40)-08-85117,04/15/1985,08:19:55,201
(21)-25-20378,(66)-07-07348,04/15/1985,15:50:02,476
(60)-17-71626,(52)-13-05972,04/16/1985,22:18:17,668
(43)-16-54730,(23)-10-65338,04/17/1985,14:10:42,4964
(23)-25-74180,(40)-20-98993,04/17/1985,19:27:09,393
(73)-12-19720,(78)-08-93164,04/18/1985,01:45:19,684
(58)-10-81588,(53)-18-12510,04/18/1985,04:20:53,331
(47)-01-15357,(27)-07-29010,04/18/1985,06:12:28,637
(55)-00-33296,(66)-07-30094,04/18/1985,06:35:00,623
(49)-23-16553,(76)-13-35963,04/18/1985,11:21:19,1869
(66)-10-07115,(63)-13-87095,04/18/1985,11:39:41,284
(68)-07-16493,(23)-04-32681,04/18/1985,11:54:07,191
(41)-22-63404,(25)-23-43013,04/18/1985,18:47:35,2116
(23)-32-81362,(36)-11-55055,04/18/1985,19:40:16,546
(24)-12-24405,(62)-12-17068,04/18/1985,21:11:50,3177
(61)-12-64268,(27)-19-64697,04/19/1985,09:41:06,214
(49)-04-29052,(48)-22-93100,04/19/1985,10:37:27,232
(64)-00-45160,(67)-02-14794,04/20/1985,00:39:53,135
(69)-12-47344,(75)-05-51564,04/20/1985,04:25:53,513
(57)-09-04306,(22)-23-69073,04/20/1985,10:21:58,682
(77)-02-03199,(73)-05-09791,04/20/1985,12:21:40,2367
(48)-23-55339,(62)-18-78206,04/20/1985,14:14:03,2981
(37)-10-73504,(77)-09-28451,04/21/1985,04:30:10,2057
(57)-01-44701,(20)-29-57866,04/21/1985,12:07:33,234
(21)-31-73931,(36)-22-76294,04/22/1985,09:48:34,188
(79)-10-58923,(42)-11-26609,04/22/1985,11:17:36,23
(63)-13-77578,(27)-20-44075,04/22/1985,13:21:13,3531
(78)-05-43304,(41)-01-54808,04/22/1985,21:21:43,3175
(44)-15-55600,(22)-04-05471,04/22/1985,23:39:52,30
(55)-20-95984,(21)-12-93562,04/23/1985,02:10:21,87
(67)-12-97416,(44)-18-90892,04/23/1985,03:47:40,1925
(67)-01-07092,(69)-11-01478,04/23/1985,04:09:55,323
(56)-07-41585,(20)-15-62625,04/23/1985,08:10:23,131
(72)-05-10042,(34)-21-66580,04/23/1985,18:00:27,3292
(62)-11-63102,(36)-09-38889,04/24/1985,00:11:27,773
(72)-12-18429,(38)-05-43361,04/24/1985,02:19:08,13
(58)-05-15060,(76)-12-52909,04/24/1985,11:09:44,196
(21)-16-52166,(26)-21-12427,04/24/1985,19:27:12,602
(73)-05-58986,(41)-07-94887,04/24/1985,22:06:54,2456
(79)-12-28366,(68)-10-98021,04/25/1985,06:07:45,423
(59)-10-14282,(75)-04-51806,04/25/1985,09:02:15,280
(43)-12-16681,(49)-01-83871,04/25/1985,19:48:34,259
(60)-10-69893,(67)-14-83845,04/26/1985,00:56:30,772
(65)-04-46205,(61)-08-94084,04/26/1985,02:54:57,847
(32)-15-92687,(50)-16-86288,04/26/1985,03:53:21,3032
(64)-01-86725,(34)-05-38945,04/26/1985,11:38:31,177
(61)-09-55125,(29)-04-47053,04/26/1985,23:55:48,292
(23)-29-91953,(55)-15-49741,04/27/1985,02:18:37,572
(24)-30-45862,(21)-08-16377,04/27/1985,02:32:36,260
(20)-14-66594,(21)-29-36076,04/27/1985,09:45:47,751
(20)-25-22049,(28)-28-78582,04/27/1985,17:26:12,557
(45)-05-85497,(51)-22-23558,04/27/1985,23:30:42,1279
(76)-14-57229,(72)-11-77461,04/28/1985,01:23:45,171
(23)-14-11525,(74)-00-62651,04/28/1985,05:39:36,1121
(52)-00-65846,(72)-04-76938,04/28/1985,07:22:38,493
(69)-13-04545,(33)-20-86989,04/28/1985,07:32:32,438
(41)-05-27346,(66)-01-32572,04/28/1985,08:28:50,762
(26)-10-51548,(21)-00-77357,04/28/1985,09:27:31,60
(74)-08-98392,(43)-04-97806,04/28/1985,13:36:52,567
(38)-27-55572,(29)-24-05733,04/28/1985,21:04:20,221
(39)-13-40530,(72)-02-26000,04/28/1985,22:16:40,115
(37)-05-85587,(20)-31-52244,04/29/1985,02:04:31,159
(22)-06-89140,(78)-12-28296,04/29/1985,10:01:32,807
(45)-13-00631,(29)-01-00299,04/29/1985,11:40:29,770
(45)-10-36578,(40)-24-19218,04/29/1985,11:53:02,171
(58)-01-36925,(74)-07-20104,04/29/1985,14:59:56,420
(43)-17-71809,(33)-17-06549,04/29/1985,21:23:18,166
(64)-04-70076,(70)-16-94065,04/29/1985,23:27:32,1411
(65)-16-61341,(29)-09-69306,04/30/1985,07:11:29,556
(23)-09-22076,(73)-10-96006,04/30/1985,10:21:12,104
(73)-10-34601,(20)-16-33125,04/30/1985,12:49:45,288
(78)-06-96045,(52)-03-23020,04/30/1985,20:17:40,366
(66)-11-60917,(69)-16-00527,05/01/1985,00:10:36,338
(39)-02-78694,(48)-08-99944,05/01/1985,01:35:59,2842
(52)-01-64786,(73)-02-91519,05/01/1985,02:31:36,3364
(70)-02-93912,(59)-13-48847,05/01/1985,02:53:30,2349
(43)-15-31836,(67)-09-75457,05/01/1985,03:25:47,394
(61)-14-11710,(62)-06-16629,05/01/1985,04:21:03,167
(61)-06-98863,(67)-10-11408,05/01/1985,08:41:30,299
(59)-20-94899,(71)-07-57809,05/01/1985,09:07:01,404
(23)-09-14568,(37)-25-95316,05/01/1985,13:37:32,818
(61)-11-90518,(41)-18-25692,05/01/1985,14:01:06,18
(69)-07-18171,(72)-00-34784,05/01/1985,16:37:02,3120
(25)-31-91202,(47)-08-36379,05/01/1985,19:39:35,76
(32)-16-69204,(77)-06-69001,05/01/1985,19:53:59,305
(32)-28-45039,(78)-06-49500,05/01/1985,22:23:22,219
(42)-09-53476,(79)-02-24511,05/01/1985,23:33:32,507
(46)-22-47692,(42)-17-85207,05/01/1985,23:56:52,639
(44)-06-36298,(27)-23-33027,05/02/1985,00:31:23,701
(79)-01-27926,(52)-03-69831,05/02/1985,05:02:13,3197
(37)-14-41765,(69)-14-84160,05/02/1985,05:18:12,192
(69)-10-87360,(64)-13-73089,05/02/1985,14:25:04,307
(23)-09-45627,(58)-10-11320,05/02/1985,17:24:42,200
(26)-14-43986,(53)-11-20101,05/02/1985,17:51:37,298
(50)-03-65137,(47)-17-90576,05/02/1985,18:35:48,472
(60)-02-88308,(75)-00-27018,05/03/1985,02:15:04,59
(53)-12-70381,(72)-00-92739,05/03/1985,02:35:52,127
(39)-14-26980,(69)-08-47441,05/03/1985,03:08:31,279
(30)-29-91632,(76)-13-87370,05/03/1985,03:15:34,3286
(57)-05-02922,(43)-01-59934,05/03/1985,05:09:08,226
(47)-02-79564,(40)-16-38698,05/03/1985,07:07:30,1115
(28)-02-47799,(60)-18-09786,05/03/1985,11:15:55,23
(52)-01-22223,(27)-25-09592,05/03/1985,11:52:49,169
(25)-22-82747,(65)-06-18787,05/03/1985,15:27:44,27
(63)-10-43142,(27)-20-44875,05/03/1985,19:31:31,731
(78)-11-92964,(55)-05-09097,05/03/1985,22:52:45,186
(79)-00-49906,(64)-18-96974,05/03/1985,23:03:13,21
(72)-00-28675,(48)-09-53206,05/03/1985,23:46:24,13
(69)-06-29265,(28)-29-79303,05/04/1985,10:12:15,836
(30)-19-23905,(44)-12-33377,05/04/1985,14:34:26,491
(73)-05-88698,(72)-13-31199,05/04/1985,16:16:19,927
(66)-04-10779,(62)-09-15823,05/05/1985,00:06:05,239
(79)-03-71398,(44)-23-91092,05/05/1985,00:15:10,467
(38)-18-77062,(51)-04-14347,05/05/1985,02:05:17,259
(33)-09-94905,(34)-23-10903,05/05/1985,12:43:22,1932
(39)-07-75181,(72)-07-64266,05/05/1985,13:11:50,171
(28)-24-18993,(35)-11-29010,05/06/1985,01:12:08,654
(68)-04-07668,(73)-00-70670,05/06/1985,12:41:39,359
(78)-05-74641,(28)-28-64791,05/06/1985,15:05:54,2372
(61)-16-76022,(60)-19-97206,05/06/1985,17:22:41,148
(61)-11-75396,(76)-09-63609,05/06/1985,23:59:02,396
(21)-08-13385,(54)-11-10188,05/07/1985,01:21:56,243
(58)-15-07861,(56)-00-66956,05/07/1985,07:19:33,162
(59)-11-16165,(30)-25-90192,05/07/1985,07:32:14,75
(61)-05-15741,(23)-28-29996,05/07/1985,08:03:29,404
(64)-16-55046,(69)-12-97613,05/07/1985,11:06:40,245
(36)-13-75798,(41)-05-04987,05/07/1985,13:33:37,274
(74)-02-26225,(26)-12-27873,05/07/1985,20:23:04,1958
(61)-16-11678,(53)-09-76832,05/08/1985,06:25:37,197
(36)-27-22732,(28)-08-41624,05/08/1985,11:03:34,290
(69)-11-39523,(34)-00-95556,05/08/1985,20:33:07,142
(79)-01-21856,(66)-02-23782,05/08/1985,23:05:18,67
(54)-15-67322,(39)-06-85437,05/09/1985,00:05:41,2431
(38)-10-38096,(42)-00-27646,05/09/1985,00:25:08,42
(57)-04-05304,(35)-20-66312,05/09/1985,02:16:50,40
(59)-14-98528,(62)-06-67818,05/09/1985,02:47:59,145
(36)-13-15158,(74)-01-54971,05/09/1985,08:37:10,775
(34)-15-10088,(31)-21-69127,05/09/1985,09:02:48,129
(72)-14-26363,(61)-15-19280,05/09/1985,17:20:57,2768
(76)-13-15629,(36)-25-48569,05/09/1985,18:57:25,402
(32)-01-37358,(50)-20-20785,05/09/1985,20:35:54,233
(23)-31-70790,(58)-01-55437,05/09/1985,21:50:45,170
(66)-04-03011,(30)-04-83678,05/09/1985,22:48:05,1251
(57)-20-05178,(79)-06-22431,05/09/1985,22:58:12,237
(43)-17-03239,(24)-04-94826,05/09/1985,23:04:02,217
(60)-19-36459,(69)-02-91362,05/10/1985,08:46:28,103
(35)-15-05037,(73)-04-17604,05/10/1985,18:31:57,794
(57)-05-59121,(78)-07-39841,05/11/1985,10:26:07,104
(70)-04-45473,(31)-10-23702,05/11/1985,20:19:22,297
(41)-10-58424,(66)-05-96791,05/12/1985,01:39:45,332
(55)-00-03746,(28)-26-40878,05/12/1985,01:40:00,217
(31)-00-47645,(39)-23-53722,05/12/1985,02:05:04,296
(33)-06-15265,(63)-01-35240,05/12/1985,10:22:12,422
(39)-26-38712,(41)-02-07702,05/12/1985,13:57:05,812
(72)-00-05794,(34)-10-37333,05/12/1985,16:04:32,2663
(63)-10-11942,(69)-11-17318,05/12/1985,22:02:56,279
(49)-17-16967,(32)-00-44532,05/13/1985,09:54:09,117
(62)-02-99206,(51)-10-26406,05/13/1985,11:34:29,566
(63)-09-78735,(22)-30-13406,05/14/1985,04:56:00,154
(35)-04-79884,(44)-16-16142,05/14/1985,06:50:51,189
(67)-02-59437,(33)-21-80190,05/14/1985,07:21:33,118
(43)-21-60713,(75)-02-23196,05/14/1985,11:40:53,369
(72)-13-98270,(45)-16-02337,05/14/1985,18:49:40,687
(59)-20-80147,(23)-01-88252,05/15/1985,00:35:18,233
(74)-07-66843,(27)-26-32825,05/15/1985,01:43:31,183
(64)-00-70409,(74)-10-82997,05/15/1985,02:37:37,2644
(29)-28-44602,(78)-00-38912,05/15/1985,03:25:08,140
(28)-17-90207,(71)-06-22009,05/15/1985,03:29:47,520
(38)-16-73651,(21)-06-55349,05/15/1985,05:58:10,637
(71)-11-99128,(28)-20-90283,05/15/1985,10:23:49,2834
(46)-04-80696,(53)-06-86515,05/15/1985,16:23:16,163
(38)-09-56068,(55)-16-00327,05/15/1985,18:00:21,44
(39)-23-57340,(60)-12-11187,05/15/1985,22:26:22,1567
(24)-20-21506,(33)-14-83814,05/15/1985,22:51:41,3457
(74)-07-11679,(70)-05-87401,05/16/1985,03:54:29,2013
(33)-07-51017,(24)-22-98922,05/16/1985,04:38:53,3509
(30)-14-68917,(68)-15-45314,05/16/1985,05:22:39,228
(62)-11-27488,(31)-03-35109,05/16/1985,06:22:38,795
(46)-06-51093,(23)-12-50990,05/16/1985,07:28:17,285
(37)-04-59310,(48)-23-60200,05/16/1985,12:39:33,96
(44)-20-57091,(42)-01-36007,05/16/1985,15:24:53,198
(51)-22-23866,(46)-06-91728,05/17/1985,02:20:31,1527
(58)-17-76313,(68)-13-15771,05/17/1985,16:54:14,2838
(53)-08-06079,(74)-08-56353,05/18/1985,06:30:36,572
(74)-10-88538,(36)-05-57105,05/18/1985,09:13:15,542
(79)-06-14886,(64)-03-16835,05/18/1985,12:02:21,257
(49)-02-00969,(34)-00-54054,05/18/1985,20:07:44,697
(37)-07-07238,(51)-03-22379,05/19/1985,01:46:10,33
(68)-04-56010,(51)-10-77672,05/19/1985,06:32:23,866
(33)-27-99767,(44)-00-94071,05/19/1985,08:01:58,625
(71)-08-94356,(26)-27-06867,05/19/1985,09:09:37,440
(31)-17-94311,(38)-03-95306,05/19/1985,14:34:31,296
(36)-08-23708,(38)-19-08209,05/19/1985,15:07:32,184
(61)-07-36324,(53)-21-05996,05/19/1985,18:18:02,94
(66)-11-82326,(67)-04-08489,05/20/1985,05:33:46,197
(23)-23-49310,(69)-10-08269,05/20/1985,10:28:37,717
(42)-16-54548,(38)-18-48520,05/20/1985,10:56:10,74
(49)-17-54395,(70)-13-61317,05/20/1985,12:14:55,299
(22)-25-88115,(39)-07-27199,05/20/1985,13:51:48,274
(22)-19-49270,(65)-03-95392,05/21/1985,03:13:29,774
(38)-02-21686,(35)-24-70527,05/21/1985,04:31:08,237
(22)-25-51490,(26)-18-86979,05/21/1985,12:02:27,61
(29)-10-51739,(29)-21-94352,05/21/1985,15:15:20,298
(78)-13-47192,(58)-20-96961,05/21/1985,17:32:39,74
(35)-25-16167,(25)-00-12206,05/21/1985,18:36:41,2938
(74)-04-61259,(50)-14-74951,05/21/1985,20:03:08,328
(69)-07-63423,(67)-01-75201,05/22/1985,07:38:21,1621
(58)-08-11761,(41)-26-54051,05/22/1985,09:09:51,729
(42)-04-74135,(37)-17-14328,05/22/1985,09:40:34,1761
(70)-08-22213,(43)-24-55178,05/22/1985,12:44:41,322
(40)-25-81372,(36)-11-10859,05/22/1985,14:11:26,1969
(34)-19-96748,(45)-20-13534,05/22/1985,18:10:43,72
(63)-13-13506,(67)-09-48273,05/22/1985,22:52:46,285
(46)-07-66054,(32)-17-03239,05/23/1985,22:17:47,121
(70)-07-89172,(43)-12-58160,05/24/1985,01:39:47,10
(36)-05-62218,(65)-06-93067,05/24/1985,11:32:47,772
(66)-16-32885,(55)-06-00022,05/24/1985,15:26:22,3332
(66)-05-02754,(27)-09-30747,05/24/1985,19:23:50,3165
(37)-21-63832,(22)-29-40663,05/25/1985,03:31:57,92
(23)-14-55610,(42)-24-22530,05/25/1985,11:39:02,3320
(40)-11-15766,(27)-11-13656,05/25/1985,18:36:26,296
(76)-11-21345,(53)-21-07784,05/26/1985,00:55:19,131
(29)-21-13569,(57)-02-09369,05/26/1985,03:29:20,647
(68)-05-11466,(50)-20-10254,05/26/1985,04:32:47,838
(26)-18-33491,(44)-24-58003,05/26/1985,09:58:18,402
(33)-23-25463,(40)-05-51107,05/26/1985,11:43:47,493
(38)-03-35387,(22)-31-55132,05/26/1985,11:55:57,190
(60)-12-31646,(49)-15-69643,05/26/1985,21:46:50,105
(67)-00-93642,(70)-06-05003,05/27/1985,00:08:23,17
(47)-12-01622,(75)-02-37223,05/27/1985,03:18:33,380
(36)-25-21605,(29)-24-90154,05/27/1985,05:42:30,259
(29)-29-37424,(74)-10-68474,05/27/1985,11:22:13,567
(30)-09-88847,(44)-06-19179,05/27/1985,15:07:13,3068
(47)-09-83732,(31)-04-45901,05/27/1985,18:14:12,199
(72)-09-82919,(49)-10-72390,05/27/1985,19:39:38,1258
(50)-17-12195,(43)-06-79922,05/28/1985,14:58:23,463
(35)-10-38058,(25)-09-14099,05/28/1985,15:30:53,301
(41)-15-45463,(31)-09-63674,05/28/1985,16:16:15,558
(59)-04-33152,(43)-19-76674,05/29/1985,00:26:18,184
(34)-08-84503,(69)-02-83829,05/29/1985,01:12:51,813
(45)-17-78572,(30)-22-76096,05/29/1985,05:38:50,846
(66)-12-61280,(47)-24-74947,05/29/1985,06:08:53,245
(63)-05-77885,(74)-10-46923,05/29/1985,06:58:10,317
(62)-10-35008,(22)-02-53644,05/29/1985,08:57:39,773
(62)-07-26082,(57)-19-31400,05/29/1985,13:02:18,486
(45)-12-34506,(45)-18-26450,05/29/1985,13:55:31,42
(43)-21-54170,(62)-18-38077,05/29/1985,18:32:11,498
(67)-13-60712,(78)-09-38512,05/30/1985,04:29:58,187
(62)-07-89777,(63)-11-51036,05/30/1985,12:22:14,43
(59)-00-73737,(22)-03-91026,05/31/1985,00:38:57,25
(32)-11-08276,(60)-05-30507,05/31/1985,14:30:37,420
(34)-22-21024,(37)-07-42044,05/31/1985,15:48:44,253
(63)-03-72437,(37)-15-18146,05/31/1985,17:07:39,244
(77)-03-22861,(20)-24-70827,05/31/1985,17:48:54,247
(41)-14-00840,(76)-02-48073,05/31/1985,19:20:15,540
(39)-05-45096,(41)-01-76754,05/31/1985,19:59:10,292
(76)-10-39641,(68)-01-43828,05/31/1985,21:00:31,97
(25)-04-30307,(27)-05-98634,05/31/1985,22:36:19,502
(70)-02-43921,(58)-03-82121,06/01/1985,01:40:29,778
(72)-15-31258,(43)-18-17440,06/01/1985,02:19:10,156
(56)-19-38082,(57)-02-59380,06/01/1985,04:40:42,102
(54)-12-82328,(65)-16-53836,06/01/1985,10:30:09,8
(26)-12-36558,(29)-21-13054,06/01/1985,21:44:24,2465
(31)-22-25652,(70)-07-29757,06/02/1985,01:58:48,440
(47)-09-32987,(22)-23-55934,06/02/1985,03:16:34,358
(53)-12-39036,(70)-13-44540,06/02/1985,03:28:30,757
(59)-19-99935,(35)-06-76305,06/02/1985,08:35:48,15
(70)-01-78009,(68)-17-71883,06/02/1985,09:50:09,453
(53)-11-67688,(24)-07-00826,06/02/1985,21:03:58,6580
(70)-14-95616,(38)-25-00831,06/02/1985,22:21:02,75
(29)-19-71625,(54)-08-12503,06/03/1985,01:17:32,1270
(59)-10-36257,(70)-01-22671,06/03/1985,06:36:38,54
(42)-00-17745,(40)-02-20187,06/03/1985,06:38:38,119
(78)-02-26050,(44)-16-26938,06/03/1985,07:01:48,2007
(64)-14-95218,(51)-08-25320,06/03/1985,10:03:51,1181
(54)-09-91114,(37)-23-05040,06/03/1985,11:29:58,2076
(69)-04-85873,(55)-03-59708,06/03/1985,12:46:05,1132
(56)-20-77976,(45)-13-01906,06/03/1985,21:24:14,749
(56)-20-23131,(29)-21-70955,06/04/1985,08:25:26,8
(35)-07-04996,(23)-16-37747,06/04/1985,17:15:02,794
(53)-12-74798,(22)-04-83009,06/04/1985,17:43:03,1409
(20)-33-29419,(49)-21-88508,06/04/1985,23:28:27,2384
(37)-03-25195,(70)-11-83380,06/05/1985,08:22:53,577
(55)-08-55687,(69)-14-91163,06/05/1985,08:26:05,73
(51)-17-95007,(52)-06-23783,06/05/1985,10:48:39,198
(74)-06-13397,(68)-12-24988,06/05/1985,13:27:39,80
(21)-22-07340,(68)-01-03972,06/05/1985,17:52:00,1959
(73)-14-83774,(31)-26-91195,06/05/1985,18:15:48,234
(30)-10-09002,(34)-02-69881,06/06/1985,00:40:04,141
(20)-02-54229,(68)-15-92349,06/06/1985,08:33:30,6127
(40)-13-39322,(62)-01-41340,06/06/1985,10:21:23,2675
(33)-12-07714,(28)-26-22705,06/06/1985,11:33:06,544
(54)-12-39630,(58)-00-16461,06/06/1985,12:00:45,162
(65)-16-76683,(53)-22-23263,06/06/1985,19:44:28,2634
(62)-19-03406,(24)-18-93516,06/06/1985,20:28:38,446
(62)-13-78069,(72)-09-82066,06/07/1985,00:26:35,1891
(73)-14-50081,(33)-08-97582,06/07/1985,02:22:16,28
(22)-15-01872,(26)-04-08326,06/07/1985,05:59:29,125
(65)-09-91133,(21)-12-94557,06/07/1985,06:15:05,246
(73)-06-19518,(36)-12-55924,06/07/1985,10:29:39,2986
(73)-02-32335,(37)-01-84986,06/07/1985,15:48:15,839
(32)-03-66700,(41)-09-99857,06/07/1985,16:58:03,253
(34)-11-14244,(20)-20-43173,06/07/1985,17:19:24,1729
(71)-13-84678,(60)-18-54787,06/07/1985,18:42:38,710
(64)-07-91057,(56)-18-87612,06/08/1985,04:04:31,366
(69)-04-61817,(58)-15-01176,06/08/1985,14:06:00,30
(43)-11-24458,(25)-25-09099,06/08/1985,14:41:05,852
(33)-24-00979,(55)-20-52236,06/08/1985,19:06:20,250
(46)-15-07819,(48)-04-89171,06/08/1985,22:44:33,728
(49)-21-75831,(52)-18-25202,06/09/1985,19:30:34,115
(67)-08-91870,(75)-07-02977,06/10/1985,04:48:57,2131
(52)-18-64332,(76)-01-94054,06/10/1985,06:43:42,885
(31)-06-92703,(25)-26-92257,06/10/1985,07:47:36,187
(58)-06-57633,(39)-12-05880,06/10/1985,10:53:51,53
(69)-00-87383,(32)-15-18216,06/10/1985,12:42:58,108
(35)-00-12688,(28)-16-37010,06/10/1985,13:44:35,134
(68)-03-51239,(75)-04-46995,06/10/1985,18:45:07,36
(30)-27-50141,(20)-03-98981,06/10/1985,19:10:19,755
(73)-09-72296,(79)-04-19515,06/10/1985,20:44:58,136
(41)-26-32006,(72)-08-25681,06/11/1985,02:25:03,353
(34)-25-38145,(69)-10-78118,06/11/1985,04:30:58,660
(22)-12-79293,(79)-01-13137,06/11/1985,09:26:30,61
(67)-01-56492,(64)-12-86999,06/11/1985,20:32:16,217
(39)-20-49027,(72)-08-71887,06/12/1985,04:30:40,783
(49)-18-35829,(72)-00-02983,06/12/1985,11:02:12,808
(35)-20-41396,(25)-05-04899,06/12/1985,12:52:04,588
(75)-12-68377,(34)-04-91656,06/12/1985,14:43:56,157
(24)-05-76988,(55)-10-47710,06/12/1985,17:02:12,58
(24)-17-57256,(40)-00-25520,06/12/1985,19:26:02,13
(31)-21-36543,(28)-10-55417,06/12/1985,20:50:08,1152
(28)-25-77965,(74)-00-57556,06/12/1985,21:55:27,250
(45)-14-99605,(64)-00-53494,06/13/1985,00:38:51,81
(57)-08-57503,(60)-07-51835,06/13/1985,13:19:59,1907
(23)-30-38041,(55)-05-57576,06/13/1985,23:04:16,1473
(48)-08-66869,(72)-15-72393,06/14/1985,02:54:24,165
(72)-10-18676,(29)-20-39882,06/14/1985,04:24:29,129
(59)-02-71792,(23)-23-05116,06/14/1985,13:58:45,997
(41)-20-27437,(61)-04-62110,06/14/1985,18:49:30,702
(64)-13-26420,(58)-11-89285,06/14/1985,22:11:09,3183
(62)-08-95131,(56)-01-61285,06/14/1985,22:33:34,48
(36)-08-90947,(70)-07-29519,06/15/1985,02:15:44,2374
(79)-00-44162,(21)-26-94433,06/15/1985,09:18:29,383
(73)-02-10329,(43)-24-46396,06/15/1985,18:45:36,197
(33)-26-37184,(25)-28-16040,06/15/1985,19:20:12,204
(30)-26-97185,(34)-22-31574,06/15/1985,22:09:40,833
(44)-00-25627,(40)-08-63725,06/16/1985,09:09:21,705
(24)-08-81851,(61)-14-77477,06/16/1985,17:33:13,2867
(71)-07-47639,(65)-11-16933,06/16/1985,18:16:58,16
(41)-26-42601,(72)-09-76152,06/16/1985,22:45:18,296
(76)-06-06075,(67)-17-18121,06/17/1985,02:05:56,636
(67)-17-15931,(63)-03-24952,06/17/1985,11:52:10,3159
(35)-26-25006,(76)-04-93826,06/17/1985,13:51:18,290
(71)-16-64536,(77)-00-96960,06/18/1985,01:43:34,235
(70)-01-32024,(20)-06-21436,06/18/1985,04:56:58,741
(55)-02-00307,(58)-17-56118,06/18/1985,08:49:00,536
(21)-25-76450,(29)-01-22226,06/18/1985,10:21:21,235
(33)-03-97807,(22)-23-92933,06/19/1985,04:05:13,211
(77)-04-71322,(71)-01-32611,06/19/1985,07:41:24,78
(52)-04-77988,(77)-02-10734,06/19/1985,19:46:36,197
(36)-06-06658,(71)-08-86921,06/20/1985,01:30:38,147
(31)-29-07675,(28)-19-47014,06/20/1985,11:36:10,2574
(21)-18-58186,(47)-24-59607,06/20/1985,17:51:32,693
(62)-02-98633,(57)-04-39352,06/20/1985,23:17:45,128
(78)-12-76524,(37)-15-92291,06/21/1985,06:56:58,255
(42)-19-85052,(37)-00-76185,06/21/1985,17:09:59,754
(77)-13-61761,(55)-20-17792,06/21/1985,17:33:03,25
(48)-08-55954,(45)-17-36628,06/21/1985,23:21:16,257
(55)-02-45481,(57)-07-47307,06/22/1985,12:04:51,96
(58)-00-12527,(52)-03-97348,06/22/1985,15:12:23,1157
(76)-00-23560,(61)-06-48964,06/22/1985,16:29:44,76
(35)-12-36197,(79)-11-41109,06/22/1985,18:01:13,679
(48)-01-90982,(62)-06-44790,06/23/1985,00:01:27,47
(58)-17-24001,(70)-03-49194,06/23/1985,02:22:37,889
(46)-00-23064,(49)-06-43064,06/23/1985,09:53:13,929
(78)-06-83392,(40)-00-17256,06/23/1985,20:32:49,47
(54)-18-14023,(46)-11-64440,06/23/1985,22:18:58,228
(21)-28-33091,(31)-01-59165,06/24/1985,04:00:52,375
(41)-13-29502,(60)-07-93541,06/24/1985,07:41:30,142
(52)-15-36974,(42)-05-21691,06/24/1985,11:45:42,203
(48)-14-05302,(58)-19-85527,06/24/1985,18:44:28,416
(62)-10-35008,(52)-08-03872,06/24/1985,19:03:57,189
(62)-01-16284,(61)-13-56938,06/24/1985,19:46:29,207
(35)-26-64631,(56)-05-91317,06/25/1985,12:25:57,1186
(78)-13-21570,(75)-12-39485,06/25/1985,16:49:14,69
(78)-12-98468,(44)-15-97861,06/26/1985,00:52:54,376
(78)-07-50843,(40)-04-11308,06/26/1985,04:08:20,2431
(64)-00-18294,(72)-01-70705,06/26/1985,14:00:38,3197
(66)-06-22957,(62)-11-25499,06/26/1985,15:35:07,165
(73)-14-59261,(36)-24-75035,06/26/1985,17:20:03,184
(37)-19-67420,(54)-18-66378,06/27/1985,10:01:26,199
(39)-12-91194,(42)-20-47972,06/27/1985,12:50:24,114
(44)-20-57091,(36)-21-57617,06/27/1985,15:10:03,75
(58)-04-03074,(49)-03-75063,06/27/1985,15:35:27,2560
(64)-06-38458,(33)-22-00894,06/28/1985,01:31:24,158
(24)-16-80785,(36)-17-56191,06/28/1985,03:26:47,931
(21)-03-18992,(75)-06-84069,06/28/1985,11:24:30,2763
(70)-01-32024,(77)-07-95659,06/28/1985,11:50:17,55
(24)-01-17772,(79)-03-03563,06/28/1985,20:39:43,73
(28)-03-21962,(53)-14-67067,06/29/1985,01:33:10,696
(61)-15-49398,(79)-02-50349,06/29/1985,04:39:54,68
(57)-12-03078,(79)-05-58977,06/29/1985,06:23:57,141
(30)-28-56090,(35)-13-17120,06/29/1985,06:27:02,711
(38)-13-58519,(40)-12-29204,06/29/1985,09:01:05,567
(27)-28-42033,(33)-27-90758,06/29/1985,11:44:27,5720
(22)-21-68080,(35)-01-83252,06/29/1985,17:54:24,211
(57)-01-33391,(44)-02-27656,06/29/1985,19:56:58,32
(48)-03-72853,(38)-26-58297,06/29/1985,21:21:32,275
(77)-11-64809,(31)-09-13863,06/29/1985,22:59:31,3424
(67)-17-73121,(20)-01-19698,06/30/1985,01:21:42,155
(27)-09-29276,(26)-17-33947,06/30/1985,09:59:48,1662
(70)-09-89166,(25)-29-34573,06/30/1985,10:38:54,743
(33)-01-05101,(51)-20-09928,06/30/1985,10:42:11,184
(40)-03-34803,(54)-16-63621,06/30/1985,16:34:54,173
(77)-03-13797,(38)-11-49320,06/30/1985,20:04:30,87
(29)-23-45017,(73)-11-82663,06/30/1985,23:41:29,118
(21)-21-53185,(24)-25-87842,07/01/1985,02:07:04,3163
(40)-05-60503,(43)-03-39764,07/01/1985,03:28:53,213
(53)-07-77090,(46)-21-11274,07/01/1985,04:29:37,121
(77)-03-47106,(44)-00-25627,07/01/1985,11:27:54,1251
(38)-12-68042,(28)-14-20211,07/01/1985,12:03:00,879
(24)-21-05898,(20)-18-70165,07/02/1985,00:30:55,195
(37)-02-99243,(29)-04-17411,07/02/1985,05:55:03,1762
(69)-00-65111,(25)-31-87578,07/02/1985,09:31:18,482
(31)-14-30204,(60)-11-59600,07/02/1985,22:41:01,1034
(79)-08-61300,(66)-00-72349,07/02/1985,23:37:33,3829
(74)-06-97037,(50)-22-64895,07/03/1985,04:10:47,105
(40)-25-08894,(60)-09-66602,07/03/1985,05:05:29,146
(76)-07-06475,(48)-21-79243,07/03/1985,06:14:11,100
(71)-13-84229,(75)-13-96041,07/03/1985,07:40:21,92
(39)-04-25307,(21)-22-31718,07/03/1985,07:52:25,1295
(49)-09-19201,(66)-03-07518,07/03/1985,12:28:36,82
(44)-20-91803,(24)-01-20803,07/03/1985,14:23:35,3169
(34)-14-64967,(43)-15-53003,07/03/1985,16:58:52,201
(57)-15-90335,(43)-17-86960,07/03/1985,19:41:46,220
(20)-09-42148,(66)-12-70724,07/03/1985,21:30:59,87
(69)-14-50123,(47)-11-61932,07/04/1985,00:39:04,790
(65)-08-66111,(41)-23-16340,07/04/1985,03:28:10,227
(23)-05-13686,(44)-14-37130,07/04/1985,05:04:19,94
(60)-12-51742,(59)-07-45114,07/04/1985,09:11:20,731
(25)-14-64580,(49)-20-60578,07/04/1985,09:15:49,7
(37)-03-94866,(22)-06-73696,07/04/1985,09:40:03,506
(45)-09-42743,(40)-08-30446,07/04/1985,21:19:06,279
(42)-25-81338,(40)-05-21768,07/04/1985,23:56:20,32
(32)-20-85423,(72)-14-19664,07/05/1985,00:15:09,1736
(25)-04-74234,(71)-07-57809,07/05/1985,06:06:51,888
(42)-01-36007,(31)-25-28836,07/05/1985,07:07:24,295
(33)-05-86430,(79)-06-10330,07/05/1985,08:15:24,74
(30)-24-36998,(49)-13-33972,07/05/1985,10:04:37,79
(27)-18-45685,(70)-05-20214,07/05/1985,11:50:59,2394
(77)-06-57818,(61)-06-31107,07/05/1985,19:26:45,94
(30)-24-07895,(37)-16-60439,07/06/1985,04:08:52,427
(49)-05-34132,(78)-11-29861,07/06/1985,06:08:50,384
(74)-11-66699,(33)-21-05151,07/06/1985,07:14:20,1310
(52)-12-90358,(64)-09-79726,07/06/1985,19:01:47,403
(35)-20-58731,(39)-08-59811,07/06/1985,20:34:37,3356
(24)-19-64767,(54)-00-00196,07/07/1985,10:53:02,292
(31)-12-09180,(21)-23-70725,07/07/1985,16:42:58,129
(73)-05-04161,(64)-03-27154,07/07/1985,22:23:16,341
(67)-05-78035,(72)-13-98803,07/08/1985,00:57:18,1872
(33)-22-00644,(72)-10-99480,07/08/1985,01:30:48,270
(41)-15-43481,(69)-15-33370,07/08/1985,05:50:00,3409
(59)-17-58177,(49)-09-63371,07/08/1985,07:07:04,3016
(65)-10-65899,(41)-07-39762,07/08/1985,15:52:23,124
(55)-05-22003,(25)-10-51800,07/08/1985,21:06:14,108
(46)-08-70068,(28)-08-71700,07/09/1985,00:11:55,204
(74)-06-64394,(23)-12-94759,07/09/1985,00:42:11,2654
(35)-02-81223,(70)-16-62160,07/09/1985,10:21:46,1327
(51)-22-72980,(36)-23-81137,07/09/1985,12:43:38,6781
(45)-04-42618,(49)-23-70245,07/09/1985,12:52:22,1117
(64)-04-49857,(21)-24-70275,07/09/1985,20:51:18,278
(53)-17-56296,(40)-01-21560,07/09/1985,21:35:00,552
(72)-05-50727,(40)-22-99867,07/10/1985,15:54:03,483
(35)-08-87023,(58)-05-05177,07/10/1985,20:17:27,47
(78)-02-99433,(24)-20-99015,07/11/1985,03:37:14,3350
(53)-12-16947,(78)-00-54488,07/11/1985,06:41:24,6191
(52)-20-32927,(21)-19-98540,07/11/1985,10:34:47,3010
(70)-00-41847,(65)-06-39515,07/11/1985,12:58:14,4878
(68)-13-28156,(27)-23-61123,07/11/1985,17:22:46,278
(59)-13-31216,(66)-00-62590,07/11/1985,18:42:45,270
(44)-09-74943,(20)-09-46181,07/11/1985,19:11:31,125
(57)-06-43986,(70)-16-21279,07/11/1985,20:30:06,327
(67)-15-00135,(35)-00-63963,07/11/1985,21:48:36,443
(62)-12-42475,(76)-02-31922,07/11/1985,23:10:29,59
(67)-07-56850,(48)-21-55586,07/12/1985,00:47:30,47
(41)-03-27876,(35)-15-00353,07/12/1985,01:39:09,151
(37)-04-84204,(38)-22-08602,07/12/1985,08:55:50,20
(67)-13-89856,(36)-08-55579,07/12/1985,10:44:30,116
(49)-05-77379,(57)-06-05898,07/12/1985,14:23:00,359
(20)-31-58180,(49)-02-55472,07/12/1985,15:52:47,1548
(56)-02-57554,(52)-14-33477,07/12/1985,19:24:04,59
(32)-03-39050,(52)-00-02672,07/12/1985,22:12:10,1408
(78)-11-92964,(48)-09-17642,07/12/1985,23:39:41,584
(46)-06-53551,(77)-12-48621,07/13/1985,01:37:48,18
(57)-10-75247,(63)-08-46347,07/13/1985,04:58:58,194
(68)-10-20570,(65)-06-61559,07/13/1985,08:35:13,280
(48)-04-01363,(71)-05-49958,07/13/1985,12:48:40,236
(78)-05-51680,(63)-17-99874,07/13/1985,21:03:28,2597
(73)-09-44451,(52)-09-95959,07/13/1985,21:09:34,229
(31)-01-76375,(56)-20-81286,07/13/1985,23:27:29,314
(40)-13-04843,(61)-07-71771,07/13/1985,23:50:43,220
(25)-11-13001,(62)-10-77701,07/14/1985,00:48:36,46
(75)-14-19840,(22)-21-56508,07/14/1985,07:43:29,1229
(77)-03-13797,(59)-04-20247,07/14/1985,08:08:50,208
(35)-21-42715,(60)-00-04232,07/14/1985,14:31:51,334
(33)-08-56039,(36)-10-53540,07/15/1985,07:21:34,557
(71)-15-69466,(73)-06-91241,07/15/1985,08:19:36,6992
(59)-07-39973,(54)-07-27147,07/15/1985,09:10:11,1228
(54)-12-65809,(27)-06-98211,07/15/1985,10:44:47,102
(51)-11-95460,(39)-09-12850,07/15/1985,12:24:47,277
(42)-12-55373,(36)-25-48569,07/15/1985,14:28:19,2323
(58)-01-69613,(63)-14-21242,07/15/1985,15:20:37,211
(59)-16-49247,(64)-08-47897,07/15/1985,16:30:11,435
(55)-07-10540,(67)-11-45464,07/15/1985,18:48:29,199
(55)-11-20809,(38)-18-76239,07/15/1985,19:22:37,307
(61)-00-15539,(43)-12-00902,07/15/1985,21:12:34,588
(65)-18-38607,(34)-14-12116,07/15/1985,22:40:59,11
(50)-18-76744,(69)-09-47060,07/16/1985,00:45:28,1537
(79)-10-75981,(60)-07-40768,07/16/1985,04:55:57,178
(46)-04-51640,(60)-04-17668,07/16/1985,08:14:23,92
(36)-15-87825,(61)-09-05938,07/16/1985,09:33:22,689
(39)-09-99110,(41)-22-53374,07/16/1985,10:30:51,3242
(52)-22-25250,(53)-02-94883,07/16/1985,11:50:01,288
(72)-04-39194,(23)-09-93376,07/16/1985,21:13:49,5574
(61)-15-47935,(25)-11-45912,07/16/1985,22:37:40,199
(62)-09-03944,(37)-24-57203,07/17/1985,08:36:49,124
(46)-21-21147,(42)-13-17040,07/17/1985,12:43:55,274
(24)-28-54561,(20)-20-13168,07/17/1985,16:25:48,154
(52)-22-71899,(69)-10-85335,07/17/1985,23:50:43,90
(52)-20-21092,(20)-08-16567,07/18/1985,03:19:38,524
(71)-09-17015,(47)-01-16370,07/18/1985,04:18:50,219
(32)-07-94982,(61)-02-05489,07/18/1985,12:55:13,1977
(60)-19-81784,(48)-20-59045,07/18/1985,17:44:03,442
(71)-09-17310,(41)-23-16340,07/18/1985,19:30:31,113
(29)-00-69699,(38)-13-13160,07/18/1985,23:28:41,114
(54)-11-72596,(58)-04-83919,07/18/1985,23:32:16,683
(47)-12-41011,(69)-15-10063,07/19/1985,10:03:01,1510
(48)-04-41591,(57)-19-90214,07/19/1985,13:06:57,266
(74)-15-87762,(68)-10-55798,07/19/1985,16:51:53,122
(43)-19-98390,(64)-09-85263,07/19/1985,19:38:11,621
(74)-06-88120,(73)-12-61321,07/19/1985,20:26:49,73
(46)-21-93613,(21)-02-27942,07/20/1985,01:09:12,1540
(63)-18-17694,(79)-09-54642,07/20/1985,02:08:15,643
(76)-01-71206,(36)-24-40626,07/20/1985,05:57:38,205
(29)-30-44923,(39)-21-46337,07/20/1985,06:46:29,170
(36)-03-21533,(20)-09-60886,07/21/1985,07:35:01,1296
(24)-15-44470,(61)-18-01930,07/21/1985,09:44:54,163
(52)-15-54038,(44)-24-92087,07/21/1985,14:47:43,655
(46)-21-76719,(61)-18-67501,07/21/1985,16:03:29,169
(56)-08-96195,(72)-00-45953,07/21/1985,17:38:51,253
(70)-10-84904,(36)-01-99236,07/21/1985,22:12:03,112
(47)-16-36226,(66)-06-58336,07/21/1985,22:24:41,63
(33)-10-75346,(48)-18-83627,07/22/1985,01:11:49,1852
(64)-09-08454,(21)-23-33429,07/22/1985,01:32:24,889
(50)-14-48557,(64)-15-31547,07/22/1985,06:31:01,174
(22)-05-24552,(65)-01-59785,07/22/1985,06:33:25,69
(44)-19-64567,(23)-00-40237,07/22/1985,07:30:10,785
(67)-14-22622,(60)-16-54481,07/22/1985,12:03:09,55
(74)-12-31641,(69)-01-11098,07/22/1985,12:22:35,663
(79)-12-50093,(29)-05-99558,07/22/1985,12:42:10,87
(42)-10-87431,(28)-22-07589,07/22/1985,14:06:06,36
(76)-02-85255,(21)-19-70239,07/22/1985,14:44:52,278
(26)-28-64335,(69)-11-24880,07/23/1985,04:05:31,38
(75)-13-54957,(47)-10-44338,07/23/1985,07:52:59,108
(41)-08-10555,(75)-05-65005,07/23/1985,11:37:56,715
(23)-12-75917,(27)-03-04572,07/23/1985,13:29:26,488
(51)-09-12951,(77)-05-97811,07/23/1985,14:12:23,3342
(50)-04-28953,(62)-06-93687,07/23/1985,18:55:33,516
(52)-09-62921,(62)-02-41739,07/23/1985,19:23:31,275
(22)-12-29935,(21)-28-60443,07/24/1985,04:16:48,130
(53)-00-86964,(54)-10-45255,07/24/1985,05:23:43,71
(25)-15-84196,(49)-18-00047,07/24/1985,16:56:08,161
(33)-02-96552,(60)-00-32702,07/24/1985,22:54:47,2390
(66)-13-42445,(54)-05-30458,07/25/1985,01:01:30,597
(62)-06-17486,(28)-10-14698,07/25/1985,06:30:25,274
(25)-20-81123,(37)-25-10528,07/25/1985,15:20:28,155
(52)-18-80019,(24)-27-80079,07/25/1985,20:47:57,266
(56)-11-08332,(77)-13-46394,07/25/1985,20:59:28,1549
(21)-05-02383,(55)-09-20464,07/26/1985,01:43:48,100
(61)-06-12593,(66)-10-47806,07/26/1985,04:21:29,86
(74)-15-37896,(32)-05-09690,07/26/1985,19:31:25,630
(77)-05-97811,(68)-17-64682,07/26/1985,20:04:34,39
(77)-06-54965,(56)-06-78759,07/26/1985,23:18:09,61
(26)-14-45236,(70)-14-28714,07/27/1985,09:40:09,166
(44)-11-83670,(68)-10-45408,07/27/1985,15:18:21,719
(47)-05-15204,(35)-05-07191,07/27/1985,20:26:28,407
(64)-15-98774,(37)-21-06057,07/28/1985,05:57:26,1124
(44)-00-47923,(60)-15-47162,07/28/1985,06:18:32,1472
(50)-11-60556,(75)-07-20023,07/28/1985,06:45:27,186
(43)-08-17396,(24)-01-56463,07/28/1985,07:46:56,2622
(29)-03-58034,(57)-00-58712,07/28/1985,10:37:03,361
(20)-32-84346,(60)-03-73662,07/28/1985,14:56:37,131
(61)-10-30719,(57)-09-25930,07/28/1985,20:35:27,585
(45)-18-76476,(25)-28-57869,07/28/1985,22:28:24,65
(49)-11-12028,(28)-26-02734,07/29/1985,00:31:20,355
(58)-19-91147,(58)-04-73118,07/29/1985,13:30:37,1663
(28)-26-55775,(48)-12-17506,07/29/1985,16:15:10,746
(54)-08-16881,(42)-17-36497,07/29/1985,18:19:47,462
(64)-05-90572,(62)-15-96677,07/30/1985,06:44:07,113
(44)-18-90892,(56)-07-43936,07/30/1985,08:28:55,86
(36)-00-46632,(76)-09-36408,07/30/1985,16:24:19,543
(78)-05-06417,(75)-10-22968,07/30/1985,18:46:04,2088
(38)-24-20583,(53)-20-26026,07/30/1985,20:44:44,853
(56)-06-18235,(27)-26-38373,07/30/1985,23:04:36,416
(64)-11-31493,(31)-14-13616,07/31/1985,02:12:22,52
(54)-04-40512,(64)-01-28082,07/31/1985,08:38:46,586
(75)-05-23044,(47)-07-23161,07/31/1985,09:41:24,1256
(69)-06-90574,(58)-02-42128,08/01/1985,01:13:01,47
(21)-07-37637,(48)-19-85773,08/01/1985,02:46:59,105
(69)-14-10343,(30)-26-04849,08/01/1985,04:13:50,735
(53)-14-59016,(26)-31-45266,08/01/1985,08:16:19,274
(51)-04-42420,(50)-03-70406,08/01/1985,12:11:18,861
(51)-01-21749,(66)-16-23551,08/01/1985,15:02:27,98
(23)-07-61868,(76)-04-29923,08/01/1985,17:56:05,275
(32)-10-15438,(42)-24-26346,08/02/1985,02:20:54,240
(65)-12-60777,(69)-01-98690,08/02/1985,07:29:45,1968
(22)-04-62267,(78)-10-69019,08/02/1985,13:18:35,59
(77)-01-97448,(48)-20-07947,08/02/1985,17:14:30,174
(46)-20-08456,(36)-20-60187,08/02/1985,17:25:09,114
(42)-15-69782,(61)-09-35793,08/02/1985,17:42:47,93
(45)-12-97088,(22)-13-92088,08/02/1985,21:26:42,806
(49)-06-79861,(77)-07-19507,08/03/1985,01:07:52,88
(24)-12-15529,(60)-00-94898,08/03/1985,02:59:12,136
(61)-07-38024,(48)-02-40611,08/03/1985,04:57:24,204
(44)-00-15101,(28)-07-46453,08/03/1985,07:03:52,37
(64)-05-15404,(59)-16-20983,08/03/1985,13:54:45,31
(33)-03-51059,(62)-09-91553,08/03/1985,18:50:12,208
(39)-22-87199,(71)-04-32814,08/03/1985,22:11:27,516
(57)-04-09414,(37)-19-94997,08/03/1985,22:23:59,1798
(42)-17-06515,(62)-18-28274,08/04/1985,08:07:54,73
(41)-15-45648,(54)-19-99365,08/04/1985,12:10:21,738
(25)-27-73724,(31)-12-93296,08/04/1985,15:31:22,76
(20)-09-21116,(79)-06-47180,08/04/1985,17:45:49,886
(28)-24-99897,(50)-11-94842,08/05/1985,01:37:27,968
(55)-16-71113,(74)-04-24870,08/05/1985,04:37:31,65
(29)-10-39341,(47)-15-81207,08/05/1985,06:55:08,109
(35)-21-63991,(79)-04-89300,08/05/1985,14:31:32,645
(31)-02-97073,(55)-08-53592,08/05/1985,17:41:14,777
(48)-17-03391,(45)-18-32504,08/05/1985,18:48:07,504
(60)-08-59816,(77)-01-91086,08/05/1985,21:53:31,354
(76)-12-47501,(45)-09-35289,08/06/1985,02:03:22,2772
(39)-16-02967,(26)-18-03225,08/06/1985,09:54:37,1796
(46)-06-25592,(20)-15-54615,08/06/1985,11:26:51,24
(27)-06-29239,(24)-05-82147,08/06/1985,12:55:43,126
(36)-06-54756,(35)-02-79057,08/07/1985,02:28:49,3085
(65)-02-83710,(72)-05-26159,08/07/1985,06:11:13,41
(66)-15-75703,(63)-00-22821,08/07/1985,09:24:06,42
(57)-00-75610,(65)-01-73867,08/07/1985,11:13:25,885
(69)-11-08011,(20)-25-64722,08/07/1985,12:22:51,815
(49)-16-94222,(40)-07-44893,08/07/1985,14:27:25,744
(72)-03-98748,(78)-05-20528,08/07/1985,20:29:54,347
(76)-07-23976,(22)-21-70542,08/07/1985,21:10:53,679
(61)-06-12585,(77)-08-68409,08/08/1985,05:06:09,590
(33)-27-69135,(34)-14-58769,08/08/1985,06:16:11,350
(36)-13-55084,(38)-25-96164,08/08/1985,10:26:32,3367
(52)-10-93620,(47)-11-62421,08/08/1985,12:43:01,815
(63)-02-00484,(36)-11-01075,08/08/1985,21:07:37,548
(32)-08-56786,(63)-14-19681,08/08/1985,21:50:50,462
(46)-21-01420,(32)-26-62987,08/08/1985,22:54:58,464
(44)-02-27656,(75)-10-85593,08/08/1985,23:29:05,652
(40)-17-86522,(32)-15-33135,08/09/1985,01:09:52,160
(77)-06-73725,(79)-10-58923,08/09/1985,09:49:48,833
(74)-09-39704,(79)-01-63434,08/09/1985,19:47:41,181
(20)-15-31457,(36)-03-56812,08/09/1985,22:17:36,34
(71)-10-77938,(55)-07-65560,08/10/1985,01:02:44,168
(72)-08-74289,(25)-18-15544,08/10/1985,02:44:13,280
(58)-12-12393,(78)-05-82860,08/10/1985,09:09:36,9
(70)-07-11775,(42)-15-67267,08/10/1985,09:49:25,581
(67)-10-75926,(40)-20-30046,08/10/1985,15:44:32,3341
(72)-14-26363,(23)-19-69959,08/10/1985,21:14:44,3954
(49)-04-44100,(37)-08-23488,08/11/1985,06:44:55,247
(55)-06-18827,(20)-27-64984,08/11/1985,12:12:10,286
(24)-25-03352,(59)-20-14036,08/11/1985,12:48:21,91
(59)-13-26739,(58)-12-11174,08/12/1985,02:23:23,285
(76)-12-30995,(61)-05-68136,08/12/1985,05:05:16,109
(35)-05-32449,(43)-11-75727,08/12/1985,15:44:17,2719
(62)-10-34364,(47)-07-62987,08/12/1985,16:12:37,1557
(25)-04-27904,(76)-08-82627,08/12/1985,18:27:24,121
(33)-18-03006,(61)-05-32098,08/12/1985,19:13:49,340
(64)-12-11325,(22)-25-73098,08/12/1985,20:43:27,577
(25)-25-16763,(32)-14-60562,08/12/1985,23:59:00,82
(52)-05-80994,(26)-03-45388,08/13/1985,01:02:58,3150
(52)-02-12044,(47)-24-71439,08/13/1985,05:51:41,73
(65)-16-36859,(60)-06-75492,08/13/1985,09:35:11,393
(73)-02-20993,(33)-15-13025,08/13/1985,14:16:43,872
(31)-14-98470,(46)-24-17972,08/13/1985,15:38:30,743
(27)-18-87631,(65)-17-31981,08/13/1985,18:38:06,425
(49)-10-05813,(59)-05-71294,08/13/1985,20:25:38,197
(22)-32-78460,(23)-17-52549,08/14/1985,01:33:55,193
(71)-05-89806,(20)-17-52968,08/14/1985,02:26:54,838
(50)-21-49577,(71)-08-29899,08/14/1985,11:27:03,240
(75)-14-27295,(24)-08-12577,08/14/1985,11:45:19,791
(42)-06-83309,(39)-18-86903,08/14/1985,13:37:53,95
(48)-12-70864,(65)-10-56656,08/14/1985,14:21:36,132
(40)-12-18845,(69)-12-07190,08/15/1985,06:30:14,819
(63)-16-81044,(40)-19-13231,08/15/1985,12:06:29,2805
(66)-08-38591,(70)-05-11586,08/15/1985,14:26:41,32
(70)-03-34947,(65)-05-63996,08/15/1985,16:27:33,2510
(54)-14-45261,(36)-23-84182,08/15/1985,18:14:46,407
(46)-03-21369,(24)-10-38659,08/16/1985,02:58:06,229
(41)-02-38964,(72)-09-97774,08/16/1985,05:26:44,230
(45)-15-33097,(50)-07-24350,08/16/1985,06:22:21,328
(36)-18-15713,(22)-29-97114,08/16/1985,09:56:08,204
(65)-07-56819,(56)-04-06563,08/16/1985,16:06:57,113
(59)-07-95589,(45)-15-59258,08/16/1985,16:57:07,806
(70)-15-02568,(75)-14-58303,08/16/1985,18:39:24,680
(48)-06-43047,(63)-06-98056,08/16/1985,18:50:04,1234
(62)-17-08100,(71)-04-56150,08/16/1985,22:00:11,147
(70)-09-49854,(25)-23-88102,08/16/1985,22:52:25,256
(64)-10-11337,(31)-04-82144,08/17/1985,02:53:29,232
(20)-28-58357,(79)-07-02065,08/17/1985,04:28:32,118
(60)-04-54443,(78)-01-23641,08/17/1985,05:20:38,6520
(32)-01-77517,(70)-04-21383,08/17/1985,07:22:51,1784
(72)-13-67707,(37)-06-69961,08/17/1985,09:29:14,435
(68)-14-32168,(31)-00-07058,08/17/1985,11:24:31,73
(60)-13-20280,(42)-23-66058,08/17/1985,13:56:21,2494
(66)-12-01152,(49)-01-32579,08/17/1985,14:06:26,37
(56)-12-38399,(24)-04-63234,08/17/1985,18:26:05,524
(44)-14-07851,(77)-03-85818,08/17/1985,18:41:41,32
(21)-25-64643,(30)-23-58647,08/18/1985,04:51:33,436
(58)-12-35925,(41)-03-46662,08/18/1985,05:50:34,947
(37)-05-01333,(67)-16-45333,08/18/1985,07:42:03,1533
(51)-00-19488,(32)-06-84226,08/18/1985,23:11:31,475
(45)-18-89325,(66)-02-25421,08/18/1985,23:53:13,68
(37)-02-90605,(50)-03-66364,08/19/1985,05:28:36,25
(29)-20-86175,(61)-03-59086,08/19/1985,06:38:46,212
(20)-33-54822,(25)-26-15228,08/19/1985,09:40:18,4355
(21)-12-93562,(77)-00-18472,08/19/1985,14:15:20,247
(77)-00-64199,(61)-02-20225,08/19/1985,20:30:03,2061
(36)-17-32485,(43)-15-61503,08/20/1985,03:06:42,765
(75)-11-94288,(35)-04-82806,08/20/1985,05:20:32,308
(20)-19-94025,(68)-12-41393,08/20/1985,06:36:13,798
(70)-08-77896,(27)-05-18122,08/20/1985,06:42:46,1710
(35)-14-73157,(78)-04-61246,08/20/1985,10:34:10,214
(26)-04-46608,(46)-00-52116,08/20/1985,20:47:32,607
(24)-30-23202,(67)-12-59824,08/20/1985,22:27:51,275
(49)-11-10459,(54)-15-24785,08/21/1985,04:16:36,606
(23)-31-09666,(76)-09-02884,08/21/1985,08:50:55,143
(41)-21-49025,(68)-10-41488,08/21/1985,10:18:27,35
(32)-03-68996,(56)-05-91317,08/21/1985,10:30:41,377
(46)-15-62862,(75)-06-79136,08/21/1985,15:24:37,469
(22)-23-67973,(54)-00-67085,08/21/1985,20:53:20,1823
(79)-00-64486,(72)-14-76476,08/22/1985,03:39:59,142
(46)-23-37792,(75)-14-48068,08/22/1985,05:17:04,693
(24)-16-95503,(77)-09-93003,08/22/1985,07:22:24,515
(21)-31-00230,(43)-23-95403,08/22/1985,13:01:09,79
(23)-21-69311,(27)-19-45737,08/22/1985,19:41:04,809
(51)-12-93006,(51)-06-90074,08/23/1985,02:25:19,747
(75)-06-64452,(43)-13-31228,08/23/1985,05:01:50,543
(54)-06-33963,(52)-07-59492,08/23/1985,07:07:28,380
(27)-27-34988,(31)-26-17547,08/23/1985,22:35:56,169
(38)-13-38164,(39)-15-43857,08/23/1985,23:04:14,335
(44)-11-33184,(46)-03-71572,08/24/1985,04:49:45,494
(79)-04-15509,(69)-07-81402,08/24/1985,05:00:39,1863
(22)-04-09080,(65)-12-38780,08/24/1985,16:26:33,837
(43)-12-64507,(48)-05-77062,08/25/1985,19:46:41,694
(68)-04-36652,(49)-22-89304,08/26/1985,04:58:01,158
(56)-01-06724,(39)-07-64093,08/26/1985,06:58:23,192
(79)-06-06635,(54)-00-19236,08/26/1985,07:49:58,3086
(76)-04-16095,(24)-08-83354,08/26/1985,15:24:28,586
(32)-18-96911,(75)-06-61437,08/26/1985,16:07:51,56
(24)-17-76336,(66)-17-68615,08/26/1985,16:47:30,95
(34)-21-66135,(59)-07-08640,08/26/1985,19:17:41,2861
(59)-02-82410,(36)-02-00829,08/26/1985,23:34:01,847
(31)-12-83418,(38)-25-45503,08/27/1985,01:47:14,81
(68)-06-17952,(51)-16-53439,08/27/1985,17:40:59,847
(45)-08-48925,(43)-08-87894,08/28/1985,01:40:31,2578
(44)-08-98310,(47)-12-33335,08/28/1985,10:47:30,149
(65)-11-24689,(79)-13-74423,08/28/1985,15:14:59,71
(40)-00-73025,(58)-06-87603,08/28/1985,22:11:49,114
(61)-06-17549,(47)-02-41424,08/29/1985,02:16:59,3089
(43)-16-68150,(31)-08-14550,08/29/1985,03:12:49,178
(71)-01-62978,(44)-24-27311,08/29/1985,11:19:11,243
(69)-10-85247,(60)-19-84874,08/29/1985,12:03:49,144
(79)-13-73652,(51)-18-39205,08/29/1985,17:30:17,289
(56)-16-29670,(20)-02-72999,08/29/1985,18:43:40,97
(69)-01-87555,(74)-13-52853,08/30/1985,09:12:19,88
(39)-24-85556,(35)-04-75585,08/30/1985,14:31:27,296
(53)-10-16543,(77)-00-25031,08/30/1985,16:04:35,782
(41)-15-60778,(43)-20-20045,08/30/1985,18:56:26,511
(66)-06-78358,(25)-30-72666,08/30/1985,21:07:25,2466
(43)-20-64216,(41)-18-63354,08/30/1985,23:21:47,27
(62)-08-99542,(79)-10-04126,08/31/1985,06:19:37,789
(74)-03-42835,(73)-06-53124,08/31/1985,07:21:42,601
(65)-16-18720,(74)-11-23168,08/31/1985,12:33:12,160
(23)-03-57905,(39)-18-85020,08/31/1985,20:23:44,335
(53)-12-24716,(48)-22-23520,09/01/1985,00:13:13,26
(20)-14-04311,(41)-20-31572,09/01/1985,01:22:34,118
(71)-14-01934,(40)-07-29031,09/01/1985,01:28:57,598
(34)-08-02086,(34)-05-41285,09/01/1985,07:44:08,2160
(61)-02-65383,(62)-08-23971,09/01/1985,16:42:40,2298
(36)-26-63474,(41)-11-22510,09/01/1985,19:59:23,79
(65)-03-94963,(61)-15-22489,09/01/1985,21:27:09,167
(46)-11-54769,(48)-01-53033,09/01/1985,22:46:24,113
(45)-14-11168,(21)-17-16980,09/02/1985,01:44:59,227
(48)-04-34925,(76)-01-94938,09/02/1985,03:45:34,2837
(78)-11-21985,(53)-15-34903,09/02/1985,09:41:09,256
(46)-00-47742,(46)-24-22809,09/02/1985,16:25:43,763
(23)-31-75837,(44)-14-65362,09/02/1985,23:13:54,161
(45)-21-12534,(73)-12-39704,09/02/1985,23:49:06,678
(77)-11-83366,(61)-09-34264,09/03/1985,02:18:38,141
(64)-09-73429,(55)-06-10644,09/03/1985,05:22:11,141
(45)-16-48882,(34)-03-61562,09/03/1985,10:56:47,534
(39)-15-23122,(44)-08-89517,09/03/1985,12:51:07,737
(58)-16-02328,(55)-14-86488,09/03/1985,13:32:40,698
(77)-06-88587,(62)-03-27725,09/03/1985,17:18:13,81
(37)-01-11431,(49)-21-75831,09/03/1985,19:38:53,81
(49)-02-39198,(57)-02-45125,09/03/1985,22:26:42,270
(40)-20-09448,(63)-01-19043,09/03/1985,23:23:01,4301
(29)-11-82236,(51)-09-03448,09/04/1985,01:26:51,418
(22)-04-85735,(53)-22-81664,09/04/1985,01:29:06,135
(78)-12-16449,(20)-15-24090,09/04/1985,01:30:55,10
(30)-10-09119,(53)-02-11126,09/04/1985,05:01:40,606
(21)-15-20472,(54)-16-90053,09/04/1985,06:58:42,11
(22)-31-46090,(51)-00-96976,09/04/1985,09:13:44,208
(26)-08-38241,(64)-12-49850,09/04/1985,10:09:12,808
(45)-01-98021,(29)-28-73644,09/04/1985,10:23:21,55
(46)-14-72908,(37)-23-03302,09/04/1985,16:56:39,879
(71)-10-40659,(46)-06-70301,09/04/1985,18:20:02,280
(36)-02-30371,(76)-07-10038,09/04/1985,23:32:09,62
(72)-11-02324,(33)-00-78231,09/05/1985,04:16:04,234
(39)-01-14373,(44)-01-82781,09/05/1985,12:47:36,639
(77)-03-85825,(25)-12-87861,09/05/1985,21:02:48,831
(60)-13-69608,(33)-05-11946,09/05/1985,21:56:48,124
(64)-00-23557,(60)-16-44694,09/05/1985,22:10:17,214
(54)-18-88932,(61)-14-89152,09/05/1985,23:53:49,3086
(57)-12-52474,(47)-10-66532,09/06/1985,06:41:23,125
(64)-13-97963,(20)-29-66881,09/06/1985,12:44:47,75
(77)-09-00803,(56)-02-05935,09/07/1985,00:09:15,120
(66)-14-36387,(22)-12-81743,09/07/1985,01:21:08,203
(76)-13-55878,(33)-11-61214,09/07/1985,09:03:10,278
(65)-10-50559,(51)-08-21102,09/07/1985,11:51:25,231
(72)-08-15139,(22)-23-92933,09/07/1985,14:29:28,7
(72)-11-81325,(57)-03-32813,09/07/1985,17:00:37,241
(78)-00-50416,(28)-18-30606,09/07/1985,17:24:05,4727
(52)-00-14650,(37)-15-69105,09/07/1985,18:52:13,653
(55)-06-26304,(79)-11-37269,09/07/1985,18:58:38,1956
(21)-13-19461,(39)-23-34977,09/08/1985,04:11:00,214
(51)-10-86988,(42)-12-48172,09/08/1985,05:38:29,270
(34)-25-26959,(36)-20-71860,09/08/1985,16:15:44,352
(26)-30-63327,(43)-07-53279,09/08/1985,19:52:37,135
(21)-10-75144,(68)-14-49765,09/08/1985,19:58:11,139
(32)-04-16361,(23)-21-23293,09/08/1985,21:22:32,119
(57)-13-00462,(71)-03-99634,09/08/1985,22:36:08,152
(45)-05-85497,(28)-21-82899,09/09/1985,03:56:15,254
(29)-11-40115,(71)-03-44541,09/09/1985,07:45:46,543
(70)-14-95822,(45)-02-94460,09/09/1985,21:34:44,502
(29)-01-70074,(50)-01-40480,09/10/1985,05:35:27,2671
(43)-21-40220,(78)-04-56445,09/10/1985,17:19:07,26
(60)-18-64778,(74)-14-39814,09/10/1985,20:47:14,1916
(21)-28-51207,(41)-18-92749,09/11/1985,05:18:31,37
(72)-10-98677,(46)-00-20474,09/11/1985,09:22:04,271
(44)-07-54924,(20)-16-68603,09/11/1985,10:51:22,633
(24)-00-34993,(54)-07-87063,09/11/1985,13:56:38,3213
(36)-00-46632,(51)-21-33284,09/11/1985,14:15:57,124
(30)-18-38967,(26)-05-09948,09/11/1985,14:35:27,215
(33)-21-59799,(31)-00-83110,09/11/1985,20:42:38,294
(33)-09-13053,(22)-31-48432,09/12/1985,01:18:41,1184
(68)-05-62603,(28)-19-58163,09/12/1985,07:39:21,3031
(75)-13-80338,(48)-14-61097,09/12/1985,10:49:27,696
(47)-12-88297,(54)-12-39630,09/12/1985,15:20:52,257
(30)-11-64427,(60)-14-07185,09/12/1985,18:56:24,20
(25)-14-05464,(25)-31-75543,09/12/1985,23:38:42,1717
(47)-04-80901,(24)-21-67810,09/13/1985,05:05:08,1691
(29)-04-21698,(38)-02-13258,09/13/1985,12:08:41,112
(24)-04-49442,(49)-05-77379,09/13/1985,12:57:41,942
(64)-05-11192,(50)-19-21380,09/13/1985,21:25:52,322
(65)-14-35884,(78)-11-91670,09/14/1985,02:21:47,25
(45)-02-12680,(41)-14-27412,09/14/1985,06:27:19,242
(63)-13-81399,(66)-03-10887,09/14/1985,13:05:00,2346
(23)-15-07551,(27)-13-25530,09/14/1985,14:28:52,435
(71)-02-87960,(62)-18-99099,09/14/1985,18:30:13,768
(77)-09-91982,(32)-00-39710,09/14/1985,18:49:55,257
(34)-01-88648,(43)-23-29717,09/15/1985,03:35:32,1075
(53)-06-79409,(43)-19-11293,09/15/1985,05:38:35,3254
(54)-21-73257,(74)-01-49379,09/15/1985,05:39:26,769
(49)-05-56515,(60)-05-76442,09/15/1985,07:08:43,4967
(77)-11-96347,(74)-11-98571,09/15/1985,13:18:13,245
(77)-12-04349,(28)-19-76652,09/16/1985,12:04:37,1850
(72)-11-66094,(57)-15-99352,09/16/1985,13:57:32,788
(67)-04-58787,(52)-17-74172,09/16/1985,15:24:39,386
(67)-08-20385,(51)-20-36818,09/16/1985,20:31:44,563
(53)-13-78840,(51)-04-49152,09/17/1985,05:26:52,19
(71)-10-38825,(29)-28-00097,09/17/1985,06:57:40,1164
(42)-10-54553,(54)-21-68479,09/17/1985,10:27:18,592
(44)-14-88601,(60)-09-07847,09/17/1985,10:54:46,11
(24)-25-93996,(47)-01-82758,09/17/1985,11:29:19,85
(20)-30-67454,(57)-09-47736,09/17/1985,15:47:16,128
(31)-24-17091,(38)-16-04121,09/17/1985,18:10:23,161
(65)-14-63442,(24)-22-67685,09/18/1985,01:52:24,292
(54)-04-40512,(26)-21-77266,09/18/1985,09:04:06,2656
(61)-10-86445,(54)-07-19121,09/18/1985,12:06:49,528
(64)-00-39962,(54)-11-38011,09/18/1985,18:38:06,205
(43)-12-03496,(21)-27-42474,09/18/1985,19:34:17,155
(69)-13-01584,(20)-11-47112,09/18/1985,19:59:49,2980
(26)-18-32427,(63)-00-03855,09/18/1985,21:12:10,512
(67)-11-68656,(30)-03-63534,09/18/1985,21:59:04,381
(27)-28-49719,(25)-13-80472,09/18/1985,22:21:50,2687
(56)-20-77641,(44)-03-98256,09/19/1985,02:10:28,893
(25)-29-77029,(50)-05-89213,09/19/1985,05:32:42,299
(25)-18-69045,(25)-04-46497,09/19/1985,13:23:42,148
(30)-08-03644,(49)-06-17634,09/19/1985,15:26:32,3407
(39)-09-24103,(63)-07-79500,09/19/1985,16:53:40,1113
(54)-13-45142,(25)-23-74760,09/19/1985,21:11:04,819
(24)-04-42091,(48)-16-60488,09/19/1985,21:51:31,138
(51)-18-06245,(58)-06-84483,09/20/1985,00:27:33,790
(63)-10-81902,(61)-00-29386,09/20/1985,01:02:09,126
(73)-14-24320,(20)-15-31457,09/20/1985,03:26:25,288
(46)-02-54154,(72)-06-32089,09/20/1985,05:54:37,14
(79)-12-59022,(24)-00-57232,09/20/1985,12:37:33,2529
(30)-01-62320,(30)-23-91646,09/20/1985,16:02:43,82
(28)-14-51109,(69)-07-21455,09/20/1985,20:32:15,248
(34)-16-09772,(33)-23-53052,09/21/1985,01:40:04,1446
(32)-23-03765,(56)-01-30328,09/21/1985,15:53:48,112
(24)-29-42411,(78)-12-52039,09/21/1985,19:17:45,2710
(37)-17-31394,(72)-11-21428,09/21/1985,22:46:55,930
(28)-00-79746,(68)-08-54626,09/21/1985,23:14:32,619
(77)-05-38560,(67)-03-60879,09/22/1985,01:02:44,988
(59)-02-41163,(45)-03-96580,09/22/1985,01:23:35,220
(58)-12-43457,(33)-01-25988,09/22/1985,02:27:03,610
(24)-19-42190,(48)-13-97887,09/22/1985,02:55:08,853
(53)-14-25067,(66)-10-85217,09/22/1985,08:15:51,182
(57)-10-60237,(68)-16-79511,09/22/1985,10:13:44,853
(20)-10-15264,(55)-11-99680,09/22/1985,16:22:36,1996
(49)-05-04121,(44)-13-09312,09/22/1985,17:21:04,264
(23)-27-98593,(32)-18-74687,09/22/1985,20:57:20,436
(55)-05-95898,(22)-06-65541,09/23/1985,02:48:41,264
(42)-16-75131,(47)-06-74868,09/23/1985,05:32:57,681
(20)-10-42182,(46)-12-59020,09/23/1985,08:02:35,183
(22)-04-24288,(37)-04-53641,09/23/1985,17:42:47,878
(37)-09-23383,(30)-07-20392,09/23/1985,22:11:33,6457
(66)-17-85225,(26)-21-94797,09/23/1985,23:16:22,833
(76)-13-27235,(58)-11-42636,09/24/1985,06:32:16,100
(41)-10-00009,(42)-17-65812,09/24/1985,06:56:45,2961
(31)-19-28330,(38)-10-74210,09/24/1985,09:31:12,23
(60)-18-17859,(66)-03-39909,09/24/1985,11:38:37,860
(66)-08-63829,(68)-05-17664,09/24/1985,14:45:51,467
(69)-08-68554,(27)-18-51467,09/24/1985,20:42:16,739
(77)-04-71322,(47)-23-86010,09/25/1985,00:18:30,565
(36)-20-16302,(54)-07-64746,09/25/1985,01:10:09,765
(65)-06-10220,(21)-24-68317,09/25/1985,03:51:32,181
(22)-01-46783,(53)-05-34090,09/25/1985,06:20:12,508
(22)-12-42267,(42)-09-17675,09/25/1985,14:17:58,277
(29)-15-80083,(39)-26-09817,09/25/1985,14:21:55,241
(61)-19-31897,(42)-00-99839,09/26/1985,01:04:56,3036
(20)-17-30388,(28)-30-42377,09/26/1985,08:23:24,15
(23)-02-83417,(71)-06-40672,09/26/1985,11:03:59,292
(34)-07-82087,(57)-07-29593,09/26/1985,19:19:36,2812
(64)-13-26183,(70)-16-21548,09/26/1985,22:32:21,228
(69)-10-51830,(64)-16-31789,09/26/1985,22:51:32,213
(57)-10-15454,(43)-10-83441,09/26/1985,23:18:54,57
(29)-29-34948,(22)-29-62912,09/27/1985,00:42:13,167
(58)-19-36923,(47)-17-70049,09/27/1985,00:43:02,739
(20)-26-83154,(66)-03-04594,09/27/1985,01:31:57,20
(64)-04-73480,(69)-08-15073,09/27/1985,05:48:30,357
(56)-12-60123,(36)-10-08799,09/27/1985,06:57:53,190
(24)-14-11028,(24)-08-59598,09/27/1985,07:41:50,15
(28)-12-91300,(31)-25-50598,09/27/1985,07:59:11,528
(32)-01-88109,(49)-01-23263,09/27/1985,11:35:49,2068
(37)-01-05854,(39)-02-51300,09/27/1985,14:47:53,38
(34)-13-51122,(68)-10-76783,09/27/1985,20:12:30,164
(31)-26-85862,(50)-21-54213,09/27/1985,20:56:58,1066
(55)-20-12757,(71)-14-28669,09/28/1985,06:30:52,100
(48)-20-99198,(65)-02-70898,09/28/1985,07:57:05,54
(40)-22-89788,(67)-00-85216,09/28/1985,12:22:37,443
(60)-06-10366,(37)-08-01172,09/28/1985,15:13:38,62
(38)-03-42249,(50)-06-40079,09/28/1985,17:05:18,66
(74)-01-20070,(75)-05-41959,09/28/1985,17:19:28,133
(57)-09-11349,(68)-05-63986,09/28/1985,19:48:36,102
(50)-06-61373,(31)-01-58307,09/29/1985,01:54:41,6029
(50)-00-77421,(66)-13-38159,09/29/1985,04:58:57,885
(42)-07-37846,(76)-10-19940,09/29/1985,07:51:32,13
(77)-12-66052,(68)-12-94829,09/29/1985,11:57:21,1906
(24)-24-21214,(64)-17-38888,09/29/1985,14:33:43,2930
(36)-05-15866,(41)-05-33536,09/29/1985,16:24:37,3378
(75)-06-24625,(39)-01-03920,09/29/1985,21:07:46,688
(30)-25-22499,(35)-07-16170,09/30/1985,00:46:30,64
(79)-10-74400,(66)-15-12861,09/30/1985,01:37:32,485
(67)-06-29828,(58)-17-52308,09/30/1985,04:18:38,3398
(48)-03-03224,(39)-06-09568,09/30/1985,09:29:37,677
(26)-06-34937,(32)-10-92823,09/30/1985,17:35:25,149
(47)-20-74276,(55)-01-70379,09/30/1985,22:04:19,553
(78)-06-99654,(61)-10-20104,09/30/1985,22:31:01,687
(46)-20-79427,(39)-17-04173,10/01/1985,05:15:49,56
(25)-08-49533,(20)-02-65172,10/01/1985,09:02:30,461
(75)-01-75828,(31)-00-48205,10/01/1985,17:39:02,739
(72)-07-44586,(64)-06-51215,10/01/1985,19:51:19,183
(39)-25-99794,(26)-07-05494,10/01/1985,22:06:46,303
(27)-07-50082,(35)-09-70175,10/01/1985,23:19:36,31
(51)-20-08914,(63)-01-52491,10/02/1985,04:32:30,3585
(35)-22-54614,(56)-00-20743,10/02/1985,04:34:54,778
(76)-08-72797,(51)-06-10195,10/02/1985,10:56:56,20
(46)-08-14709,(45)-09-53086,10/02/1985,11:37:07,196
(34)-16-74596,(24)-14-37146,10/02/1985,16:24:27,3569
(33)-04-13042,(62)-14-32270,10/02/1985,21:04:08,93
(68)-10-04161,(25)-26-09291,10/02/1985,22:05:18,254
(49)-17-21207,(29)-12-98561,10/03/1985,01:49:46,1238
(35)-10-28077,(68)-05-50689,10/03/1985,06:02:42,206
(33)-24-70324,(23)-31-39383,10/03/1985,10:37:29,2886
(47)-12-00736,(45)-12-02214,10/03/1985,12:33:56,99
(37)-09-00747,(77)-03-90801,10/03/1985,15:10:31,6931
(29)-11-14602,(60)-07-00010,10/03/1985,18:45:47,832
(72)-07-99996,(41)-03-77063,10/03/1985,19:24:44,240
(51)-04-99425,(65)-01-65091,10/04/1985,00:18:46,826
(45)-18-04083,(31)-13-59465,10/04/1985,03:32:08,287
(26)-22-32807,(32)-26-38673,10/04/1985,04:04:47,24
(79)-03-62144,(43)-25-16560,10/04/1985,12:34:15,51
(74)-12-01379,(33)-24-65573,10/04/1985,14:40:59,222
(66)-16-28519,(73)-12-53755,10/04/1985,21:02:52,298
(44)-02-51841,(39)-03-04746,10/04/1985,22:48:45,63
(45)-09-04789,(39)-05-04193,10/05/1985,12:19:15,276
(54)-17-53747,(66)-11-17323,10/05/1985,14:46:46,279
(79)-03-50747,(47)-23-95338,10/05/1985,20:44:37,177
(53)-07-05704,(52)-18-53192,10/05/1985,22:03:37,458
(39)-14-76913,(53)-18-07606,10/05/1985,22:45:58,3326
(78)-02-96646,(72)-15-11091,10/06/1985,10:11:23,417
(42)-22-63104,(39)-21-73521,10/06/1985,13:34:30,3051
(26)-00-63437,(64)-09-07264,10/06/1985,18:00:05,285
(61)-10-46461,(57)-04-91912,10/07/1985,00:39:37,56
(64)-04-11291,(32)-03-18762,10/07/1985,11:22:49,267
(50)-10-39207,(30)-29-70865,10/07/1985,11:54:47,3273
(62)-02-67088,(31)-02-40559,10/07/1985,15:41:06,22
(63)-02-88343,(36)-11-96045,10/07/1985,19:02:23,623
(74)-13-39620,(45)-11-94772,10/07/1985,19:24:41,3442
(58)-18-51291,(78)-06-93570,10/07/1985,19:34:57,281
(34)-09-14097,(64)-00-89285,10/07/1985,20:13:38,716
(48)-21-67885,(76)-11-80564,10/07/1985,20:15:54,672
(22)-06-14667,(71)-01-95751,10/08/1985,07:57:46,832
(65)-15-92760,(63)-18-89492,10/08/1985,12:20:19,267
(61)-04-72418,(38)-01-50530,10/08/1985,23:31:15,149
(64)-05-61599,(39)-05-21983,10/08/1985,23:53:52,420
(74)-06-97037,(58)-07-16624,10/09/1985,03:52:06,7148
(74)-13-12333,(36)-01-54502,10/09/1985,06:43:03,461
(27)-22-36760,(35)-21-75446,10/09/1985,18:02:48,1059
(79)-11-89615,(28)-12-98367,10/09/1985,19:58:27,145
(45)-05-81319,(72)-12-67466,10/09/1985,21:40:15,36
(74)-14-39318,(29)-29-71970,10/09/1985,23:43:08,2399
(67)-13-80714,(29)-19-16305,10/10/1985,00:43:20,374
(59)-16-56322,(36)-26-40092,10/10/1985,06:22:10,9
(74)-05-03551,(20)-14-95095,10/10/1985,16:08:36,30
(71)-10-94241,(21)-28-01817,10/11/1985,01:27:34,406
(65)-04-23207,(79)-11-44994,10/11/1985,02:47:09,190
(78)-00-58995,(37)-09-67736,10/11/1985,16:30:59,96
(29)-10-42735,(26)-27-84931,10/11/1985,17:44:12,368
(28)-20-38210,(66)-02-98540,10/11/1985,18:19:05,545
(28)-06-57768,(61)-08-40114,10/11/1985,19:45:27,321
(71)-12-82026,(65)-06-35893,10/12/1985,01:03:45,548
(55)-04-19922,(63)-16-79693,10/12/1985,04:09:27,213
(23)-02-07455,(70)-04-65711,10/12/1985,08:34:18,512
(49)-10-44015,(21)-23-40793,10/12/1985,11:51:31,73
(39)-16-81870,(28)-27-55834,10/13/1985,07:15:44,123
(30)-06-99113,(22)-09-94575,10/13/1985,08:08:24,281
(59)-00-01277,(69)-12-94225,10/13/1985,16:29:07,3439
(20)-22-01420,(42)-03-53654,10/13/1985,22:31:42,2373
(58)-11-93765,(30)-26-11945,10/14/1985,00:08:55,230
(76)-00-86743,(42)-12-08163,10/14/1985,04:04:43,221
(34)-22-48522,(25)-11-13001,10/14/1985,12:06:17,21
(38)-03-76541,(62)-05-73489,10/14/1985,20:31:10,850
(78)-05-38647,(53)-16-53803,10/14/1985,21:26:31,488
(33)-26-87434,(76)-06-27604,10/14/1985,23:23:43,846
(22)-21-83049,(36)-02-79429,10/15/1985,03:18:52,144
(75)-01-11726,(54)-03-81520,10/15/1985,04:58:27,2538
(65)-08-27939,(22)-23-29970,10/15/1985,07:47:30,283
(28)-18-97051,(20)-25-15235,10/15/1985,12:10:34,323
(54)-03-25039,(35)-10-61220,10/15/1985,12:12:58,230
(69)-14-70119,(79)-08-07217,10/15/1985,22:53:00,10
(37)-12-09721,(43)-07-36895,10/16/1985,09:54:32,247
(50)-14-13058,(61)-03-90797,10/16/1985,15:36:00,47
(52)-18-55779,(28)-04-03303,10/17/1985,01:10:14,452
(66)-15-90946,(45)-23-63200,10/17/1985,02:44:33,107
(57)-18-20531,(52)-01-20799,10/17/1985,05:20:39,697
(62)-18-71147,(23)-04-98621,10/17/1985,08:34:04,2637
(68)-06-17674,(68)-04-51016,10/17/1985,09:44:26,40
(66)-05-89189,(47)-23-02027,10/18/1985,08:56:53,17
(63)-02-94231,(36)-10-37235,10/18/1985,10:52:39,639
(23)-17-21532,(46)-22-21770,10/18/1985,15:16:26,156
(68)-10-41640,(31)-03-19037,10/18/1985,15:18:29,3171
(43)-07-96444,(26)-28-39845,10/18/1985,23:06:19,805
(30)-00-09008,(27)-11-15432,10/18/1985,23:37:33,3339
(79)-13-87105,(20)-31-44471,10/19/1985,01:14:46,3129
(64)-00-32658,(36)-25-41821,10/19/1985,04:20:15,837
(68)-16-34001,(73)-04-14559,10/19/1985,12:47:52,43
(70)-07-78072,(70)-15-12828,10/19/1985,13:51:42,139
(79)-01-74990,(37)-26-59055,10/19/1985,19:51:09,185
(66)-14-94704,(40)-01-67801,10/19/1985,21:35:07,2461
(60)-10-99237,(48)-13-53127,10/19/1985,21:43:03,54
(25)-14-02535,(48)-06-64133,10/20/1985,00:38:38,94
(54)-08-77645,(30)-16-37989,10/20/1985,03:21:19,142
(28)-16-11080,(55)-21-27362,10/20/1985,07:20:35,630
(41)-23-08267,(78)-04-26819,10/20/1985,22:20:34,1541
(76)-02-98491,(78)-03-61333,10/21/1985,04:38:21,1003
(79)-07-54662,(36)-19-72688,10/21/1985,05:51:37,531
(59)-07-67054,(56)-01-87762,10/21/1985,07:54:18,2125
(71)-09-23346,(29)-24-25699,10/21/1985,16:54:51,142
(76)-04-68300,(70)-04-51410,10/21/1985,20:24:06,261
(73)-13-01170,(43)-12-69606,10/22/1985,03:53:00,272
(49)-10-65828,(69)-13-42411,10/22/1985,07:23:42,503
(23)-09-35807,(29)-30-40414,10/22/1985,10:20:59,1478
(34)-16-36137,(70)-10-95018,10/22/1985,10:22:06,57
(57)-14-91124,(76)-03-26054,10/22/1985,20:25:40,144
(73)-11-54070,(43)-15-61503,10/22/1985,23:06:35,70
(34)-14-12116,(56)-05-45427,10/22/1985,23:14:26,70
(30)-26-60894,(42)-09-84344,10/23/1985,03:11:35,2438
(77)-06-58012,(53)-09-32588,10/23/1985,06:50:40,274
(31)-03-35472,(44)-08-00023,10/23/1985,07:51:02,133
(69)-02-38231,(27)-10-21527,10/23/1985,13:22:15,513
(68)-10-99623,(30)-14-23137,10/23/1985,16:40:40,727
(57)-11-93131,(71)-16-30857,10/23/1985,21:44:56,542
(26)-00-41279,(70)-08-60143,10/24/1985,08:45:24,2902
(24)-08-27587,(73)-10-26987,10/24/1985,09:29:06,760
(28)-10-55405,(58)-09-37304,10/24/1985,10:56:51,5
(42)-04-09661,(69)-01-31770,10/24/1985,13:39:16,345
(47)-20-58759,(21)-07-41087,10/24/1985,14:07:13,798
(32)-22-39302,(56)-15-19787,10/24/1985,17:28:28,192
(41)-13-84231,(79)-02-37694,10/25/1985,01:05:10,14
(76)-04-81235,(71)-14-70487,10/25/1985,07:10:18,705
(59)-20-89021,(75)-06-05425,10/25/1985,07:24:04,1783
(56)-19-17254,(20)-32-85754,10/25/1985,10:11:32,99
(72)-10-95796,(24)-24-47868,10/25/1985,10:23:04,468
(48)-06-29077,(66)-13-87391,10/25/1985,14:31:45,126
(56)-13-36718,(67)-07-41038,10/25/1985,19:14:33,286
(71)-02-41100,(35)-26-48610,10/25/1985,20:02:59,167
(65)-04-08004,(38)-25-50583,10/26/1985,12:35:50,54
(43)-21-45668,(72)-03-22679,10/26/1985,17:34:15,343
(30)-25-18082,(41)-17-15840,10/26/1985,21:35:56,625
(34)-05-54334,(37)-02-59842,10/26/1985,21:49:31,575
(50)-04-68741,(65)-11-39210,10/26/1985,23:34:48,838
(60)-16-87599,(56)-21-97612,10/27/1985,03:21:48,377
(48)-06-37026,(35)-16-67914,10/27/1985,10:24:03,140
(31)-15-57050,(44)-01-07377,10/28/1985,00:43:37,139
(37)-18-55838,(73)-03-89802,10/28/1985,01:33:43,277
(72)-07-43618,(53)-19-36553,10/28/1985,07:50:21,76
(58)-05-69476,(75)-12-78351,10/28/1985,17:26:42,3535
(35)-03-40470,(78)-04-71206,10/28/1985,19:41:26,214
(79)-03-50747,(57)-20-64255,10/28/1985,22:50:56,650
(36)-07-10996,(67)-13-26315,10/28/1985,23:07:43,545
(47)-19-62218,(51)-19-69203,10/29/1985,11:36:20,186
(57)-16-23574,(31)-14-20655,10/29/1985,23:01:32,70
(74)-00-97078,(49)-08-73064,10/30/1985,05:53:40,2569
(67)-15-33930,(44)-12-21964,10/30/1985,06:13:56,272
(56)-09-36453,(32)-04-82815,10/30/1985,06:47:24,377
(61)-02-62746,(61)-12-67988,10/30/1985,09:06:34,499
(77)-08-64454,(60)-00-86510,10/30/1985,09:10:36,253
(73)-09-57825,(21)-25-15781,10/30/1985,11:53:08,607
(40)-13-39322,(70)-16-48747,10/31/1985,00:04:58,45
(58)-10-21317,(64)-01-88146,10/31/1985,00:08:12,232
(20)-15-29742,(71)-09-29088,10/31/1985,02:11:51,154
(30)-25-25694,(49)-01-02208,10/31/1985,16:10:27,262
(55)-21-60037,(43)-16-90635,10/31/1985,19:15:06,106
(45)-06-09415,(54)-21-35958,10/31/1985,23:38:47,1677
(31)-07-71224,(49)-08-78252,11/01/1985,02:45:54,100
(42)-10-72401,(34)-11-32060,11/01/1985,03:56:53,182
(59)-15-63922,(71)-08-01774,11/01/1985,08:35:22,479
(29)-29-33628,(45)-08-66775,11/01/1985,09:18:11,182
(39)-02-29637,(21)-00-24591,11/01/1985,12:14:06,579
(68)-04-94148,(39)-04-25476,11/01/1985,20:38:55,381
(27)-23-19450,(46)-20-14844,11/02/1985,00:09:44,204
(72)-13-29927,(62)-14-10279,11/02/1985,00:34:43,663
(33)-08-49021,(47)-21-01807,11/02/1985,02:37:33,3143
(38)-00-16124,(37)-21-72520,11/02/1985,06:00:43,56
(57)-18-29848,(41)-17-53646,11/02/1985,09:00:07,306
(47)-01-08878,(70)-16-62160,11/02/1985,11:57:38,570
(39)-00-62387,(34)-00-75224,11/03/1985,02:55:30,1182
(67)-09-49980,(69)-04-20106,11/03/1985,03:50:43,530
(69)-03-16339,(63)-11-10364,11/03/1985,07:48:33,837
(67)-07-21218,(66)-11-31718,11/03/1985,11:00:48,153
(53)-08-92895,(32)-15-48148,11/03/1985,11:27:05,60
(43)-24-59431,(55)-00-93040,11/03/1985,12:31:25,61
(32)-07-49410,(64)-18-56970,11/03/1985,13:28:07,2098
(27)-30-68113,(52)-01-78896,11/03/1985,13:38:52,174
(22)-04-85735,(59)-04-69617,11/03/1985,14:26:08,159
(70)-11-61059,(33)-21-05922,11/03/1985,21:21:30,293
(40)-26-43884,(46)-24-96005,11/03/1985,21:49:15,62
(22)-09-16389,(31)-20-96609,11/04/1985,07:38:21,1923
(35)-22-52299,(49)-15-53460,11/04/1985,10:50:42,1018
(45)-23-85537,(76)-14-14250,11/04/1985,19:58:23,998
(69)-11-67421,(23)-28-13134,11/04/1985,22:40:01,297
(46)-02-94675,(27)-11-54906,11/05/1985,08:54:16,110
(49)-09-61168,(50)-21-59861,11/05/1985,13:04:31,2572
(26)-14-42995,(73)-15-89262,11/05/1985,13:32:33,1641
(57)-18-16854,(24)-12-07557,11/05/1985,15:09:02,187
(37)-04-51469,(77)-09-80119,11/05/1985,21:43:55,61
(41)-04-52878,(60)-13-76038,11/06/1985,09:12:49,90
(41)-05-87864,(63)-01-82253,11/06/1985,11:44:10,417
(55)-14-07739,(50)-17-02851,11/06/1985,15:12:53,21
(45)-09-88375,(24)-28-54561,11/06/1985,16:26:19,797
(58)-15-68024,(45)-00-37923,11/07/1985,01:17:18,61
(53)-13-53425,(78)-06-17723,11/07/1985,02:35:29,56
(48)-05-31633,(77)-08-30816,11/07/1985,03:01:34,40
(76)-10-07700,(67)-07-95969,11/07/1985,05:21:00,30
(45)-18-56837,(49)-09-63371,11/07/1985,09:17:10,602
(77)-14-04356,(48)-01-93144,11/07/1985,09:59:52,331
(28)-29-38602,(62)-11-94227,11/07/1985,11:03:25,257
(31)-16-22267,(65)-13-32653,11/07/1985,13:45:03,7
(76)-10-88521,(59)-12-37505,11/07/1985,22:01:31,225
(32)-23-84992,(30)-00-65724,11/08/1985,14:11:16,443
(42)-24-88287,(60)-06-03703,11/08/1985,15:09:13,3382
(64)-11-46391,(71)-13-08854,11/08/1985,16:39:01,136
(25)-11-37540,(78)-11-22064,11/09/1985,05:57:25,58
(27)-26-51489,(76)-07-44061,11/09/1985,06:07:35,631
(24)-02-21160,(41)-20-15360,11/09/1985,21:45:07,5315
(46)-24-73361,(54)-16-40441,11/10/1985,00:08:38,247
(39)-00-70857,(59)-08-55516,11/10/1985,00:35:55,2380
(44)-08-19764,(34)-19-46462,11/10/1985,01:57:35,1108
(69)-14-51511,(78)-12-27096,11/10/1985,03:34:41,1678
(70)-16-73163,(49)-15-34173,11/10/1985,04:50:50,31
(38)-10-29285,(75)-09-92140,11/10/1985,09:29:38,69
(36)-01-90255,(36)-11-83147,11/10/1985,19:23:11,115
(52)-22-25250,(30)-18-19398,11/10/1985,20:02:42,126
(69)-08-12988,(61)-18-75253,11/11/1985,04:15:50,240
(51)-19-32417,(35)-07-80331,11/11/1985,11:06:11,891
(55)-10-82726,(34)-22-31256,11/11/1985,18:29:36,1696
(46)-20-47351,(20)-01-68655,11/11/1985,20:48:52,64
(77)-06-46725,(61)-11-74340,11/12/1985,02:02:19,384
(64)-06-46403,(36)-24-40054,11/12/1985,02:41:18,251
(21)-29-56991,(29)-01-70074,11/12/1985,02:56:24,503
(66)-00-28334,(43)-22-32937,11/12/1985,03:11:53,283
(45)-17-76755,(53)-01-70042,11/12/1985,03:50:12,294
(48)-02-86547,(54)-15-49189,11/12/1985,12:36:08,476
(53)-17-39372,(48)-19-69668,11/12/1985,16:59:36,664
(35)-17-36655,(66)-05-98091,11/12/1985,17:19:23,112
(66)-05-18580,(25)-00-13621,11/13/1985,03:17:28,102
(69)-03-90702,(69)-02-36703,11/13/1985,12:17:01,482
(63)-00-66500,(76)-14-34631,11/13/1985,14:11:37,567
(75)-09-00381,(49)-03-18677,11/13/1985,15:19:01,769
(60)-07-95245,(56)-00-79961,11/13/1985,19:00:54,534
(45)-13-83310,(50)-06-58607,11/13/1985,20:02:53,604
(39)-23-50532,(35)-08-79730,11/13/1985,22:43:17,8
(22)-23-29503,(37)-19-85222,11/14/1985,04:32:04,311
(48)-19-35781,(43)-10-50129,11/14/1985,04:42:18,767
(20)-32-96516,(22)-07-95496,11/14/1985,05:48:06,288
(24)-20-34580,(56)-02-91518,11/14/1985,10:03:46,3211
(54)-18-70916,(34)-00-52813,11/14/1985,11:15:08,35
(39)-12-73438,(22)-23-29455,11/15/1985,01:31:01,885
(52)-12-73268,(45)-16-30777,11/15/1985,02:54:25,307
(55)-20-55743,(77)-08-06438,11/15/1985,04:04:11,57
(45)-02-00780,(69)-03-39484,11/15/1985,06:47:07,93
(29)-21-02729,(31)-09-57640,11/15/1985,09:02:31,2681
(72)-00-69501,(62)-06-60860,11/15/1985,11:38:17,3191
(65)-00-69082,(41)-24-97555,11/15/1985,11:56:00,35
(69)-07-38596,(67)-02-85032,11/15/1985,13:37:30,181
(75)-01-92452,(72)-07-36933,11/15/1985,14:10:10,3121
(63)-09-22990,(22)-01-50361,11/15/1985,14:20:41,533
(26)-28-59981,(38)-06-68368,11/15/1985,14:31:04,132
(67)-06-15388,(36)-10-68623,11/16/1985,09:27:45,18
(44)-07-11835,(36)-17-21934,11/16/1985,10:31:08,50
(23)-04-58683,(60)-04-82083,11/16/1985,11:52:10,99
(40)-20-22718,(25)-08-26644,11/16/1985,18:10:47,430
(73)-08-56029,(26)-13-16021,11/16/1985,19:11:39,163
(43)-05-94264,(22)-04-47962,11/16/1985,21:39:00,149
(21)-17-15638,(43)-11-29817,11/17/1985,07:26:00,84
(26)-18-48273,(44)-22-78227,11/17/1985,12:46:49,1988
(20)-17-86653,(23)-24-53677,11/17/1985,20:02:16,1129
(48)-08-15783,(67)-11-13950,11/18/1985,01:47:18,145
(49)-12-65872,(33)-02-41587,11/18/1985,06:54:43,619
(45)-12-52442,(37)-17-56273,11/18/1985,11:59:39,3171
(61)-15-49370,(74)-10-75617,11/18/1985,12:26:52,365
(66)-13-32432,(68)-01-11276,11/18/1985,23:23:28,263
(60)-13-91606,(75)-07-08456,11/19/1985,12:45:39,328
(23)-00-87543,(45)-17-07162,11/19/1985,14:48:23,206
(21)-15-31139,(51)-00-34324,11/19/1985,18:14:37,235
(48)-20-83912,(77)-09-98821,11/19/1985,22:33:08,1683
(70)-13-02290,(41)-00-46501,11/20/1985,04:01:37,120
(62)-10-57544,(63)-04-68434,11/20/1985,17:29:21,139
(70)-02-60317,(45)-02-19861,11/20/1985,18:54:41,810
(37)-21-09991,(57)-09-77994,11/20/1985,18:57:07,1793
(34)-22-08406,(52)-05-06629,11/20/1985,23:03:29,1199
(36)-08-50390,(21)-28-83133,11/20/1985,23:57:23,890
(72)-02-89524,(57)-18-99945,11/21/1985,02:03:50,598
(30)-17-80986,(56)-01-21836,11/21/1985,13:45:14,726
(46)-08-00885,(46)-17-48811,11/21/1985,13:52:11,3388
(29)-09-51670,(66)-12-94542,11/22/1985,01:59:32,761
(62)-04-75804,(23)-07-82365,11/22/1985,11:59:46,121
(28)-16-66851,(65)-12-99774,11/22/1985,14:56:22,43
(78)-02-40547,(57)-14-33793,11/23/1985,02:11:46,84
(24)-08-19807,(71)-05-88444,11/23/1985,06:53:23,90
(77)-09-94431,(23)-03-08597,11/23/1985,12:07:39,2230
(51)-22-83350,(38)-07-30007,11/23/1985,14:57:54,415
(69)-05-97399,(74)-07-72441,11/24/1985,00:26:40,56
(32)-14-02119,(47)-14-80314,11/24/1985,03:46:07,1987
(61)-07-63460,(52)-02-07572,11/24/1985,10:26:06,543
(64)-03-42118,(49)-05-04121,11/24/1985,13:05:48,28
(29)-16-18502,(22)-07-16563,11/24/1985,15:15:27,338
(52)-02-50744,(68)-00-83837,11/24/1985,15:55:57,189
(45)-10-01462,(74)-15-40719,11/24/1985,23:49:48,177
(36)-19-18336,(60)-18-79146,11/25/1985,03:32:33,1793
(55)-18-57186,(41)-06-09742,11/25/1985,05:11:45,165
(54)-13-50676,(72)-02-30316,11/25/1985,06:36:37,216
(41)-07-17043,(41)-13-28204,11/25/1985,12:05:03,447
(62)-18-03018,(49)-13-17230,11/25/1985,13:11:24,240
(56)-09-66945,(45)-04-02946,11/25/1985,16:48:09,2676
(21)-25-11141,(21)-00-55577,11/26/1985,03:30:00,129
(60)-03-67234,(38)-07-64336,11/26/1985,13:49:07,5367
(65)-14-08577,(63)-15-14971,11/26/1985,22:50:53,160
(71)-04-79754,(23)-15-43933,11/27/1985,10:18:05,767
(24)-30-32661,(23)-14-72985,11/27/1985,10:19:59,262
(30)-28-30735,(69)-02-42905,11/27/1985,11:22:39,293
(20)-07-62481,(30)-27-83803,11/27/1985,13:14:02,797
(55)-16-72756,(39)-20-58206,11/27/1985,16:42:32,159
(46)-15-09568,(41)-00-03523,11/27/1985,20:39:35,270
(30)-25-24269,(32)-08-55492,11/28/1985,11:20:35,1119
(27)-25-42233,(53)-07-25167,11/28/1985,22:22:48,318
(78)-10-93971,(63)-05-86471,11/29/1985,00:32:53,448
(48)-02-55031,(62)-08-22708,11/29/1985,10:49:43,221
(53)-14-83480,(57)-16-67694,11/29/1985,11:25:06,247
(73)-00-71899,(65)-11-17810,11/29/1985,15:12:03,179
(24)-09-76196,(48)-00-90236,11/29/1985,17:38:16,603
(49)-20-23855,(76)-03-93061,11/29/1985,18:16:29,316
(59)-19-59317,(63)-18-46377,11/29/1985,20:05:07,102
(53)-13-35476,(66)-16-47763,11/29/1985,20:57:17,252
(77)-01-96367,(41)-13-28227,11/30/1985,01:59:35,31
(64)-18-62319,(57)-15-26010,11/30/1985,02:45:27,519
(30)-04-36124,(55)-02-45481,12/01/1985,01:08:11,135
(30)-11-46139,(45)-24-61531,12/01/1985,01:16:43,1872
(35)-27-93539,(56)-20-91304,12/01/1985,02:09:27,97
(28)-02-07956,(70)-11-74429,12/01/1985,04:27:17,429
(37)-08-52143,(41)-25-42729,12/01/1985,05:28:21,830
(66)-10-56610,(55)-11-04328,12/01/1985,08:16:45,631
(76)-12-05174,(29)-25-50354,12/01/1985,08:25:36,736
(55)-03-44409,(28)-24-79015,12/01/1985,13:48:09,1922
(57)-02-31969,(56)-14-14656,12/01/1985,13:58:32,245
(62)-15-64785,(30)-06-63251,12/01/1985,23:35:10,257
(41)-02-59252,(38)-20-07888,12/02/1985,11:26:19,8
(23)-06-88192,(59)-12-63286,12/02/1985,14:50:26,1135
(78)-11-29323,(55)-08-82931,12/02/1985,20:12:33,42
(37)-12-09721,(76)-09-66365,12/03/1985,00:12:29,178
(77)-04-05516,(56)-03-03690,12/03/1985,01:55:09,144
(32)-21-53278,(29)-00-71239,12/03/1985,06:47:37,30
(68)-05-50195,(26)-13-70110,12/03/1985,08:22:55,266
