(70)-10-92427,(49)-21-31056,01/02/1978,09:57:53,1162
(75)-04-69303,(64)-10-97305,01/03/1978,05:05:32,811
(68)-12-12089,(34)-23-53658,01/03/1978,13:28:49,49
(71)-09-17086,(41)-05-03224,01/04/1978,02:21:11,1439
(52)-21-40388,(60)-07-73966,01/05/1978,10:15:21,2665
(35)-07-48196,(24)-26-39968,01/07/1978,10:15:56,347
(69)-09-55591,(60)-02-01915,01/07/1978,14:38:45,15
(70)-14-62679,(71)-13-99675,01/09/1978,09:56:14,489
(61)-13-48965,(79)-12-28366,01/10/1978,02:28:13,831
(44)-16-24788,(68)-13-26270,01/10/1978,08:30:42,335
(40)-00-17394,(40)-15-35436,01/10/1978,15:34:07,70
(30)-28-86839,(70)-07-78072,01/10/1978,19:36:12,83
(66)-05-89457,(54)-18-83770,01/11/1978,18:22:17,62
(73)-09-75051,(68)-02-58811,01/12/1978,05:16:08,535
(54)-12-51613,(61)-16-03661,01/12/1978,07:38:34,1155
(26)-04-66081,(60)-17-62446,01/13/1978,20:57:16,1840
(49)-13-69795,(54)-03-75686,01/14/1978,08:44:40,2973
(75)-09-41210,(54)-09-54455,01/15/1978,02:04:39,249
(48)-15-49225,(28)-10-88645,01/16/1978,09:13:29,1122
(42)-01-94572,(62)-08-80381,01/17/1978,13:18:41,246
(64)-11-93512,(34)-09-57393,01/18/1978,09:06:29,111
(28)-13-55117,(43)-15-72454,01/18/1978,13:43:55,252
(58)-00-71182,(69)-16-52615,01/18/1978,20:10:50,1137
(46)-03-78082,(33)-02-91218,01/19/1978,00:12:23,112
(66)-02-84119,(22)-00-65689,01/19/1978,23:55:46,37
(74)-09-60346,(40)-16-57958,01/20/1978,16:07:40,245
(66)-11-93155,(48)-07-53949,01/21/1978,00:09:49,1378
(66)-16-47763,(79)-12-65457,01/21/1978,06:38:16,48
(40)-23-16008,(59)-19-69715,01/21/1978,10:46:17,2113
(53)-04-81186,(52)-15-94475,01/21/1978,16:11:00,2668
(61)-12-16951,(45)-17-28514,01/22/1978,01:16:05,38
(65)-08-49788,(38)-04-13775,01/22/1978,10:56:21,425
(49)-10-46820,(56)-10-45307,01/22/1978,23:11:50,144
(59)-19-72029,(56)-04-64910,01/22/1978,23:15:09,174
(77)-13-12467,(73)-00-34445,01/24/1978,00:54:46,794
(78)-02-70778,(38)-05-18267,01/24/1978,14:46:14,852
(33)-22-32964,(50)-03-75005,01/25/1978,02:12:52,745
(47)-10-66532,(63)-02-84928,01/25/1978,03:41:23,50
(74)-07-42357,(34)-15-99695,01/25/1978,10:50:12,602
(38)-00-90040,(76)-11-21462,01/27/1978,14:37:52,177
(53)-18-42540,(35)-03-59854,01/27/1978,19:03:55,233
(37)-14-41765,(34)-27-73656,01/27/1978,19:51:14,20
(60)-17-62446,(57)-05-46567,01/28/1978,06:22:14,2226
(78)-06-78272,(78)-02-89769,01/28/1978,10:34:32,2595
(58)-15-08484,(64)-15-82996,01/29/1978,20:13:15,179
(75)-08-49552,(20)-25-71183,01/29/1978,23:20:53,3581
(70)-00-25051,(52)-02-12044,01/31/1978,15:07:52,152
(67)-02-29932,(35)-03-17957,01/31/1978,16:18:52,299
(41)-22-32446,(74)-00-84898,01/31/1978,23:50:59,42
(65)-00-98725,(24)-22-32617,02/01/1978,15:15:17,663
(67)-00-63319,(25)-25-45965,02/03/1978,03:13:55,2542
(32)-27-49036,(50)-02-17415,02/03/1978,16:20:08,2439
(78)-00-55051,(76)-06-95295,02/03/1978,23:49:05,64
(55)-21-94028,(32)-28-97406,02/04/1978,03:19:52,2485
(59)-07-73443,(73)-08-97388,02/05/1978,05:05:34,812
(50)-03-97273,(50)-11-95116,02/05/1978,10:12:09,1971
(43)-00-13577,(63)-00-16017,02/05/1978,22:47:37,294
(40)-09-99558,(50)-00-41371,02/06/1978,00:36:49,145
(26)-26-14965,(27)-04-70387,02/06/1978,05:30:57,287
(52)-09-51347,(74)-15-52931,02/06/1978,11:03:20,247
(67)-17-12843,(74)-07-98845,02/06/1978,14:36:49,348
(60)-08-77523,(34)-26-42967,02/07/1978,17:32:07,291
(63)-01-50892,(79)-10-42833,02/08/1978,09:32:35,831
(48)-16-99492,(53)-03-73279,02/08/1978,22:29:11,19
(27)-02-83789,(50)-10-96193,02/09/1978,10:50:12,941
(47)-05-57323,(62)-16-50839,02/10/1978,16:49:26,2111
(44)-23-02035,(57)-12-29425,02/11/1978,01:23:59,850
(31)-09-82769,(46)-11-64440,02/11/1978,16:34:45,124
(60)-02-82410,(23)-12-59742,02/12/1978,10:07:09,778
(31)-27-37705,(24)-31-83156,02/13/1978,06:44:51,107
(57)-18-02154,(56)-15-82389,02/13/1978,16:56:38,136
(22)-09-00666,(75)-00-73278,02/14/1978,13:26:07,48
(31)-19-62153,(57)-17-67949,02/17/1978,08:05:12,125
(36)-09-11647,(37)-05-63596,02/19/1978,21:11:20,529
(66)-01-31501,(24)-18-13416,02/21/1978,00:23:17,51
(57)-13-91642,(31)-11-44782,02/21/1978,04:57:13,426
(70)-15-73847,(35)-13-52725,02/21/1978,18:50:53,821
(38)-00-52363,(30)-01-45070,02/22/1978,20:12:05,34
(51)-20-17964,(63)-13-16242,02/23/1978,23:24:41,1019
(32)-00-98814,(45)-24-14488,02/24/1978,20:42:01,3351
(32)-02-48851,(75)-02-33778,02/25/1978,16:31:49,60
(39)-04-72937,(76)-06-02452,02/25/1978,20:48:49,586
(56)-08-24618,(75)-09-51812,02/27/1978,09:54:06,734
(76)-00-06625,(35)-16-18697,02/27/1978,16:06:46,578
(45)-16-83277,(40)-26-46500,02/27/1978,18:25:32,765
(67)-14-17694,(53)-06-98960,03/01/1978,21:03:43,782
(56)-21-24721,(21)-07-92787,03/04/1978,05:44:32,2445
(60)-09-61690,(34)-03-62019,03/04/1978,20:45:31,737
(23)-06-34368,(58)-05-76830,03/05/1978,16:55:22,60
(69)-13-36611,(56)-15-50299,03/07/1978,02:12:36,56
(26)-04-00354,(73)-12-31745,03/07/1978,20:26:32,723
(30)-24-94121,(38)-13-01570,03/08/1978,19:10:18,52
(64)-05-15404,(77)-04-14517,03/09/1978,21:02:55,3118
(59)-03-03564,(79)-01-18919,03/10/1978,12:40:18,3174
(21)-11-74742,(22)-18-41920,03/10/1978,14:06:21,54
(65)-06-69344,(44)-14-67940,03/10/1978,22:58:10,573
(44)-14-04634,(26)-20-88240,03/11/1978,02:49:10,2348
(64)-14-27102,(78)-06-30728,03/11/1978,03:10:22,171
(75)-13-43646,(32)-10-54415,03/11/1978,17:05:50,721
(31)-05-00191,(74)-00-37036,03/12/1978,01:07:28,576
(46)-04-75021,(69)-16-24862,03/12/1978,08:11:13,274
(40)-13-28712,(44)-18-21277,03/13/1978,20:22:43,197
(66)-11-76384,(26)-31-88745,03/14/1978,00:41:25,216
(30)-01-83704,(45)-15-61648,03/14/1978,06:50:45,2176
(69)-02-42311,(50)-03-66637,03/15/1978,10:12:38,623
(74)-09-81244,(30)-24-82695,03/16/1978,04:33:19,81
(42)-10-63378,(71)-02-08991,03/16/1978,23:37:11,2027
(78)-05-73110,(62)-03-50813,03/17/1978,07:37:00,870
(52)-08-23145,(22)-05-87698,03/17/1978,17:53:37,36
(62)-07-24736,(22)-12-93773,03/18/1978,08:34:34,1475
(43)-18-77180,(75)-00-09668,03/18/1978,13:36:49,244
(68)-10-69502,(51)-04-21013,03/18/1978,17:03:45,727
(64)-01-91516,(29)-15-57503,03/19/1978,09:08:20,137
(72)-06-21808,(29)-11-08366,03/20/1978,04:28:38,285
(76)-00-01604,(46)-20-40977,03/20/1978,07:42:49,5034
(42)-00-11040,(61)-03-91119,03/21/1978,11:24:34,676
(40)-07-45281,(77)-12-45056,03/21/1978,16:05:01,739
(55)-19-08950,(25)-26-89849,03/22/1978,04:06:10,122
(72)-14-14492,(41)-07-24728,03/22/1978,04:35:28,37
(34)-08-13927,(65)-16-51795,03/22/1978,18:29:32,1133
(59)-04-82485,(42)-02-82595,03/23/1978,06:03:21,181
(31)-21-80618,(68)-07-95587,03/24/1978,04:32:45,68
(64)-12-22095,(66)-00-72623,03/24/1978,08:40:22,286
(75)-06-72746,(40)-19-92562,03/24/1978,09:57:55,280
(33)-12-21351,(70)-04-20411,03/24/1978,19:52:17,165
(35)-08-08911,(42)-19-62551,03/26/1978,23:41:03,62
(37)-10-08144,(59)-19-63561,03/27/1978,00:24:08,73
(36)-20-68857,(75)-01-66844,03/27/1978,08:28:51,195
(28)-16-82940,(57)-09-52987,03/27/1978,15:41:42,257
(29)-12-75884,(76)-05-86136,03/28/1978,20:41:42,237
(55)-12-90867,(68)-06-49526,03/28/1978,22:27:59,592
(21)-18-44695,(21)-07-01463,03/29/1978,14:08:38,584
(21)-13-76620,(54)-21-83847,03/30/1978,07:11:21,284
(74)-10-06204,(70)-11-21525,03/30/1978,08:23:54,17
(44)-21-24940,(57)-11-57763,03/31/1978,09:49:52,124
(50)-03-52244,(77)-12-39002,03/31/1978,23:38:03,1524
(33)-17-06549,(50)-04-51022,04/01/1978,05:59:42,719
(35)-17-58277,(33)-11-67216,04/02/1978,23:15:47,170
(36)-27-61123,(38)-25-93160,04/04/1978,02:33:14,149
(32)-22-28438,(48)-23-81600,04/04/1978,02:49:15,655
(59)-01-40816,(35)-07-61563,04/05/1978,06:33:01,258
(40)-10-03243,(43)-03-17982,04/05/1978,08:30:09,268
(36)-02-69085,(41)-19-06965,04/06/1978,04:37:13,140
(48)-23-30374,(37)-10-45646,04/06/1978,05:43:57,340
(25)-21-71354,(31)-02-50451,04/06/1978,19:16:52,72
(74)-07-38579,(61)-19-37678,04/07/1978,01:38:55,729
(44)-03-59668,(20)-12-28662,04/07/1978,03:24:49,437
(22)-29-64208,(36)-03-08003,04/09/1978,06:39:55,512
(21)-15-32515,(29)-04-09715,04/10/1978,20:28:07,16
(72)-08-91828,(38)-07-49483,04/11/1978,02:34:06,249
(58)-11-87508,(55)-04-96261,04/13/1978,06:51:43,878
(71)-05-49664,(35)-05-64085,04/13/1978,12:48:39,105
(53)-01-77594,(75)-10-56294,04/13/1978,19:36:30,760
(45)-08-56351,(76)-05-61103,04/14/1978,08:24:48,3186
(63)-04-32879,(70)-04-38593,04/14/1978,12:07:14,205
(23)-12-86225,(77)-04-68175,04/15/1978,06:05:32,197
(29)-02-69462,(75)-10-79705,04/15/1978,14:51:41,551
(57)-16-37724,(50)-08-97528,04/16/1978,08:07:11,2168
(64)-12-64782,(75)-05-78285,04/17/1978,01:21:24,728
(56)-19-89709,(32)-21-32643,04/19/1978,07:52:41,125
(51)-03-90249,(26)-31-60448,04/20/1978,07:14:02,755
(79)-09-27968,(43)-06-56180,04/20/1978,07:23:24,172
(43)-01-60405,(40)-09-43720,04/20/1978,18:55:24,238
(77)-08-31418,(57)-02-02388,04/21/1978,09:33:41,32
(65)-14-46812,(61)-16-86766,04/22/1978,22:37:34,145
(33)-27-96213,(36)-08-69630,04/23/1978,12:30:37,2409
(28)-02-87238,(77)-04-21959,04/24/1978,02:58:56,3513
(55)-06-21460,(37)-26-01754,04/25/1978,16:10:34,147
(37)-21-15278,(64)-13-30253,04/25/1978,19:47:17,842
(73)-05-98947,(56)-01-41348,04/26/1978,12:39:34,181
(64)-18-95057,(34)-06-65518,04/26/1978,15:52:32,195
(43)-20-65674,(74)-04-74179,04/28/1978,07:51:48,241
(64)-00-33652,(22)-03-93107,04/28/1978,10:43:28,205
(78)-13-11170,(48)-01-48654,04/28/1978,19:19:54,881
(62)-18-62541,(71)-15-53392,04/29/1978,07:21:03,3433
(69)-11-85240,(38)-09-51246,04/29/1978,14:10:40,957
(62)-17-74808,(48)-22-60477,04/29/1978,16:06:06,5616
(78)-11-98515,(52)-21-23649,04/29/1978,17:44:52,441
(54)-07-23000,(29)-16-60290,05/01/1978,03:12:18,3324
(27)-12-51994,(65)-10-65115,05/01/1978,06:54:33,147
(61)-10-94538,(22)-31-27761,05/02/1978,00:11:50,40
(49)-18-51113,(71)-04-01076,05/02/1978,00:41:01,35
(76)-07-24104,(38)-15-37765,05/02/1978,17:18:55,196
(27)-26-01697,(22)-18-41920,05/02/1978,21:13:56,214
(67)-07-91092,(42)-12-32112,05/03/1978,09:40:06,834
(70)-16-94260,(56)-09-82559,05/03/1978,16:42:23,425
(46)-09-01635,(24)-16-82914,05/05/1978,18:13:44,49
(21)-00-83648,(78)-00-49229,05/06/1978,23:04:57,2743
(52)-00-14650,(48)-16-25629,05/09/1978,10:00:01,38
(52)-11-54094,(68)-10-07069,05/09/1978,19:32:05,2284
(38)-05-28079,(22)-25-55098,05/11/1978,01:40:21,5286
(74)-01-89824,(42)-03-86231,05/11/1978,21:09:45,138
(61)-18-37867,(33)-05-92739,05/12/1978,17:21:09,6
(59)-03-61644,(53)-16-43632,05/13/1978,10:34:54,1687
(77)-07-37789,(63)-09-66702,05/13/1978,12:56:26,801
(76)-07-44061,(73)-02-10715,05/13/1978,14:13:36,1663
(33)-03-49967,(72)-06-75025,05/14/1978,01:54:09,68
(27)-08-58675,(27)-15-95389,05/14/1978,05:29:05,188
(68)-07-49988,(47)-20-28565,05/16/1978,15:08:18,166
(48)-12-11704,(72)-11-64382,05/17/1978,16:35:04,131
(74)-09-62968,(52)-19-13484,05/17/1978,21:46:13,489
(21)-12-91546,(22)-02-42105,05/18/1978,10:23:59,131
(66)-11-69355,(64)-07-34645,05/19/1978,08:37:23,689
(29)-22-02713,(35)-15-59959,05/19/1978,13:04:19,83
(21)-24-73015,(48)-00-53901,05/20/1978,08:43:27,1811
(22)-16-07936,(65)-10-04924,05/21/1978,07:54:48,170
(51)-18-06313,(65)-18-71341,05/21/1978,07:58:36,136
(26)-21-09249,(51)-01-21749,05/22/1978,08:59:09,464
(33)-02-23756,(67)-03-03472,05/22/1978,20:00:57,1773
(25)-28-16363,(76)-04-08483,05/23/1978,06:49:59,146
(68)-00-17588,(56)-04-45098,05/24/1978,07:56:18,204
(65)-00-22409,(68)-11-20197,05/24/1978,23:34:05,394
(36)-25-84671,(79)-09-30326,05/25/1978,18:02:16,2477
(56)-08-31987,(59)-02-82734,05/27/1978,03:08:46,1023
(53)-08-94901,(38)-14-11115,05/28/1978,03:11:10,167
(44)-24-92087,(59)-17-67137,05/28/1978,14:30:54,2867
(46)-23-85879,(55)-05-07989,05/29/1978,08:45:23,137
(71)-08-08635,(56)-02-50298,05/30/1978,07:02:25,747
(24)-17-20825,(74)-05-78730,05/30/1978,19:28:24,2420
(56)-11-43895,(76)-01-15355,05/31/1978,00:13:50,2780
(66)-13-75983,(49)-15-15025,05/31/1978,08:13:32,301
(59)-14-96336,(23)-16-60322,05/31/1978,12:54:10,87
(28)-18-24652,(65)-15-23582,06/01/1978,03:21:46,260
(35)-17-62504,(34)-04-75201,06/03/1978,00:42:01,103
(62)-00-34992,(38)-25-80142,06/04/1978,19:53:05,295
(24)-13-21900,(39)-10-05323,06/05/1978,15:20:55,117
(29)-11-08366,(36)-07-98892,06/05/1978,18:34:58,154
(55)-08-50549,(41)-23-39521,06/06/1978,06:19:51,203
(51)-22-68564,(33)-12-15779,06/06/1978,08:24:41,243
(29)-16-84944,(54)-12-83152,06/06/1978,14:21:59,374
(48)-10-34175,(72)-12-74237,06/06/1978,23:30:57,1761
(65)-11-85717,(21)-29-74723,06/07/1978,01:58:06,15
(70)-14-45858,(20)-02-52735,06/07/1978,02:08:27,110
(58)-07-64881,(61)-02-62746,06/07/1978,05:01:00,59
(52)-03-67587,(62)-12-68279,06/09/1978,01:49:57,280
(78)-06-99654,(53)-18-27023,06/10/1978,05:30:10,1755
(50)-09-17624,(44)-12-03490,06/11/1978,18:18:26,529
(78)-12-68492,(22)-31-46090,06/14/1978,08:34:10,125
(31)-12-69892,(78)-04-31110,06/14/1978,11:05:41,188
(72)-10-26646,(72)-02-72383,06/15/1978,07:29:38,787
(22)-22-12185,(34)-21-17762,06/15/1978,14:57:16,648
(60)-13-94166,(75)-06-92320,06/16/1978,11:37:54,278
(42)-04-57953,(76)-04-24692,06/16/1978,12:49:02,339
(79)-10-81963,(55)-06-43289,06/17/1978,22:48:20,298
(68)-03-43566,(79)-07-72367,06/18/1978,14:32:14,142
(50)-10-50925,(54)-01-85540,06/19/1978,12:45:39,2937
(42)-11-29704,(60)-02-10199,06/20/1978,11:40:00,105
(40)-06-91381,(75)-07-38335,06/20/1978,12:23:12,1797
(33)-10-73237,(54)-18-66930,06/22/1978,07:24:23,1708
(54)-06-85243,(55)-11-36771,06/22/1978,20:49:09,240
(61)-17-42141,(46)-20-26763,06/23/1978,21:54:40,2291
(71)-02-82130,(62)-15-66459,06/23/1978,22:22:13,2807
(58)-00-54512,(61)-17-75086,06/24/1978,04:19:55,45
(32)-28-18286,(34)-05-81884,06/25/1978,02:59:06,702
(71)-11-48552,(69)-13-86365,06/26/1978,17:58:42,291
(24)-27-63892,(35)-15-26323,06/30/1978,14:15:17,269
(20)-17-89429,(72)-13-35871,06/30/1978,15:42:40,3245
(24)-12-83364,(76)-01-29887,07/02/1978,15:11:31,35
(60)-07-83361,(39)-03-65353,07/02/1978,21:35:47,422
(25)-03-30089,(28)-00-56682,07/04/1978,10:05:00,1914
(46)-23-28811,(56)-04-03042,07/05/1978,06:43:12,216
(50)-06-34249,(32)-21-99714,07/06/1978,12:00:43,11
(20)-20-04582,(62)-04-07834,07/08/1978,11:20:10,240
(52)-01-32999,(35)-27-88056,07/08/1978,18:42:56,279
(25)-11-10431,(50)-21-39035,07/08/1978,22:41:05,136
(78)-11-62761,(64)-13-72896,07/09/1978,14:19:28,167
(31)-17-07001,(47)-10-20485,07/09/1978,18:47:03,144
(43)-08-74349,(64)-05-79440,07/10/1978,05:00:55,546
(48)-19-60874,(73)-11-53162,07/11/1978,16:08:35,829
(50)-03-93631,(51)-11-02930,07/13/1978,09:49:11,142
(42)-04-16398,(26)-29-74000,07/13/1978,22:58:48,167
(65)-10-76867,(54)-21-10598,07/14/1978,07:58:45,166
(43)-11-96210,(46)-15-78426,07/14/1978,23:44:30,136
(37)-03-93921,(53)-13-33182,07/15/1978,06:31:28,4642
(26)-21-60640,(57)-06-12837,07/16/1978,19:48:18,707
(72)-10-47103,(35)-12-86734,07/17/1978,01:47:13,758
(68)-01-43087,(54)-03-42261,07/17/1978,04:02:53,2315
(33)-24-53262,(73)-05-74329,07/17/1978,21:42:17,680
(64)-00-97348,(24)-29-85235,07/18/1978,14:15:23,1860
(56)-06-16501,(33)-01-39887,07/18/1978,18:40:29,757
(43)-20-18415,(20)-18-50739,07/19/1978,04:36:58,65
(70)-05-75217,(43)-15-66836,07/20/1978,05:22:39,226
(28)-22-76302,(65)-00-96992,07/20/1978,10:43:59,145
(45)-00-81135,(43)-09-23358,07/21/1978,22:28:34,139
(72)-12-72992,(61)-18-35012,07/22/1978,16:34:58,1195
(50)-02-04950,(52)-14-74005,07/23/1978,03:27:13,60
(75)-07-65454,(64)-17-44891,07/23/1978,06:41:26,3535
(37)-22-88808,(72)-13-24331,07/23/1978,15:35:59,663
(20)-01-37293,(38)-20-53930,07/24/1978,08:36:27,353
(22)-13-04818,(64)-04-34240,07/24/1978,10:39:02,64
(28)-21-90875,(49)-06-99433,07/24/1978,15:13:18,218
(61)-17-68352,(53)-06-09466,07/25/1978,11:07:21,593
(22)-13-30303,(45)-16-32843,07/25/1978,14:02:38,3159
(30)-26-99569,(53)-12-76829,07/25/1978,18:56:23,82
(23)-02-23308,(77)-02-16131,07/27/1978,01:55:25,47
(62)-09-33310,(74)-11-26769,07/27/1978,09:42:43,3220
(25)-11-50894,(64)-04-73706,07/29/1978,10:23:47,74
(51)-13-35993,(78)-12-25582,07/29/1978,20:58:56,192
(61)-14-70350,(54)-09-73002,07/31/1978,03:36:17,705
(36)-14-28433,(53)-09-44001,07/31/1978,12:27:29,295
(50)-11-69512,(43)-12-57248,08/01/1978,18:01:24,2344
(39)-06-63023,(59)-12-44713,08/01/1978,23:42:23,963
(61)-03-96899,(78)-08-97067,08/03/1978,20:08:59,539
(57)-06-69777,(78)-00-50416,08/04/1978,13:03:56,230
(79)-02-28058,(54)-10-96420,08/05/1978,15:19:35,107
(34)-21-69575,(59)-02-43183,08/05/1978,21:17:00,599
(67)-13-32244,(23)-00-13159,08/06/1978,16:39:36,517
(24)-01-07794,(49)-16-96073,08/06/1978,19:20:10,269
(24)-17-54233,(63)-06-02784,08/07/1978,09:11:26,545
(34)-27-38900,(52)-05-31790,08/07/1978,16:11:07,85
(37)-18-23212,(43)-22-54607,08/08/1978,15:16:29,77
(20)-07-27453,(43)-00-78226,08/08/1978,17:14:28,2391
(69)-05-13011,(68)-17-39162,08/10/1978,15:02:17,168
(37)-25-10823,(23)-21-52045,08/10/1978,16:25:07,865
(61)-17-63209,(42)-06-11633,08/11/1978,07:54:02,2707
(31)-00-38188,(55)-16-71679,08/12/1978,17:38:39,2632
(32)-08-00489,(78)-02-44159,08/13/1978,12:24:36,173
(79)-02-36409,(55)-11-99680,08/16/1978,02:54:50,3509
(65)-13-39104,(30)-02-65865,08/18/1978,00:28:23,185
(24)-27-87672,(60)-15-60957,08/18/1978,03:37:46,237
(39)-19-75837,(59)-17-51181,08/19/1978,04:44:49,364
(57)-02-02552,(34)-00-38955,08/19/1978,06:48:02,2398
(78)-06-86115,(50)-07-52932,08/19/1978,13:55:53,521
(45)-12-00029,(26)-08-08454,08/19/1978,22:33:48,151
(38)-09-99164,(67)-17-59250,08/20/1978,03:39:14,38
(39)-24-89338,(78)-06-63359,08/20/1978,12:55:58,695
(53)-22-76612,(75)-07-26209,08/20/1978,23:14:18,519
(65)-10-77787,(76)-05-19148,08/21/1978,00:47:41,2773
(76)-01-76060,(49)-14-06289,08/22/1978,11:49:28,352
(37)-25-36783,(40)-18-84170,08/23/1978,11:52:30,120
(45)-12-48418,(34)-14-70434,08/25/1978,00:07:19,298
(44)-04-80601,(78)-00-57514,08/25/1978,15:41:30,3059
(58)-03-81407,(74)-15-90214,08/25/1978,19:14:37,238
(21)-27-78669,(21)-05-51310,08/25/1978,20:42:12,243
(21)-10-88292,(48)-01-00989,08/26/1978,23:21:03,31
(52)-05-91700,(52)-19-19869,08/27/1978,01:46:18,152
(68)-13-79099,(52)-20-43269,08/27/1978,11:27:26,1684
(79)-01-71180,(77)-06-45770,08/27/1978,17:30:18,3512
(38)-15-94589,(33)-02-82214,08/27/1978,18:00:13,2893
(51)-02-66755,(39)-11-51928,08/28/1978,00:24:57,1102
(48)-15-27989,(49)-10-55924,08/28/1978,21:49:59,562
(61)-14-90827,(25)-09-62034,08/30/1978,09:32:01,386
(48)-17-86573,(74)-01-52499,08/31/1978,19:41:52,104
(73)-00-93386,(47)-19-12192,09/01/1978,08:47:19,49
(54)-20-71426,(48)-17-62228,09/01/1978,17:47:50,3253
(22)-16-88120,(72)-01-48809,09/01/1978,19:37:10,647
(50)-01-92640,(79)-05-09045,09/02/1978,21:08:01,48
(74)-15-02516,(59)-01-56077,09/03/1978,13:16:35,3360
(24)-15-20611,(67)-12-03201,09/04/1978,12:28:01,267
(23)-32-64615,(41)-18-63354,09/04/1978,21:11:14,524
(36)-25-78508,(25)-13-91594,09/05/1978,19:53:28,2467
(32)-18-92539,(58)-16-77519,09/07/1978,00:55:13,344
(37)-09-99908,(30)-08-13730,09/08/1978,09:53:07,1483
(68)-01-36092,(41)-19-20178,09/09/1978,08:14:51,367
(78)-02-91844,(51)-22-66065,09/09/1978,12:55:29,5467
(56)-00-00054,(25)-11-16502,09/11/1978,01:55:25,625
(66)-13-30581,(33)-09-24339,09/11/1978,05:02:56,477
(65)-09-04521,(59)-11-33403,09/11/1978,09:27:21,272
(65)-10-34570,(77)-05-88511,09/11/1978,19:12:04,767
(35)-07-16170,(71)-00-33949,09/12/1978,14:04:37,3047
(38)-18-86637,(55)-19-47117,09/13/1978,14:37:39,1323
(63)-04-26635,(21)-02-19445,09/14/1978,17:11:51,153
(77)-13-28118,(28)-04-29569,09/15/1978,13:02:45,289
(26)-02-32652,(79)-11-14637,09/16/1978,17:12:45,493
(25)-14-41983,(79)-09-75331,09/16/1978,17:41:01,285
(24)-23-89193,(33)-04-65013,09/18/1978,00:44:48,111
(25)-19-72565,(46)-08-60607,09/18/1978,07:13:01,128
(42)-24-16748,(77)-06-32515,09/18/1978,14:05:53,134
(52)-14-41490,(77)-04-58598,09/18/1978,22:34:12,282
(65)-05-77909,(42)-13-52046,09/19/1978,01:39:58,632
(40)-04-39239,(78)-06-93231,09/21/1978,13:35:20,2411
(25)-26-74245,(39)-23-19891,09/24/1978,20:43:26,363
(67)-01-85106,(55)-14-16043,09/25/1978,23:16:33,724
(21)-20-12897,(23)-29-83591,09/26/1978,18:35:55,3528
(62)-14-56750,(20)-22-91157,09/26/1978,23:16:04,230
(71)-12-12989,(39)-10-44530,09/27/1978,09:24:57,255
(42)-17-37623,(25)-08-38775,09/29/1978,04:25:29,36
(77)-05-24883,(27)-14-80400,09/30/1978,01:31:54,2618
(66)-02-97966,(53)-10-11916,09/30/1978,07:48:47,615
(49)-16-51928,(41)-12-41873,10/01/1978,05:38:25,37
(43)-09-30356,(34)-27-21951,10/01/1978,16:37:57,699
(36)-17-44267,(64)-18-62319,10/02/1978,07:30:29,753
(42)-24-20425,(38)-13-90543,10/02/1978,11:47:10,3206
(78)-13-51255,(25)-05-98068,10/02/1978,16:20:27,302
(35)-18-73632,(36)-11-52465,10/02/1978,23:10:22,42
(21)-20-20707,(70)-04-57977,10/04/1978,11:09:40,3407
(70)-03-44162,(26)-23-98980,10/05/1978,11:39:22,291
(76)-09-54122,(63)-01-78082,10/05/1978,17:55:02,45
(38)-19-99233,(40)-04-51376,10/05/1978,19:02:07,64
(73)-11-76549,(74)-03-91994,10/05/1978,21:16:43,1206
(33)-08-01282,(42)-20-43346,10/06/1978,07:01:58,1845
(23)-30-33642,(45)-18-70167,10/07/1978,10:08:45,88
(59)-17-23836,(43)-15-47401,10/07/1978,21:32:16,281
(63)-11-52832,(60)-01-80429,10/07/1978,21:40:50,748
(41)-15-34685,(45)-09-55389,10/08/1978,14:22:04,3488
(36)-00-14367,(59)-14-08775,10/09/1978,13:29:18,424
(33)-13-36149,(51)-02-07830,10/10/1978,01:00:30,3038
(62)-11-58135,(47)-03-22910,10/10/1978,14:04:19,527
(54)-11-13017,(63)-04-96771,10/10/1978,18:12:42,5576
(36)-14-88318,(77)-08-68929,10/12/1978,16:59:19,270
(26)-27-38495,(68)-14-73783,10/12/1978,21:07:34,289
(39)-25-05173,(66)-14-90409,10/13/1978,13:30:29,1192
(69)-14-89660,(79)-08-71801,10/14/1978,01:16:03,135
(24)-07-19798,(69)-11-47955,10/18/1978,07:13:46,451
(49)-08-05201,(76)-11-54710,10/18/1978,13:41:10,235
(26)-14-41501,(50)-09-47164,10/18/1978,21:20:05,191
(62)-18-62186,(58)-14-72490,10/19/1978,05:47:24,385
(37)-16-72467,(51)-06-15300,10/19/1978,08:52:52,2251
(33)-13-80187,(26)-18-69983,10/22/1978,04:20:17,1841
(35)-12-18632,(54)-19-97330,10/23/1978,01:34:23,794
(40)-10-76166,(76)-13-90508,10/23/1978,14:43:20,63
(42)-03-47642,(47)-07-01334,10/23/1978,21:01:35,457
(53)-08-50825,(71)-13-95681,10/24/1978,06:06:03,2829
(61)-18-15618,(70)-16-89629,10/24/1978,06:11:36,184
(65)-14-52508,(37)-17-75451,10/24/1978,22:12:05,35
(20)-11-61515,(29)-07-46036,10/25/1978,23:29:44,240
(35)-09-05830,(62)-01-90271,10/26/1978,05:19:11,190
(61)-17-26287,(21)-26-33496,10/28/1978,11:22:37,270
(25)-08-33435,(57)-10-19254,10/28/1978,12:43:10,139
(65)-16-77926,(46)-00-29208,10/28/1978,17:13:07,67
(74)-03-14417,(54)-18-13921,10/29/1978,06:13:27,94
(79)-08-80421,(76)-08-24496,10/30/1978,01:50:27,596
(50)-21-17782,(40)-02-20143,10/30/1978,19:25:00,127
(74)-15-99052,(50)-20-19454,10/31/1978,17:09:58,530
(36)-17-21934,(44)-15-92533,11/01/1978,14:01:15,84
(79)-02-34189,(41)-25-57259,11/03/1978,01:07:13,959
(47)-02-56530,(36)-16-31754,11/03/1978,03:28:32,351
(47)-12-33658,(39)-23-53722,11/04/1978,14:20:29,3174
(45)-17-05083,(20)-11-51894,11/04/1978,18:36:34,88
(47)-10-79450,(24)-16-00799,11/04/1978,22:10:19,570
(64)-08-72530,(44)-16-50923,11/05/1978,16:18:32,162
(68)-08-96875,(72)-01-44902,11/06/1978,02:15:22,854
(53)-19-07777,(58)-10-96149,11/07/1978,01:56:30,1172
(32)-24-98546,(40)-25-04247,11/07/1978,15:29:54,387
(44)-09-11098,(31)-09-67100,11/09/1978,00:09:49,3421
(65)-04-77195,(46)-02-88784,11/09/1978,06:25:35,832
(38)-08-82333,(52)-16-45592,11/10/1978,08:33:25,2600
(50)-14-07687,(49)-22-86344,11/12/1978,07:56:56,127
(35)-13-51291,(22)-12-93773,11/12/1978,12:43:13,2011
(52)-17-82841,(29)-09-45595,11/13/1978,05:10:33,536
(66)-03-47583,(63)-15-73731,11/14/1978,10:10:07,99
(21)-14-52287,(74)-00-03808,11/14/1978,23:12:38,610
(76)-01-47326,(45)-11-85805,11/15/1978,17:49:10,2556
(30)-15-27010,(46)-20-49880,11/15/1978,18:22:13,68
(62)-08-60690,(43)-15-53816,11/16/1978,02:05:07,62
(25)-07-05028,(58)-01-37313,11/17/1978,12:18:31,334
(20)-26-02712,(36)-23-62048,11/18/1978,17:55:26,809
(49)-21-05163,(46)-02-57416,11/19/1978,11:29:10,133
(22)-31-29912,(29)-24-02617,11/19/1978,23:38:45,63
(78)-03-43862,(49)-03-61241,11/21/1978,22:16:47,46
(33)-00-08819,(38)-03-02667,11/22/1978,02:22:00,229
(78)-09-12513,(47)-02-40276,11/22/1978,21:31:46,6
(49)-10-55924,(23)-14-09873,11/23/1978,10:28:43,72
(49)-13-60102,(48)-01-37829,11/23/1978,16:54:57,766
(29)-24-65167,(58)-08-49817,11/24/1978,18:15:11,2081
(27)-24-11960,(77)-00-96960,11/26/1978,10:56:33,568
(32)-11-08276,(56)-05-29297,11/26/1978,18:04:08,516
(60)-17-75410,(47)-11-98683,11/26/1978,22:19:55,34
(48)-12-75797,(58)-14-64090,11/27/1978,07:45:46,2269
(44)-08-79061,(36)-02-36989,11/27/1978,09:32:31,3008
(66)-07-06850,(77)-02-26201,11/27/1978,19:00:00,561
(73)-10-55897,(70)-15-71280,11/30/1978,00:36:10,488
(24)-00-35198,(59)-08-68697,11/30/1978,15:33:16,54
(47)-01-90725,(55)-00-68952,12/02/1978,13:19:59,224
(74)-03-47157,(51)-14-83454,12/04/1978,02:06:19,3384
(34)-04-50143,(45)-18-26733,12/04/1978,06:46:02,191
(35)-22-99798,(75)-04-75824,12/04/1978,18:44:53,251
(48)-00-47808,(39)-20-79910,12/05/1978,21:17:46,4220
(49)-02-24339,(61)-09-74064,12/06/1978,08:57:23,85
(65)-02-55490,(64)-05-86599,12/06/1978,09:30:39,105
(43)-04-90032,(60)-14-39649,12/08/1978,08:04:22,297
(69)-06-14534,(31)-04-69976,12/08/1978,23:41:08,222
(71)-13-84802,(72)-04-04535,12/09/1978,05:13:04,258
(53)-11-90586,(43)-02-38175,12/10/1978,11:35:06,865
(43)-07-12936,(42)-22-09742,12/10/1978,21:24:18,2902
(46)-18-92323,(25)-15-33711,12/11/1978,13:03:07,863
(74)-03-23257,(74)-07-11679,12/11/1978,19:08:52,37
(69)-02-04722,(61)-01-02276,12/12/1978,01:46:37,164
(76)-04-32300,(76)-08-05399,12/12/1978,02:39:01,160
(77)-12-90111,(54)-06-49329,12/12/1978,03:30:58,752
(52)-06-99684,(45)-13-64890,12/12/1978,07:50:06,109
(38)-19-91596,(63)-16-89906,12/12/1978,10:30:56,95
(43)-24-76155,(72)-13-98458,12/13/1978,05:51:33,190
(56)-00-65424,(49)-18-34696,12/13/1978,22:09:44,31
(42)-18-13015,(20)-15-49889,12/14/1978,13:47:49,12
(50)-23-86898,(25)-05-92227,12/16/1978,21:42:16,557
(21)-05-50491,(46)-08-52451,12/17/1978,01:01:49,950
(32)-00-52373,(57)-07-10801,12/18/1978,01:01:00,291
(33)-04-90238,(32)-11-86017,12/18/1978,08:44:16,361
(37)-13-39291,(21)-28-53986,12/18/1978,08:59:39,2623
(43)-04-09992,(20)-27-59663,12/18/1978,20:49:44,951
(64)-03-25187,(30)-22-53920,12/18/1978,22:44:14,266
(60)-01-34816,(33)-28-37638,12/19/1978,15:17:29,198
(51)-11-83537,(74)-06-28859,12/19/1978,15:42:56,183
(65)-00-78807,(60)-13-96462,12/20/1978,02:43:17,298
(40)-16-83894,(48)-04-84233,12/20/1978,14:51:39,3098
(21)-00-44457,(45)-22-09041,12/21/1978,02:51:14,78
(52)-09-66399,(51)-04-00444,12/21/1978,13:58:18,141
(77)-01-44931,(26)-04-29543,12/22/1978,01:28:37,598
(62)-16-25786,(40)-05-47548,12/22/1978,21:52:36,47
(43)-03-04325,(46)-05-06724,12/24/1978,00:05:38,169
(39)-26-17653,(75)-07-50703,12/24/1978,02:35:49,709
(54)-12-74048,(69)-03-48923,12/25/1978,15:27:18,168
(78)-11-25860,(36)-06-71119,12/26/1978,00:37:13,48
(28)-12-71035,(41)-04-35713,12/26/1978,03:35:02,619
(56)-03-51138,(31)-29-54451,12/26/1978,07:03:05,430
(27)-25-71983,(27)-11-80059,12/27/1978,04:40:16,374
(29)-04-16144,(79)-13-59901,12/27/1978,08:47:42,152
(27)-08-35411,(48)-10-52119,12/28/1978,08:30:01,169
(65)-00-26344,(66)-09-48211,12/29/1978,00:40:43,736
(70)-15-88777,(60)-04-07411,12/29/1978,13:11:41,168
(67)-14-25806,(63)-09-92048,12/29/1978,14:31:42,287
(43)-00-59741,(50)-22-14939,12/29/1978,20:43:00,6954
(40)-12-63981,(68)-07-85922,12/30/1978,07:02:14,1570
(72)-15-23851,(53)-21-62008,12/30/1978,11:26:45,2610
(72)-01-43757,(61)-10-20727,12/30/1978,19:11:06,779
(52)-05-06629,(53)-07-99048,01/01/1979,09:21:58,231
(57)-13-39347,(76)-04-24692,01/02/1979,08:57:46,119
(33)-12-90909,(43)-09-41672,01/02/1979,10:18:01,857
(79)-01-53141,(32)-29-70588,01/02/1979,15:25:54,37
(28)-30-25343,(79)-02-55829,01/03/1979,18:31:25,1608
(52)-03-78239,(39)-10-80825,01/04/1979,19:55:24,433
(42)-14-32828,(29)-19-91062,01/05/1979,07:22:28,2168
(70)-12-83872,(69)-02-08895,01/05/1979,17:15:06,30
(55)-08-66499,(21)-01-43838,01/06/1979,20:59:59,689
(41)-09-24011,(78)-07-20929,01/07/1979,23:44:49,42
(52)-04-53661,(38)-25-30759,01/08/1979,00:27:10,3778
(22)-16-34962,(20)-06-59378,01/08/1979,03:36:27,121
(48)-10-34175,(51)-09-89176,01/08/1979,06:40:48,1979
(70)-06-14210,(56)-10-73809,01/08/1979,16:55:32,250
(69)-02-83829,(55)-07-85626,01/10/1979,15:43:11,239
(34)-17-24691,(28)-07-20257,01/11/1979,13:38:43,845
(21)-27-72310,(34)-23-50978,01/11/1979,17:11:06,305
(37)-24-78640,(60)-10-35664,01/11/1979,21:11:01,3552
(21)-27-79495,(49)-20-29109,01/12/1979,05:13:47,2742
(49)-04-24648,(66)-01-30765,01/12/1979,16:13:22,2363
(49)-01-57627,(43)-19-87534,01/13/1979,23:02:34,88
(73)-02-56274,(50)-03-85691,01/14/1979,10:41:04,146
(66)-14-38853,(38)-20-86831,01/14/1979,23:17:36,839
(74)-14-32994,(54)-07-88631,01/15/1979,00:16:07,85
(53)-08-09662,(42)-19-81050,01/15/1979,12:03:26,267
(71)-06-20021,(47)-21-00496,01/17/1979,05:24:34,116
(45)-02-39469,(79)-02-31495,01/18/1979,06:18:17,609
(35)-21-30758,(68)-05-99718,01/21/1979,15:02:46,48
(22)-28-14756,(77)-10-09368,01/21/1979,21:17:38,55
(38)-07-96312,(32)-11-89149,01/23/1979,02:30:19,2643
(63)-09-25021,(32)-28-96239,01/25/1979,17:09:15,27
(63)-17-60925,(39)-11-92076,01/26/1979,08:01:11,437
(77)-06-23373,(20)-18-89382,01/27/1979,15:12:34,254
(37)-17-27741,(74)-01-39723,01/28/1979,02:05:00,84
(68)-05-93956,(79)-07-09013,01/28/1979,02:25:38,377
(38)-15-94589,(46)-19-49858,01/28/1979,15:53:54,26
(20)-11-22746,(40)-21-31318,01/29/1979,12:40:51,8
(22)-29-76678,(54)-10-13161,01/30/1979,08:12:00,485
(30)-00-71817,(69)-00-23484,01/30/1979,17:46:54,413
(46)-04-28842,(29)-24-25699,01/31/1979,08:56:22,65
(26)-13-34557,(48)-13-54518,01/31/1979,22:14:42,453
(40)-04-31348,(20)-25-61651,02/01/1979,08:10:52,2838
(54)-14-93968,(73)-08-40139,02/02/1979,13:11:48,441
(65)-13-96513,(39)-08-21765,02/03/1979,13:54:24,482
(47)-22-86248,(53)-16-84656,02/03/1979,18:25:58,2705
(21)-28-71829,(31)-10-39206,02/04/1979,03:07:08,88
(74)-03-82463,(57)-09-82939,02/04/1979,18:41:36,599
(24)-00-57472,(58)-10-96149,02/05/1979,01:25:36,581
(39)-26-31469,(59)-20-89021,02/05/1979,15:04:11,286
(67)-01-36657,(21)-08-02104,02/05/1979,16:01:29,924
(28)-27-77748,(50)-23-14291,02/06/1979,21:39:00,228
(46)-07-64299,(21)-08-62542,02/07/1979,01:26:16,132
(44)-17-17626,(50)-14-38519,02/07/1979,18:09:42,425
(51)-20-17136,(38)-20-28007,02/10/1979,11:05:58,249
(53)-00-21856,(55)-06-00022,02/11/1979,11:34:16,251
(47)-19-48699,(52)-15-66993,02/11/1979,18:05:29,169
(35)-08-34554,(35)-16-55368,02/12/1979,01:02:02,3367
(24)-02-70342,(69)-13-08334,02/12/1979,10:29:42,1485
(45)-21-18310,(27)-30-81436,02/12/1979,12:33:20,276
(70)-05-71578,(44)-10-81431,02/13/1979,07:18:38,1087
(76)-08-38711,(72)-14-07066,02/13/1979,10:30:40,177
(36)-06-09680,(42)-20-20805,02/13/1979,11:25:10,3567
(75)-13-80338,(78)-13-10393,02/13/1979,23:39:22,7185
(49)-17-57098,(26)-00-03836,02/14/1979,03:36:11,152
(39)-13-07818,(37)-27-97171,02/14/1979,08:16:37,3587
(68)-12-34279,(50)-21-85256,02/15/1979,02:25:18,1781
(36)-18-13934,(43)-13-13702,02/18/1979,04:42:19,43
(76)-14-84126,(57)-12-28192,02/18/1979,07:46:53,545
(30)-03-57042,(77)-14-73180,02/20/1979,17:50:48,237
(33)-05-81368,(67)-07-85520,02/21/1979,10:00:49,444
(35)-28-30645,(52)-11-99274,02/21/1979,10:36:49,178
(46)-11-27042,(42)-21-78040,02/21/1979,10:43:48,2296
(59)-16-08906,(44)-02-58008,02/22/1979,03:42:50,169
(44)-05-78980,(21)-21-40643,02/22/1979,05:19:45,1774
(54)-09-62085,(64)-10-07319,02/22/1979,09:36:18,85
(74)-12-78159,(22)-13-06340,02/23/1979,06:50:29,890
(41)-07-63822,(33)-21-47524,02/23/1979,10:16:49,689
(77)-02-52708,(39)-25-83685,02/24/1979,02:14:00,376
(34)-09-52440,(69)-00-68246,02/25/1979,09:22:16,55
(50)-10-04764,(49)-04-35208,02/25/1979,09:54:49,75
(28)-23-83853,(79)-10-87076,02/25/1979,13:06:07,21
(79)-12-47912,(22)-13-88946,02/25/1979,21:13:04,272
(54)-10-77825,(60)-10-74082,02/26/1979,12:34:46,21
(64)-14-70308,(79)-08-70837,02/26/1979,18:51:08,776
(37)-13-72072,(50)-23-39877,02/26/1979,21:48:13,129
(21)-07-91997,(74)-12-78208,02/28/1979,07:27:28,33
(44)-16-68772,(71)-09-27067,02/28/1979,22:40:23,1782
(34)-00-01651,(23)-21-11516,03/01/1979,06:29:41,1584
(35)-01-69512,(21)-25-64643,03/02/1979,07:58:39,485
(50)-01-78025,(56)-00-83952,03/03/1979,09:26:36,3337
(29)-03-86283,(59)-10-28146,03/03/1979,17:16:25,228
(76)-08-06119,(64)-06-74226,03/04/1979,01:46:39,858
(52)-07-36600,(70)-04-57977,03/07/1979,13:46:32,281
(25)-28-57869,(23)-09-50623,03/09/1979,15:34:42,232
(67)-13-38645,(53)-05-91515,03/09/1979,22:14:42,271
(45)-23-91069,(26)-05-18171,03/09/1979,22:53:30,747
(67)-13-54927,(55)-16-22120,03/10/1979,18:46:57,240
(56)-09-93660,(45)-22-75735,03/10/1979,18:54:59,390
(28)-11-56153,(57)-03-19335,03/11/1979,20:15:05,909
(25)-13-02867,(33)-19-12637,03/11/1979,23:28:19,3271
(53)-21-73564,(34)-26-99335,03/12/1979,02:15:58,117
(34)-04-86214,(76)-13-30370,03/12/1979,23:35:19,402
(62)-07-27304,(50)-02-98013,03/13/1979,13:02:03,102
(75)-08-78486,(58)-15-80324,03/13/1979,16:25:53,3060
(40)-10-57954,(42)-04-08696,03/15/1979,16:15:27,215
(32)-21-53278,(27)-09-56244,03/15/1979,21:14:16,167
(58)-07-02666,(69)-01-97304,03/17/1979,13:22:20,1831
(67)-04-46564,(68)-04-79312,03/18/1979,08:22:42,793
(35)-27-63548,(69)-07-78464,03/18/1979,12:57:45,62
(24)-19-30977,(41)-19-03049,03/19/1979,22:29:08,3544
(32)-06-32869,(45)-06-72673,03/20/1979,03:46:21,1633
(67)-00-23099,(55)-07-78589,03/22/1979,19:46:23,166
(65)-18-73334,(25)-25-80162,03/24/1979,19:04:19,99
(31)-08-96594,(68)-00-82576,03/25/1979,03:47:15,760
(68)-00-27115,(47)-13-42246,03/25/1979,14:30:57,547
(74)-00-68907,(27)-05-18122,03/25/1979,19:02:37,967
(69)-07-78680,(65)-11-59096,03/26/1979,08:01:51,77
(47)-05-05174,(43)-24-50401,03/27/1979,00:24:12,332
(60)-00-52029,(52)-09-22898,03/28/1979,20:45:43,3562
(56)-06-72116,(44)-23-37182,03/28/1979,23:30:52,234
(35)-15-76869,(71)-00-05236,03/29/1979,06:36:54,148
(59)-11-61123,(26)-14-25307,03/30/1979,04:19:14,46
(60)-17-27897,(46)-21-62781,03/30/1979,23:39:08,377
(61)-15-24633,(75)-04-65048,04/01/1979,01:04:25,156
(59)-13-34135,(29)-09-27532,04/02/1979,21:12:52,142
(20)-23-68743,(73)-14-46127,04/03/1979,19:06:37,759
(72)-02-75457,(41)-08-55035,04/03/1979,20:47:10,880
(27)-21-94200,(35)-11-66829,04/04/1979,03:59:02,116
(40)-00-84577,(55)-02-15783,04/05/1979,18:13:24,65
(36)-05-74332,(75)-06-21508,04/05/1979,20:05:36,1093
(40)-19-03589,(39)-22-21531,04/06/1979,03:06:39,266
(31)-04-56080,(31)-29-06539,04/06/1979,09:11:56,270
(69)-03-17892,(56)-10-27524,04/06/1979,22:43:38,235
(68)-17-72502,(68)-05-50997,04/07/1979,18:32:55,103
(58)-20-43291,(55)-12-17035,04/09/1979,04:13:01,246
(59)-00-93182,(48)-05-58929,04/09/1979,20:08:29,180
(49)-06-76404,(52)-03-64074,04/09/1979,23:54:22,33
(59)-03-87279,(78)-10-54952,04/10/1979,01:23:42,123
(64)-10-42036,(63)-16-56908,04/10/1979,04:25:32,17
(73)-01-48979,(39)-14-26980,04/10/1979,12:36:49,137
(70)-07-75059,(23)-12-93096,04/11/1979,15:53:59,136
(62)-18-64629,(23)-12-77642,04/13/1979,02:25:12,1426
(78)-12-25582,(29)-21-99099,04/13/1979,09:25:23,20
(42)-07-50342,(35)-27-16660,04/13/1979,12:05:17,106
(36)-22-62821,(21)-12-48984,04/13/1979,16:34:46,10
(29)-09-30096,(28)-20-04110,04/14/1979,09:34:01,137
(68)-00-66083,(30)-10-86472,04/15/1979,01:29:31,69
(63)-09-00148,(65)-17-05625,04/16/1979,10:54:33,549
(24)-24-25237,(46)-14-26538,04/16/1979,17:28:09,184
(39)-09-68967,(76)-14-09170,04/17/1979,03:17:04,161
(66)-11-33555,(39)-22-90055,04/17/1979,06:44:05,239
(52)-08-18799,(34)-19-47351,04/17/1979,15:13:08,64
(71)-06-84448,(38)-06-03281,04/18/1979,03:23:03,480
(40)-22-27666,(48)-09-76586,04/19/1979,05:38:27,1735
(26)-08-01519,(78)-07-60132,04/21/1979,12:44:51,3365
(43)-23-07968,(53)-04-32629,04/22/1979,16:27:38,705
(52)-04-06562,(72)-07-21056,04/22/1979,22:40:20,731
(47)-11-80230,(28)-22-10239,04/23/1979,06:58:43,1654
(44)-24-91773,(44)-04-70498,04/23/1979,21:48:07,2683
(37)-18-17637,(20)-18-16943,04/25/1979,04:57:54,25
(78)-13-94790,(70)-03-33719,04/25/1979,06:32:21,231
(48)-04-34071,(66)-03-56552,04/25/1979,08:23:17,564
(61)-11-60546,(36)-11-25825,04/25/1979,23:41:13,6837
(65)-00-80940,(44)-19-10519,04/26/1979,23:49:22,158
(27)-04-87784,(33)-23-32045,04/27/1979,07:19:38,103
(66)-01-95596,(76)-00-15748,04/27/1979,09:54:12,746
(31)-14-26780,(74)-01-46187,04/27/1979,17:30:10,498
(75)-13-87815,(49)-05-97418,04/28/1979,08:20:28,249
(29)-00-22700,(60)-00-17623,04/28/1979,22:17:59,105
(56)-07-92680,(30)-11-13249,04/29/1979,01:10:23,3218
(40)-16-32904,(30)-08-36197,04/29/1979,13:22:55,280
(53)-15-69453,(50)-16-21971,04/29/1979,15:34:00,683
(22)-06-66317,(53)-03-21659,04/29/1979,21:54:26,2245
(43)-24-77709,(73)-15-36990,05/01/1979,21:26:57,283
(60)-18-60812,(54)-00-07527,05/02/1979,13:55:56,1705
(23)-31-33424,(56)-04-72742,05/03/1979,06:59:38,894
(49)-13-31155,(59)-17-34974,05/06/1979,04:21:23,2320
(52)-19-91764,(67)-01-72329,05/07/1979,09:47:26,702
(53)-09-04683,(59)-09-13606,05/08/1979,09:07:07,3238
(25)-25-22668,(20)-18-21362,05/08/1979,16:51:34,27
(41)-19-26173,(30)-20-58513,05/09/1979,02:58:03,130
(20)-26-87863,(61)-19-16635,05/10/1979,11:33:42,2950
(36)-25-99801,(76)-12-69167,05/11/1979,07:19:03,695
(64)-10-66685,(41)-03-91965,05/11/1979,08:04:36,289
(23)-31-63760,(45)-11-71843,05/11/1979,08:47:28,282
(62)-07-78365,(49)-08-27068,05/11/1979,18:04:46,754
(52)-09-66373,(77)-11-42247,05/12/1979,05:08:56,738
(47)-13-07227,(55)-18-47473,05/13/1979,07:37:04,25
(20)-13-47749,(50)-13-65393,05/14/1979,05:06:32,550
(25)-20-17851,(53)-18-42540,05/14/1979,13:39:11,66
(55)-08-58706,(72)-15-78275,05/14/1979,17:55:49,752
(72)-08-59316,(30)-26-87789,05/14/1979,23:45:34,577
(37)-16-77304,(22)-32-47025,05/15/1979,11:43:04,2409
(57)-06-58171,(76)-03-32515,05/15/1979,17:05:38,275
(42)-12-32112,(71)-01-11787,05/16/1979,06:17:15,828
(70)-12-78255,(63)-17-09454,05/17/1979,10:12:36,1409
(38)-03-84988,(73)-03-80246,05/18/1979,03:32:28,1025
(78)-02-18729,(54)-07-75193,05/18/1979,23:45:18,592
(75)-12-92667,(29)-10-84540,05/19/1979,05:41:48,881
(32)-12-33666,(35)-26-51523,05/19/1979,09:08:31,751
(27)-09-20916,(51)-01-19476,05/19/1979,20:36:23,144
(20)-03-95405,(48)-00-09182,05/21/1979,16:05:23,511
(26)-09-46987,(33)-27-41924,05/22/1979,04:12:51,2550
(21)-05-06261,(65)-06-66345,05/22/1979,15:55:43,728
(77)-12-14628,(73)-10-34601,05/23/1979,04:28:48,808
(34)-08-37533,(46)-08-26177,05/23/1979,06:49:30,3321
(64)-10-62103,(58)-18-26661,05/24/1979,01:49:42,743
(77)-07-24497,(49)-02-27872,05/24/1979,23:43:44,1581
(68)-13-98490,(48)-02-80596,05/25/1979,09:31:17,206
(57)-11-79720,(29)-14-74694,05/25/1979,14:00:58,561
(24)-13-17420,(61)-19-77170,05/25/1979,15:59:37,74
(66)-12-81893,(40)-06-27208,05/26/1979,05:21:11,2805
(59)-13-04460,(64)-06-14745,05/26/1979,17:26:48,108
(79)-13-36417,(31)-14-52926,05/26/1979,22:33:09,823
(53)-13-45636,(51)-13-12845,06/01/1979,03:53:31,212
(62)-04-16965,(20)-03-57116,06/02/1979,21:44:26,12
(55)-06-03628,(74)-14-67295,06/03/1979,14:27:40,268
(32)-14-38314,(27)-04-64500,06/04/1979,09:03:00,92
(51)-14-95576,(52)-00-30696,06/04/1979,09:51:43,414
(32)-02-67749,(55)-11-23664,06/04/1979,12:20:28,409
(46)-16-59840,(42)-07-92576,06/07/1979,22:51:56,476
(66)-16-20351,(73)-00-27625,06/08/1979,16:47:58,2967
(33)-03-15911,(26)-08-10206,06/09/1979,03:29:59,155
(76)-04-61782,(62)-17-43086,06/09/1979,05:53:55,294
(39)-00-09836,(23)-28-57266,06/10/1979,06:43:34,52
(41)-05-34807,(43)-01-18811,06/11/1979,05:02:00,41
(78)-10-84966,(50)-04-94745,06/11/1979,11:28:45,187
(32)-29-84221,(52)-06-42301,06/11/1979,17:51:57,395
(22)-22-65317,(43)-22-85945,06/12/1979,04:24:54,880
(22)-06-16474,(24)-00-09443,06/13/1979,03:20:51,177
(39)-07-02315,(29)-02-12879,06/16/1979,07:23:42,39
(49)-19-25491,(36)-21-87880,06/16/1979,12:00:36,622
(25)-04-50117,(72)-12-80472,06/17/1979,08:37:01,247
(45)-15-83534,(77)-02-82344,06/18/1979,00:39:50,491
(26)-21-40206,(68)-16-98371,06/18/1979,01:38:13,641
(48)-10-13625,(44)-20-90034,06/18/1979,06:51:21,2693
(57)-03-47682,(75)-01-11726,06/18/1979,19:08:55,838
(41)-22-01178,(28)-22-82775,06/19/1979,17:17:26,71
(74)-09-52726,(28)-23-92822,06/20/1979,03:48:47,28
(31)-18-62428,(75)-03-99214,06/20/1979,06:29:18,275
(60)-05-78325,(76)-00-90341,06/20/1979,21:05:26,417
(20)-21-81348,(78)-05-47719,06/22/1979,01:15:42,253
(51)-01-82389,(57)-19-77063,06/22/1979,03:26:19,250
(21)-00-24591,(53)-13-82115,06/22/1979,13:36:55,802
(76)-07-90919,(28)-00-01232,06/22/1979,14:27:57,189
(52)-19-49467,(75)-06-24559,06/24/1979,01:34:50,167
(60)-12-36426,(66)-06-92549,06/25/1979,07:22:01,6242
(55)-18-72682,(36)-13-26376,06/25/1979,10:18:04,116
(44)-08-50851,(40)-20-75243,06/27/1979,22:23:40,261
(22)-20-39025,(34)-09-50983,06/28/1979,03:13:33,2918
(25)-01-14087,(77)-02-60297,06/28/1979,04:22:58,96
(59)-12-69223,(40)-26-61977,06/28/1979,22:40:31,879
(31)-01-72356,(38)-27-80657,06/29/1979,02:18:07,366
(73)-04-71703,(29)-00-80629,06/29/1979,06:47:20,1780
(35)-07-04942,(56)-01-79089,06/29/1979,06:57:51,63
(61)-19-98157,(53)-11-64947,06/30/1979,15:16:15,1699
(34)-19-98174,(56)-01-04688,06/30/1979,15:47:04,2079
(26)-01-26777,(72)-15-73554,06/30/1979,23:08:05,211
(67)-13-61028,(36)-06-16813,07/01/1979,19:00:47,2800
(45)-05-49018,(33)-14-40675,07/01/1979,21:16:07,126
(62)-10-63901,(69)-07-37105,07/02/1979,00:11:47,168
(57)-15-16057,(47)-01-42527,07/02/1979,06:33:12,466
(68)-14-56024,(30)-26-57119,07/02/1979,17:22:00,876
(29)-17-08265,(39)-09-47188,07/02/1979,21:44:57,562
(78)-03-67358,(32)-22-11361,07/05/1979,02:05:24,129
(58)-08-76243,(79)-11-10019,07/08/1979,19:41:59,331
(21)-04-94676,(79)-10-17764,07/08/1979,21:12:05,138
(20)-14-46668,(44)-25-48331,07/08/1979,22:23:22,1808
(49)-21-50785,(31)-09-90709,07/09/1979,02:25:46,396
(54)-08-76207,(61)-16-16770,07/09/1979,04:48:55,642
(47)-05-12322,(59)-02-48502,07/09/1979,14:03:12,788
(72)-11-38539,(76)-02-44675,07/12/1979,01:18:46,54
(54)-00-21403,(35)-17-54433,07/14/1979,06:40:13,3052
(59)-14-08775,(36)-11-36012,07/14/1979,22:03:58,22
(22)-29-99300,(73)-12-42410,07/18/1979,10:53:58,38
(21)-23-59992,(37)-00-74025,07/19/1979,06:38:50,6655
(37)-00-70960,(36)-11-25825,07/21/1979,19:19:12,126
(59)-09-19009,(42)-11-35444,07/22/1979,14:32:20,24
(71)-12-97361,(63)-14-67048,07/22/1979,15:09:01,1006
(57)-16-37260,(40)-06-98007,07/22/1979,23:48:45,117
(27)-14-11515,(47)-04-14779,07/23/1979,04:02:56,3345
(54)-00-86659,(72)-15-95849,07/24/1979,16:35:50,135
(73)-06-35164,(26)-02-88107,07/24/1979,19:57:49,533
(75)-13-87457,(36)-16-40225,07/25/1979,02:31:48,52
(41)-13-61618,(60)-14-07185,07/25/1979,18:04:18,2391
(34)-23-50256,(23)-29-85162,07/26/1979,19:27:51,2524
(20)-07-41313,(50)-00-99940,07/26/1979,20:47:31,3110
(49)-18-58177,(22)-02-73729,07/27/1979,16:51:53,278
(72)-02-98936,(47)-01-12766,07/28/1979,04:46:39,180
(71)-09-64058,(59)-09-65259,07/28/1979,05:45:33,4563
(56)-09-07277,(55)-19-64975,07/29/1979,18:38:29,393
(24)-15-83507,(28)-08-78007,08/01/1979,15:45:30,1739
(65)-18-29427,(65)-15-57646,08/02/1979,15:55:32,2074
(46)-16-36240,(54)-03-78927,08/03/1979,08:26:24,831
(46)-00-98294,(44)-02-69958,08/05/1979,22:20:27,3528
(76)-01-29478,(28)-08-38680,08/06/1979,03:12:00,70
(68)-14-86743,(79)-03-44410,08/08/1979,08:02:17,353
(38)-10-67115,(47)-01-79074,08/09/1979,04:21:34,369
(72)-02-32852,(50)-21-19250,08/09/1979,18:41:32,12
(37)-20-54542,(40)-13-37971,08/10/1979,00:55:05,712
(70)-06-22625,(61)-17-59005,08/11/1979,11:18:45,852
(79)-13-19350,(48)-21-62124,08/11/1979,13:05:07,676
(24)-00-28850,(53)-00-35756,08/13/1979,13:14:20,299
(21)-06-91270,(76)-00-44281,08/13/1979,15:53:43,174
(78)-07-57354,(54)-10-71199,08/13/1979,16:05:55,136
(78)-07-87084,(34)-00-19446,08/14/1979,22:15:41,361
(60)-03-61795,(26)-29-78251,08/15/1979,09:22:00,93
(56)-18-40853,(58)-18-21417,08/15/1979,23:16:32,36
(69)-00-09573,(72)-05-55371,08/15/1979,23:59:29,2451
(46)-02-82292,(44)-05-76118,08/16/1979,00:32:28,3420
(43)-18-76508,(32)-22-03630,08/16/1979,00:51:58,29
(48)-17-62228,(37)-27-00992,08/16/1979,02:27:38,5
(23)-32-83327,(26)-22-55318,08/16/1979,13:44:12,2951
(31)-21-53273,(38)-15-19027,08/17/1979,06:53:18,172
(53)-05-11324,(72)-00-12747,08/17/1979,22:15:39,210
(70)-09-63741,(60)-08-24676,08/18/1979,03:18:37,293
(23)-28-80620,(42)-18-01947,08/18/1979,07:06:51,93
(43)-13-58930,(36)-25-47844,08/19/1979,06:53:25,13
(42)-09-39858,(66)-17-45136,08/19/1979,20:15:39,574
(62)-03-42315,(65)-09-52208,08/19/1979,21:47:21,305
(73)-10-30686,(20)-28-86075,08/21/1979,05:03:22,276
(77)-07-53459,(39)-09-44118,08/21/1979,07:34:58,570
(64)-08-35516,(68)-05-01007,08/21/1979,14:10:53,710
(46)-10-23012,(64)-11-29704,08/21/1979,16:03:24,2112
(64)-07-29154,(25)-31-39692,08/21/1979,20:22:18,440
(30)-05-73259,(40)-16-86360,08/22/1979,01:49:36,20
(45)-16-67356,(67)-11-84429,08/22/1979,07:27:39,136
(31)-18-64277,(21)-05-36694,08/22/1979,15:03:42,427
(62)-00-78008,(71)-04-12320,08/22/1979,18:58:54,238
(34)-14-25939,(73)-03-76434,08/22/1979,22:21:16,108
(43)-07-59797,(59)-15-91462,08/23/1979,10:34:14,522
(43)-16-47016,(37)-04-84653,08/23/1979,20:22:55,693
(66)-09-03028,(44)-24-69026,08/23/1979,21:36:29,1573
(29)-17-59740,(28)-21-09068,08/23/1979,23:09:46,379
(66)-09-71817,(23)-17-06874,08/25/1979,03:30:17,556
(40)-07-16432,(23)-01-06798,08/25/1979,04:23:29,43
(59)-06-44344,(41)-05-04506,08/26/1979,05:39:56,3244
(28)-10-13031,(23)-01-67306,08/26/1979,14:11:06,188
(79)-10-66116,(41)-01-29366,08/26/1979,20:18:33,59
(68)-09-68885,(69)-09-55591,08/29/1979,02:33:58,522
(34)-08-90410,(50)-20-60883,08/30/1979,01:38:19,35
(21)-17-43453,(41)-05-67234,08/30/1979,10:29:00,103
(48)-03-34519,(32)-23-59019,08/30/1979,23:06:16,193
(28)-28-23390,(56)-05-93476,08/31/1979,17:56:38,712
(77)-05-34655,(69)-05-93094,09/01/1979,06:29:09,4798
(57)-17-12771,(24)-16-20910,09/01/1979,23:59:37,250
(65)-05-17263,(21)-28-78924,09/02/1979,02:01:39,3376
(38)-10-05246,(78)-11-61921,09/03/1979,07:06:13,2684
(20)-26-82546,(49)-20-20879,09/04/1979,04:55:25,436
(57)-04-88150,(23)-10-96447,09/06/1979,06:25:10,95
(37)-17-92762,(56)-00-67410,09/06/1979,07:30:21,79
(41)-17-12284,(49)-20-89343,09/09/1979,02:38:04,194
(28)-12-16819,(42)-16-19974,09/09/1979,06:17:57,272
(49)-16-25078,(55)-11-85368,09/09/1979,06:29:59,274
(79)-06-72500,(44)-04-25690,09/09/1979,07:06:51,113
(53)-02-98404,(76)-12-20550,09/10/1979,22:55:19,620
(61)-14-66483,(20)-28-20996,09/11/1979,22:15:15,6417
(67)-05-94680,(21)-17-95638,09/12/1979,00:47:24,2371
(24)-15-68844,(28)-10-91675,09/12/1979,11:43:17,97
(22)-12-56417,(67)-09-07597,09/14/1979,12:59:31,2228
(36)-24-82995,(33)-12-16362,09/14/1979,14:20:41,710
(61)-16-47465,(20)-26-88165,09/15/1979,20:44:42,47
(59)-20-85391,(37)-24-36958,09/16/1979,08:42:12,342
(29)-24-31904,(72)-06-08704,09/16/1979,17:20:45,204
(62)-12-51304,(31)-02-47572,09/18/1979,12:11:39,419
(65)-02-14011,(35)-21-20910,09/19/1979,04:09:46,582
(24)-31-93544,(57)-09-74089,09/19/1979,07:16:02,3199
(61)-08-94084,(63)-07-93129,09/19/1979,10:16:03,1644
(65)-05-03719,(58)-03-02195,09/19/1979,23:22:10,833
(58)-07-37730,(28)-30-20363,09/21/1979,14:12:02,132
(20)-29-34755,(70)-11-70783,09/22/1979,01:12:30,295
(72)-01-85143,(20)-08-54839,09/23/1979,23:14:49,818
(74)-01-54048,(21)-24-51917,09/24/1979,11:16:43,48
(53)-04-33289,(58)-19-15261,09/25/1979,03:12:04,667
(60)-01-61230,(23)-13-57373,09/26/1979,15:31:05,478
(27)-18-62167,(65)-04-56354,09/27/1979,15:55:46,1821
(44)-12-34949,(21)-03-66842,09/28/1979,18:55:11,515
(49)-19-43995,(26)-14-51977,09/29/1979,04:16:47,892
(38)-10-63880,(33)-03-22161,09/29/1979,13:52:20,159
(64)-04-57970,(74)-03-06133,09/29/1979,14:02:11,150
(69)-15-15757,(42)-02-71001,10/01/1979,05:21:01,177
(72)-14-04072,(53)-22-48057,10/01/1979,05:48:40,59
(75)-08-09165,(74)-07-55779,10/01/1979,16:54:02,829
(76)-11-30069,(22)-13-18199,10/02/1979,02:55:08,135
(30)-03-93781,(60)-07-42761,10/02/1979,13:13:00,199
(30)-00-73657,(23)-20-04888,10/02/1979,23:23:04,198
(56)-08-12698,(34)-25-57220,10/04/1979,11:35:46,31
(71)-10-84083,(41)-06-51027,10/05/1979,05:44:37,534
(76)-09-29127,(71)-10-29811,10/05/1979,11:38:59,47
(63)-13-76897,(57)-03-50267,10/05/1979,21:03:26,91
(58)-02-35011,(73)-07-43913,10/05/1979,22:48:43,6321
(68)-11-47157,(32)-03-22223,10/07/1979,00:51:50,808
(63)-13-22470,(56)-09-78577,10/07/1979,15:20:24,51
(56)-18-28068,(73)-11-37960,10/07/1979,17:27:27,3437
(72)-09-33106,(21)-25-00743,10/08/1979,05:47:14,59
(22)-06-27083,(42)-11-38398,10/08/1979,23:21:30,3344
(77)-02-96717,(24)-27-20667,10/11/1979,03:20:54,124
(52)-11-90232,(39)-14-11120,10/11/1979,05:56:14,205
(50)-10-50925,(50)-00-28156,10/11/1979,08:52:27,592
(65)-07-51753,(20)-20-69746,10/11/1979,20:18:23,237
(64)-18-35646,(37)-26-53754,10/13/1979,06:03:55,2078
(62)-18-36230,(70)-05-48971,10/14/1979,18:40:31,1873
(42)-03-44158,(49)-17-72062,10/15/1979,10:35:43,561
(46)-23-34788,(51)-08-01072,10/15/1979,13:59:22,6891
(79)-13-64569,(42)-24-60272,10/18/1979,16:28:45,202
(71)-07-69234,(25)-03-56992,10/18/1979,21:34:28,22
(55)-14-75403,(76)-10-43000,10/19/1979,10:06:23,183
(79)-07-53434,(77)-13-90661,10/20/1979,05:22:13,205
(27)-11-13656,(74)-05-11672,10/20/1979,11:36:08,89
(44)-21-88115,(67)-01-83934,10/20/1979,18:07:39,20
(25)-12-10555,(75)-07-47969,10/20/1979,19:44:27,245
(24)-05-30816,(26)-29-80364,10/20/1979,22:07:43,28
(23)-16-28255,(50)-16-73714,10/21/1979,02:57:39,370
(24)-26-39968,(58)-01-17848,10/21/1979,05:17:30,621
(67)-07-38391,(50)-20-71189,10/21/1979,21:19:00,572
(23)-23-42829,(53)-17-60527,10/22/1979,21:41:01,855
(72)-11-15605,(26)-31-22114,10/23/1979,06:55:41,300
(22)-12-39897,(55)-15-73378,10/24/1979,12:45:36,141
(67)-16-10297,(79)-07-28800,10/24/1979,13:12:44,203
(64)-18-89559,(74)-12-05561,10/24/1979,19:23:22,758
(21)-10-68532,(62)-14-13032,10/25/1979,00:38:38,165
(41)-18-04261,(50)-20-10254,10/25/1979,21:51:35,233
(63)-03-04189,(31)-27-41195,10/29/1979,13:10:36,57
(67)-04-68194,(50)-09-72152,10/29/1979,18:15:39,6859
(35)-18-32104,(20)-15-37020,10/29/1979,20:45:35,226
(30)-19-91369,(57)-20-51294,10/30/1979,02:51:24,2504
(67)-03-31651,(67)-11-40617,10/30/1979,09:53:39,1578
(43)-00-75708,(39)-21-20973,10/31/1979,13:40:52,2079
(46)-00-15760,(79)-00-41796,11/01/1979,01:56:57,3038
(46)-10-82744,(40)-22-59568,11/01/1979,10:59:49,2077
(27)-18-52108,(60)-07-34236,11/02/1979,11:57:37,608
(38)-16-73651,(48)-16-02577,11/03/1979,14:03:43,242
(67)-16-71366,(46)-15-53453,11/04/1979,00:40:59,424
(22)-09-38361,(45)-10-38097,11/04/1979,22:24:16,112
(47)-10-43440,(56)-02-12625,11/05/1979,05:39:16,60
(35)-28-18454,(39)-12-51636,11/07/1979,08:46:07,314
(32)-20-85423,(63)-02-58683,11/07/1979,16:47:47,79
(28)-21-04197,(48)-21-26967,11/08/1979,13:42:36,26
(66)-04-20306,(72)-13-76914,11/08/1979,14:00:01,2822
(46)-22-75441,(24)-16-57157,11/08/1979,17:15:49,22
(71)-10-78395,(56)-16-02997,11/08/1979,20:07:34,124
(41)-01-35390,(30)-21-66954,11/10/1979,08:35:01,26
(62)-06-34394,(27)-22-72928,11/10/1979,12:12:09,2351
(45)-22-72481,(25)-17-90414,11/10/1979,22:01:43,53
(42)-22-97854,(79)-01-95731,11/11/1979,22:33:30,106
(33)-09-68746,(44)-21-44941,11/12/1979,06:30:40,4514
(71)-15-43868,(34)-21-06174,11/12/1979,10:08:57,3422
(53)-21-11859,(54)-11-68584,11/12/1979,10:19:28,639
(57)-05-18436,(43)-17-77417,11/12/1979,20:11:59,764
(63)-18-84975,(35)-00-92229,11/13/1979,09:31:23,2077
(76)-07-86937,(45)-05-03910,11/14/1979,19:26:01,85
(69)-13-39389,(34)-24-39225,11/17/1979,12:10:26,695
(63)-14-09058,(74)-02-76989,11/17/1979,21:22:35,267
(34)-15-16541,(62)-11-43489,11/17/1979,22:44:33,732
(74)-15-96328,(61)-04-83635,11/19/1979,02:31:15,663
(56)-09-81291,(76)-05-49114,11/19/1979,09:52:06,2167
(50)-09-76634,(29)-18-16557,11/19/1979,17:38:49,236
(67)-04-62127,(43)-20-46192,11/21/1979,13:22:30,2811
(34)-10-65332,(26)-20-01025,11/21/1979,22:41:23,656
(64)-12-98150,(37)-08-55965,11/22/1979,08:59:35,224
(52)-01-90514,(35)-03-43990,11/24/1979,00:18:27,947
(79)-13-82716,(24)-30-51677,11/26/1979,05:24:09,153
(57)-19-85181,(58)-11-27647,11/26/1979,06:59:56,277
(36)-08-65999,(57)-16-37051,11/26/1979,11:41:27,2247
(63)-12-26294,(74)-15-14628,11/29/1979,07:15:30,394
(73)-01-01205,(76)-03-32263,11/30/1979,01:34:08,3560
(24)-20-76512,(53)-22-43252,12/01/1979,06:17:32,336
(57)-00-41241,(33)-14-71716,12/02/1979,21:13:49,15
(49)-06-29014,(64)-17-91816,12/03/1979,23:05:20,138
(44)-12-81988,(29)-26-25074,12/06/1979,03:46:24,300
(71)-10-19302,(57)-14-83385,12/06/1979,06:00:23,220
(67)-02-33789,(59)-03-18846,12/07/1979,16:52:52,2660
(53)-17-60618,(28)-24-68540,12/08/1979,12:41:05,3931
(31)-15-08519,(69)-08-78337,12/08/1979,21:09:05,16
(41)-11-08784,(43)-03-02872,12/09/1979,22:17:20,437
(44)-19-12065,(44)-20-45667,12/11/1979,05:48:12,100
(40)-22-31301,(55)-07-02489,12/11/1979,12:53:42,6
(63)-08-26444,(71)-13-69535,12/11/1979,17:49:44,266
(46)-03-46583,(52)-01-99769,12/12/1979,13:29:13,2298
(78)-10-10015,(56)-11-80503,12/12/1979,21:57:44,11
(47)-08-20535,(33)-21-27599,12/14/1979,02:36:14,808
(36)-16-33478,(58)-16-87079,12/14/1979,20:37:56,96
(48)-19-58517,(63)-06-28691,12/15/1979,08:42:02,144
(29)-27-65009,(21)-21-78119,12/15/1979,10:27:03,169
(76)-12-40718,(23)-15-27883,12/16/1979,19:02:15,3488
(54)-04-66916,(25)-02-88604,12/17/1979,00:05:06,1045
(59)-03-57098,(32)-06-70393,12/17/1979,01:58:34,247
(77)-02-50822,(67)-03-03930,12/17/1979,21:19:07,627
(72)-08-44204,(60)-07-76803,12/18/1979,22:45:36,183
(26)-06-48178,(62)-05-07893,12/19/1979,17:45:04,2660
(36)-05-92291,(30)-07-68599,12/21/1979,00:57:31,532
(65)-11-23344,(71)-11-27197,12/24/1979,11:19:42,137
(27)-00-55145,(44)-07-64893,12/24/1979,12:28:36,215
(42)-15-74434,(24)-05-34510,12/26/1979,07:56:44,852
(32)-19-04633,(48)-08-82364,12/26/1979,12:22:48,620
(24)-24-94262,(30)-14-94485,12/27/1979,09:07:54,89
(36)-15-29436,(27)-08-12075,12/27/1979,14:54:32,1222
(78)-02-78011,(32)-06-58808,12/28/1979,03:48:40,83
(68)-00-54927,(68)-01-21259,12/29/1979,08:44:49,59
(51)-03-13518,(72)-04-03735,12/29/1979,13:50:06,89
(67)-00-70619,(64)-09-77427,12/30/1979,02:06:36,289
(72)-02-61485,(55)-13-38147,12/31/1979,06:38:31,741
(31)-27-49085,(22)-13-35087,12/31/1979,17:17:37,213
(20)-29-68733,(64)-02-49302,12/31/1979,21:30:44,185
(74)-00-25641,(21)-02-97402,01/01/1980,20:38:05,149
(74)-12-64438,(75)-03-46271,01/02/1980,19:40:57,852
(74)-00-23063,(37)-24-61286,01/04/1980,12:41:40,3560
(71)-13-79146,(23)-28-41204,01/04/1980,22:46:37,564
(63)-02-80694,(32)-26-36550,01/05/1980,00:58:31,218
(56)-06-78759,(53)-20-84396,01/05/1980,03:31:53,1963
(42)-09-27113,(70)-13-18962,01/06/1980,10:40:37,3054
(62)-05-93395,(20)-02-52735,01/06/1980,10:46:13,1745
(77)-06-35671,(67)-15-72641,01/06/1980,19:47:32,133
(36)-17-48405,(44)-03-72152,01/07/1980,01:37:22,154
(73)-14-31927,(63)-10-33334,01/07/1980,12:24:30,194
(65)-00-88853,(38)-10-55109,01/07/1980,13:11:47,732
(50)-10-42754,(26)-20-65914,01/07/1980,18:45:08,172
(21)-27-63906,(78)-11-12943,01/11/1980,14:20:38,293
(37)-16-64058,(43)-17-89932,01/11/1980,16:05:37,142
(25)-25-52256,(71)-14-95228,01/12/1980,12:01:00,997
(63)-00-16017,(28)-05-04528,01/12/1980,19:59:17,7
(43)-03-62938,(29)-02-44132,01/14/1980,04:23:43,616
(52)-17-13020,(36)-17-96005,01/15/1980,05:44:47,162
(55)-08-66831,(27)-09-10280,01/15/1980,16:05:55,395
(25)-31-71473,(28)-28-41600,01/17/1980,03:45:18,45
(76)-08-50131,(35)-16-21994,01/17/1980,09:21:51,408
(71)-03-55686,(38)-02-21645,01/17/1980,13:02:37,494
(45)-10-38097,(66)-16-29037,01/18/1980,12:16:45,209
(57)-19-93295,(34)-18-87206,01/18/1980,17:05:43,696
(30)-20-89429,(27)-28-14127,01/20/1980,03:10:11,190
(35)-23-97826,(69)-00-56074,01/20/1980,23:00:50,473
(42)-01-83729,(60)-12-41440,01/21/1980,01:01:18,1728
(40)-23-55706,(36)-13-74631,01/23/1980,11:08:14,198
(77)-01-82268,(62)-16-41171,01/24/1980,03:20:50,459
(52)-20-51394,(36)-19-76186,01/24/1980,12:26:39,1145
(67)-12-79096,(43)-21-40220,01/24/1980,20:12:35,572
(41)-17-64483,(41)-25-47538,01/26/1980,02:56:19,758
(74)-14-94243,(72)-08-55693,01/28/1980,21:50:40,283
(57)-06-17667,(29)-22-02713,01/29/1980,06:13:44,869
(35)-27-37612,(29)-12-56111,01/29/1980,13:24:46,169
(56)-14-86053,(57)-16-76583,01/29/1980,18:51:50,792
(39)-12-45861,(30)-15-48115,01/30/1980,05:54:35,3295
(43)-09-89408,(68)-05-45701,01/30/1980,19:43:42,248
(40)-26-93101,(67)-11-20933,01/31/1980,04:24:48,826
(35)-06-64486,(66)-00-16887,01/31/1980,07:00:08,24
(54)-12-72740,(73)-11-31640,02/01/1980,10:45:50,202
(25)-25-07748,(55)-20-04500,02/02/1980,05:26:30,217
(44)-12-83665,(22)-17-71820,02/03/1980,08:44:28,282
(74)-14-31272,(21)-06-17256,02/03/1980,10:34:43,18
(44)-19-33768,(51)-13-93011,02/03/1980,21:02:17,1122
(71)-15-03759,(62)-11-33744,02/04/1980,14:41:30,3277
(32)-26-37551,(61)-05-23304,02/04/1980,22:59:01,13
(77)-08-03300,(64)-17-12819,02/04/1980,23:17:53,3515
(23)-28-97381,(60)-13-39539,02/05/1980,12:46:25,3205
(53)-00-12864,(40)-19-78999,02/05/1980,23:08:09,905
(21)-06-03082,(45)-08-11458,02/06/1980,00:18:18,70
(43)-22-20705,(70)-09-64681,02/06/1980,01:39:43,462
(50)-12-55503,(73)-10-21539,02/06/1980,01:40:14,1798
(35)-00-12688,(69)-03-59776,02/06/1980,13:19:04,243
(42)-21-84337,(33)-22-46447,02/07/1980,03:07:13,467
(79)-08-24368,(30)-25-68988,02/08/1980,01:47:14,804
(36)-20-63305,(30)-14-68917,02/08/1980,16:33:32,52
(62)-07-62873,(66)-09-68555,02/09/1980,12:05:03,299
(35)-09-71747,(39)-23-11148,02/12/1980,07:38:31,290
(75)-04-53995,(64)-03-93147,02/12/1980,22:22:22,851
(25)-14-38164,(73)-12-00573,02/13/1980,04:52:27,261
(22)-00-47675,(64)-06-43204,02/13/1980,08:48:40,120
(30)-26-31679,(78)-05-21561,02/13/1980,17:56:52,696
(62)-10-04424,(37)-22-88808,02/14/1980,03:24:15,7
(48)-12-79246,(38)-03-36173,02/15/1980,08:41:15,393
(59)-11-73312,(35)-14-55126,02/15/1980,11:44:38,471
(26)-24-53098,(31)-03-94624,02/15/1980,17:36:29,178
(46)-00-98693,(57)-11-99547,02/16/1980,14:25:08,796
(32)-11-07756,(74)-03-87206,02/17/1980,13:19:47,135
(79)-10-20232,(77)-06-87034,02/17/1980,13:39:35,638
(74)-03-75012,(36)-14-72454,02/19/1980,07:06:26,495
(58)-14-14560,(56)-01-06724,02/19/1980,19:34:37,1930
(45)-10-96889,(45)-01-71088,02/20/1980,00:46:54,777
(63)-18-55412,(38)-05-98778,02/20/1980,12:01:15,227
(34)-01-88648,(65)-14-93062,02/20/1980,20:29:25,504
(75)-08-31577,(50)-09-07536,02/21/1980,01:20:09,75
(74)-01-64156,(34)-27-70567,02/21/1980,11:10:50,283
(60)-11-65214,(41)-12-55601,02/21/1980,11:47:39,548
(60)-12-19672,(60)-02-40797,02/23/1980,19:58:47,318
(43)-18-23985,(72)-12-74700,02/24/1980,21:43:19,269
(50)-14-74246,(67)-05-80446,02/25/1980,20:29:56,2459
(39)-12-96946,(67)-16-80405,02/26/1980,15:33:19,451
(32)-24-85997,(43)-00-43079,02/27/1980,13:16:29,530
(74)-06-13397,(62)-01-23399,02/27/1980,20:20:28,271
(30)-27-97529,(54)-04-72708,02/28/1980,05:48:25,417
(40)-05-00847,(50)-12-55380,02/28/1980,20:25:43,47
(77)-08-76453,(66)-14-85234,02/29/1980,09:35:22,1788
(35)-00-42341,(32)-19-43244,03/02/1980,08:17:29,279
(26)-31-89523,(59)-08-74158,03/02/1980,22:37:05,290
(75)-00-06059,(49)-14-13125,03/03/1980,05:53:04,719
(58)-20-08121,(34)-28-90812,03/03/1980,22:39:54,2659
(66)-05-88983,(69)-05-25042,03/05/1980,02:07:07,7140
(45)-24-57172,(69)-02-77742,03/05/1980,03:45:34,670
(67)-04-54065,(60)-03-73662,03/05/1980,08:24:03,161
(76)-12-76403,(24)-23-32977,03/05/1980,18:41:06,45
(35)-26-41821,(43)-17-96959,03/06/1980,02:26:41,55
(77)-08-73872,(72)-13-33763,03/06/1980,08:08:21,196
(53)-11-31456,(45)-06-28398,03/07/1980,11:19:31,146
(37)-18-65152,(32)-13-54524,03/07/1980,19:55:18,519
(26)-24-72638,(54)-06-99523,03/08/1980,00:47:13,84
(22)-06-55555,(42)-25-21316,03/08/1980,04:28:32,24
(33)-27-81441,(47)-21-87995,03/08/1980,09:21:13,217
(57)-10-23030,(21)-31-60738,03/09/1980,15:59:48,1626
(64)-10-52491,(40)-16-84136,03/09/1980,22:02:10,262
(64)-13-95791,(47)-04-61363,03/10/1980,05:16:04,54
(52)-10-17219,(72)-06-20664,03/10/1980,16:49:18,121
(42)-16-36250,(72)-07-45989,03/11/1980,10:36:11,6967
(68)-14-23639,(21)-11-88862,03/12/1980,04:47:14,1391
(36)-21-49091,(53)-21-32219,03/12/1980,10:04:31,692
(74)-04-85126,(77)-03-20878,03/12/1980,17:26:39,262
(67)-17-48259,(22)-23-47654,03/13/1980,01:32:25,356
(44)-11-72499,(23)-27-13118,03/13/1980,17:33:46,761
(56)-04-07743,(78)-02-35302,03/14/1980,06:10:05,169
(52)-11-40883,(64)-12-71009,03/16/1980,10:28:05,3145
(39)-02-49549,(26)-17-69359,03/16/1980,13:48:25,1566
(38)-08-50095,(76)-12-19452,03/17/1980,06:15:04,701
(49)-01-79545,(27)-02-65979,03/17/1980,14:15:12,24
(55)-01-75405,(51)-12-48283,03/18/1980,06:53:09,235
(58)-06-97433,(37)-06-04307,03/18/1980,07:56:38,3777
(75)-13-18536,(20)-28-96317,03/18/1980,08:57:31,273
(56)-16-23352,(34)-17-83255,03/18/1980,23:45:57,123
(36)-25-45718,(72)-15-66891,03/19/1980,20:01:21,354
(59)-06-51520,(40)-09-72164,03/19/1980,22:52:37,2310
(25)-03-53066,(45)-05-50053,03/20/1980,03:40:04,188
(31)-21-43965,(37)-14-59352,03/20/1980,10:00:33,538
(47)-20-20741,(67)-14-74970,03/20/1980,21:59:15,844
(20)-16-95735,(61)-16-53339,03/22/1980,00:53:46,68
(48)-16-63479,(47)-20-77170,03/22/1980,15:02:36,19
(64)-16-56035,(75)-03-01213,03/23/1980,11:20:36,1557
(22)-27-13443,(56)-06-98925,03/24/1980,20:05:43,479
(49)-05-49447,(71)-09-64058,03/25/1980,17:02:01,611
(20)-28-75807,(49)-13-60102,03/25/1980,18:40:58,102
(70)-05-26350,(46)-11-40392,03/25/1980,21:44:18,651
(29)-21-56245,(24)-12-92321,03/26/1980,04:58:40,17
(53)-07-36034,(63)-02-52697,03/26/1980,07:48:16,166
(77)-10-83338,(39)-09-74619,03/27/1980,18:20:09,285
(76)-03-50229,(34)-01-05315,03/27/1980,18:31:41,224
(62)-12-51304,(55)-04-78936,03/28/1980,12:40:08,387
(61)-10-30719,(63)-10-15292,03/28/1980,16:42:56,759
(58)-00-99424,(25)-07-44073,03/28/1980,17:28:58,279
(39)-11-10090,(42)-01-47059,03/29/1980,04:51:04,559
(28)-15-31708,(50)-13-01205,03/29/1980,14:08:09,133
(75)-03-46271,(40)-25-00663,04/01/1980,17:00:30,60
(63)-10-07085,(56)-04-90377,04/03/1980,07:12:02,496
(39)-18-51966,(50)-06-44270,04/03/1980,17:11:23,367
(69)-16-04548,(73)-10-91016,04/04/1980,05:49:28,157
(46)-13-94371,(48)-17-06182,04/05/1980,07:47:47,706
(72)-11-94554,(50)-03-07229,04/07/1980,03:01:43,16
(77)-07-01803,(39)-00-91941,04/09/1980,06:02:46,1943
(64)-05-61983,(67)-12-32891,04/09/1980,13:45:47,623
(32)-04-62448,(53)-03-53469,04/09/1980,17:29:33,1602
(69)-14-09286,(67)-10-81079,04/10/1980,09:33:47,2126
(51)-05-88914,(77)-04-58598,04/12/1980,10:27:03,678
(36)-13-30330,(75)-13-40201,04/13/1980,01:09:22,2848
(37)-08-04661,(20)-16-73905,04/14/1980,08:06:29,211
(45)-05-08224,(34)-19-14346,04/15/1980,14:53:41,554
(77)-13-26933,(52)-10-18683,04/16/1980,11:32:09,5357
(69)-12-31714,(35)-20-27836,04/17/1980,18:14:32,257
(78)-06-62087,(28)-01-13556,04/17/1980,18:40:38,3171
(44)-14-69090,(57)-08-83058,04/18/1980,01:01:36,102
(73)-08-52671,(78)-08-23661,04/19/1980,14:07:23,787
(35)-18-57818,(60)-19-66428,04/20/1980,08:56:29,1541
(33)-09-25883,(70)-07-14591,04/22/1980,17:31:09,2244
(69)-02-73763,(44)-25-54082,04/24/1980,02:25:08,2483
(25)-14-39449,(31)-01-50991,04/24/1980,04:43:49,14
(30)-29-63240,(61)-13-25694,04/24/1980,07:17:08,3561
(33)-16-25499,(62)-08-18849,04/24/1980,15:47:51,609
(27)-29-62579,(24)-24-62129,04/26/1980,10:07:54,86
(65)-02-28339,(57)-07-36252,04/27/1980,07:55:29,48
(72)-11-36323,(35)-20-71555,04/28/1980,09:28:00,846
(47)-11-48787,(34)-21-84012,04/28/1980,16:11:32,3383
(74)-07-70753,(62)-05-34104,04/28/1980,23:48:53,625
(67)-13-62346,(27)-00-41542,04/29/1980,19:40:09,776
(51)-09-87386,(71)-06-79278,04/29/1980,22:59:30,780
(65)-15-15181,(52)-09-72961,04/30/1980,02:45:31,468
(68)-16-53066,(60)-06-02374,04/30/1980,16:27:34,606
(74)-02-16975,(53)-16-21241,05/01/1980,07:02:43,22
(40)-26-39382,(75)-09-46528,05/01/1980,14:04:26,298
(45)-16-30777,(51)-17-59575,05/02/1980,05:00:59,3496
(73)-04-24067,(22)-30-10292,05/02/1980,10:50:18,3271
(37)-24-88231,(74)-08-92371,05/02/1980,12:14:58,799
(47)-22-23861,(36)-10-45620,05/02/1980,18:11:05,503
(66)-00-67735,(66)-10-04653,05/03/1980,11:40:53,503
(60)-08-90858,(70)-06-30716,05/06/1980,07:01:43,1542
(68)-10-86247,(46)-15-57699,05/10/1980,03:17:56,90
(33)-11-52910,(60)-02-01196,05/11/1980,09:35:40,97
(42)-08-18779,(49)-22-83665,05/11/1980,13:36:24,2852
(43)-00-06968,(78)-05-51680,05/11/1980,16:01:51,799
(40)-22-09107,(21)-16-70712,05/12/1980,15:09:00,2160
(37)-04-30503,(68)-09-40244,05/12/1980,23:39:14,6912
(54)-09-51986,(48)-23-65826,05/13/1980,01:37:21,156
(77)-01-80137,(68)-09-15085,05/13/1980,09:24:06,311
(20)-24-29993,(50)-17-92697,05/13/1980,09:27:29,133
(53)-13-09309,(66)-08-83862,05/14/1980,07:18:19,169
(26)-29-80364,(44)-23-77009,05/14/1980,11:34:02,797
(48)-14-75904,(73)-11-32533,05/14/1980,18:41:40,586
(67)-04-55598,(53)-05-18085,05/15/1980,14:42:07,611
(61)-12-06723,(41)-17-57321,05/16/1980,00:54:02,265
(36)-14-15513,(39)-00-98966,05/17/1980,02:23:30,364
(22)-01-20191,(42)-23-00180,05/18/1980,03:25:13,82
(30)-04-38037,(65)-16-84131,05/18/1980,18:05:29,87
(24)-22-20801,(39)-19-01191,05/20/1980,22:12:41,299
(68)-13-29617,(43)-08-90285,05/22/1980,00:49:16,895
(38)-13-05060,(25)-08-07287,05/23/1980,03:54:51,227
(70)-04-80464,(25)-13-68118,05/23/1980,08:16:34,3321
(49)-06-84560,(24)-23-60392,05/23/1980,16:00:11,87
(36)-02-40514,(44)-16-85666,05/23/1980,22:11:49,326
(50)-06-19717,(53)-05-33902,05/24/1980,18:39:22,390
(21)-03-70363,(46)-02-53488,05/25/1980,00:03:10,721
(34)-23-97721,(44)-17-90046,05/25/1980,01:35:38,781
(70)-07-85734,(25)-05-71994,05/25/1980,03:05:31,203
(73)-11-33921,(26)-07-46035,05/25/1980,08:46:03,848
(50)-12-89743,(74)-13-71860,05/25/1980,15:49:16,324
(46)-19-03661,(45)-05-79979,05/25/1980,16:11:52,180
(78)-13-36459,(65)-05-16150,05/25/1980,17:11:55,660
(25)-20-42156,(20)-07-31655,05/26/1980,16:03:50,250
(29)-19-82813,(61)-16-69344,05/28/1980,00:17:44,120
(44)-03-72689,(66)-11-78154,05/28/1980,10:30:20,88
(48)-21-46578,(57)-06-01722,05/29/1980,14:36:46,26
(56)-20-92237,(27)-28-23004,05/29/1980,23:04:08,55
(36)-11-83147,(36)-27-17195,05/31/1980,12:44:19,724
(58)-10-60755,(36)-21-80841,06/01/1980,19:15:58,52
(60)-19-05805,(30)-13-16764,06/02/1980,00:24:08,96
(59)-06-85551,(31)-24-76077,06/03/1980,16:02:33,776
(35)-16-35984,(56)-00-79961,06/03/1980,19:22:58,367
(29)-13-42657,(53)-11-31456,06/05/1980,09:05:46,20
(30)-23-06360,(69)-08-67751,06/06/1980,13:31:45,832
(57)-07-47171,(57)-09-80604,06/07/1980,20:38:21,405
(25)-11-13117,(34)-25-31954,06/08/1980,10:25:46,227
(45)-00-00212,(76)-09-61218,06/09/1980,07:58:35,49
(59)-16-19260,(25)-24-61700,06/09/1980,17:16:12,293
(27)-28-85673,(24)-06-18327,06/10/1980,09:20:05,71
(76)-12-20644,(29)-26-88014,06/10/1980,11:32:47,837
(56)-08-03221,(47)-13-07227,06/10/1980,22:23:52,2799
(55)-18-07575,(51)-13-29604,06/11/1980,04:54:02,75
(48)-04-68445,(28)-14-28204,06/11/1980,11:59:46,836
(53)-12-06095,(37)-11-40874,06/11/1980,23:31:40,822
(42)-24-90371,(73)-00-74649,06/11/1980,23:53:15,453
(33)-22-05846,(44)-14-96333,06/12/1980,01:15:19,643
(55)-08-44553,(59)-04-19746,06/12/1980,07:00:53,253
(67)-05-48970,(28)-02-07956,06/12/1980,14:54:56,449
(21)-07-70403,(58)-12-89114,06/12/1980,15:41:43,882
(25)-04-46432,(30)-04-38511,06/13/1980,11:42:23,1944
(69)-11-74534,(39)-18-81780,06/13/1980,20:56:38,445
(31)-16-49520,(63)-06-71914,06/13/1980,21:35:45,4260
(37)-14-30490,(66)-02-19398,06/14/1980,00:23:37,61
(24)-13-23523,(44)-02-29487,06/14/1980,04:38:54,883
(39)-05-50833,(61)-05-33844,06/14/1980,06:12:41,1840
(52)-14-31951,(51)-07-46695,06/15/1980,06:34:42,687
(45)-14-32593,(28)-07-78687,06/16/1980,02:42:31,81
(20)-17-57765,(20)-13-46781,06/16/1980,04:21:34,299
(54)-19-09869,(79)-12-65099,06/16/1980,07:48:23,694
(34)-15-04820,(45)-07-51717,06/16/1980,16:15:04,29
(33)-11-16787,(21)-08-24717,06/17/1980,18:39:01,94
(30)-16-11803,(32)-00-45779,06/17/1980,20:22:41,72
(21)-12-48532,(63)-07-53129,06/19/1980,08:57:10,3540
(37)-16-04770,(39)-13-73000,06/19/1980,11:42:12,266
(25)-13-63044,(74)-13-52853,06/20/1980,15:16:37,893
(25)-24-15714,(40)-26-74025,06/20/1980,15:28:51,31
(42)-13-60206,(24)-14-48853,06/20/1980,22:49:55,244
(69)-10-98427,(70)-03-05283,06/21/1980,01:00:50,596
(69)-03-72338,(41)-13-06062,06/21/1980,13:47:37,723
(50)-09-50096,(75)-04-27600,06/24/1980,04:26:56,719
(77)-08-82973,(28)-16-02275,06/25/1980,01:24:49,43
(58)-10-20108,(60)-19-02034,06/25/1980,07:41:40,237
(79)-12-40834,(67)-03-41570,06/25/1980,21:57:11,223
(60)-10-44975,(60)-07-27705,06/25/1980,23:58:39,713
(21)-31-94660,(23)-08-13382,06/27/1980,18:36:36,128
(33)-25-99535,(31)-10-12469,06/28/1980,11:13:04,419
(50)-17-53088,(65)-15-37299,06/28/1980,20:49:15,1034
(24)-14-20534,(39)-11-73124,06/29/1980,01:02:27,251
(78)-00-95383,(38)-13-94686,06/29/1980,08:01:33,120
(53)-12-64436,(66)-06-19785,06/30/1980,18:13:07,112
(40)-14-41422,(38)-13-58519,06/30/1980,21:42:57,93
(75)-00-29765,(44)-05-11053,07/01/1980,08:44:59,143
(69)-03-54650,(34)-14-49426,07/03/1980,03:20:58,88
(68)-12-81399,(39)-15-76236,07/03/1980,17:11:41,49
(79)-04-50564,(77)-12-58226,07/06/1980,01:50:01,76
(67)-08-11872,(27)-00-45991,07/06/1980,19:16:55,357
(35)-10-04989,(67)-08-58658,07/07/1980,03:57:48,34
(36)-16-87454,(78)-10-49377,07/08/1980,21:29:38,360
(56)-05-71990,(70)-05-10639,07/09/1980,22:11:59,19
(61)-08-61848,(58)-17-49364,07/10/1980,15:34:28,192
(79)-09-96165,(34)-06-50773,07/10/1980,22:31:27,185
(79)-05-35685,(20)-29-68906,07/12/1980,10:19:13,520
(36)-13-37430,(57)-10-02948,07/12/1980,15:15:48,225
(67)-02-16734,(58)-13-34154,07/13/1980,17:15:36,567
(70)-08-95059,(61)-18-91988,07/14/1980,07:11:29,297
(48)-19-99302,(46)-05-48902,07/14/1980,10:39:54,881
(41)-06-49593,(67)-00-13758,07/15/1980,04:54:05,542
(67)-13-24533,(66)-04-57246,07/15/1980,22:12:44,74
(78)-13-29749,(66)-12-26222,07/16/1980,00:47:51,295
(38)-21-00124,(73)-12-00472,07/17/1980,19:27:41,716
(30)-26-86084,(37)-21-81894,07/21/1980,11:38:58,830
(50)-05-62422,(78)-03-51675,07/22/1980,09:18:23,546
(38)-04-79455,(40)-00-46287,07/23/1980,03:05:50,166
(40)-00-66755,(26)-19-17203,07/23/1980,10:15:47,780
(35)-13-79240,(74)-10-71360,07/23/1980,17:32:40,217
(40)-12-40809,(59)-17-70428,07/24/1980,12:33:11,36
(60)-09-08084,(27)-09-65507,07/25/1980,06:47:54,60
(52)-22-40080,(70)-09-56210,07/25/1980,16:38:49,15
(63)-12-81721,(73)-07-18170,07/27/1980,18:30:18,772
(36)-06-58729,(65)-18-36992,07/30/1980,18:29:19,604
(69)-00-57773,(50)-22-75219,07/31/1980,12:59:02,849
(23)-31-70790,(22)-29-76678,07/31/1980,20:19:50,171
(52)-01-87850,(45)-17-70743,08/01/1980,23:01:40,267
(68)-14-02977,(54)-09-53025,08/04/1980,23:02:47,244
(55)-10-66143,(37)-24-51468,08/05/1980,03:41:36,3360
(49)-21-59904,(26)-13-34557,08/05/1980,15:52:02,3292
(71)-06-70586,(42)-02-97976,08/08/1980,03:44:09,142
(30)-00-09008,(50)-20-05262,08/08/1980,10:44:19,2723
(79)-07-07528,(30)-02-36964,08/08/1980,21:52:41,12
(47)-14-88921,(69)-09-44086,08/10/1980,00:42:58,3097
(20)-19-12124,(44)-20-82570,08/10/1980,13:42:07,590
(40)-04-40858,(23)-27-29842,08/10/1980,23:47:42,246
(20)-21-49786,(33)-04-77635,08/11/1980,06:24:06,72
(49)-20-71745,(66)-04-64237,08/12/1980,08:37:17,507
(43)-03-20238,(66)-03-09980,08/13/1980,09:45:57,1283
(45)-15-38989,(47)-08-62345,08/13/1980,18:31:29,628
(26)-27-97238,(73)-10-66594,08/13/1980,18:39:06,194
(30)-14-58348,(23)-30-62485,08/15/1980,13:32:09,582
(71)-07-24797,(65)-16-89161,08/15/1980,21:16:45,707
(62)-12-61319,(33)-10-22778,08/16/1980,15:58:06,255
(45)-18-33389,(42)-24-91726,08/17/1980,15:03:26,419
(46)-03-45624,(32)-01-80059,08/17/1980,23:36:31,224
(79)-06-72500,(38)-12-68042,08/18/1980,08:15:30,226
(70)-01-50179,(73)-06-42041,08/18/1980,08:36:01,48
(53)-18-96463,(31)-17-51879,08/18/1980,09:19:32,784
(78)-10-40510,(40)-17-52372,08/18/1980,12:11:38,460
(67)-08-57064,(63)-15-33408,08/22/1980,01:32:10,68
(46)-01-83932,(70)-09-98031,08/22/1980,01:53:57,643
(37)-12-76171,(61)-10-27134,08/24/1980,01:37:25,98
(37)-06-78645,(68)-02-67501,08/24/1980,07:58:53,73
(24)-07-70370,(25)-10-99504,08/25/1980,09:00:48,96
(63)-17-85691,(36)-01-73432,08/26/1980,02:14:54,498
(64)-05-61983,(20)-13-72566,08/26/1980,10:33:03,81
(42)-11-07121,(45)-16-81899,08/27/1980,08:18:01,810
(52)-12-02003,(74)-05-84893,08/27/1980,10:48:59,215
(27)-28-10035,(77)-14-97018,08/28/1980,19:30:42,488
(36)-16-20630,(30)-02-04049,08/29/1980,18:07:24,640
(34)-26-82299,(58)-19-95428,08/29/1980,19:38:36,4087
(77)-05-10274,(54)-11-66437,08/30/1980,00:32:45,254
(31)-03-61372,(31)-16-92617,08/30/1980,14:38:40,366
(23)-15-27883,(30)-03-59229,09/01/1980,08:35:13,769
(74)-02-47237,(31)-23-79032,09/01/1980,12:58:19,865
(33)-05-43552,(45)-24-63793,09/01/1980,23:47:08,662
(22)-28-14756,(58)-19-70084,09/03/1980,03:56:08,506
(79)-02-36409,(41)-04-66052,09/03/1980,07:07:25,2194
(54)-15-61363,(40)-18-69672,09/03/1980,07:55:18,157
(74)-01-32382,(25)-21-60685,09/03/1980,18:30:32,2096
(36)-01-58306,(32)-09-84645,09/05/1980,20:05:24,577
(47)-15-69446,(44)-23-57085,09/06/1980,00:13:11,150
(73)-09-77055,(44)-03-50823,09/07/1980,02:26:36,2636
(78)-12-90427,(74)-09-53249,09/07/1980,04:12:54,120
(51)-00-85349,(49)-01-31123,09/07/1980,18:38:37,832
(37)-19-07705,(35)-07-96896,09/08/1980,11:30:16,708
(38)-15-29364,(31)-16-53967,09/08/1980,16:40:26,539
(45)-06-52429,(45)-01-84348,09/08/1980,22:40:38,300
(27)-13-74887,(73)-02-16950,09/09/1980,22:45:25,802
(72)-12-69762,(38)-07-89217,09/10/1980,02:59:35,170
(44)-04-33016,(61)-03-40439,09/11/1980,08:47:50,104
(68)-09-53383,(79)-12-57890,09/11/1980,14:09:02,54
(45)-20-71601,(33)-14-82930,09/11/1980,21:04:44,464
(32)-19-86989,(68)-13-97443,09/12/1980,17:53:34,861
(74)-14-73806,(77)-07-42161,09/12/1980,21:42:43,374
(39)-20-16983,(69)-09-29490,09/13/1980,17:36:33,275
(66)-17-21184,(68)-11-81020,09/13/1980,21:01:31,557
(60)-07-77635,(62)-13-74798,09/14/1980,07:45:47,306
(77)-12-25434,(23)-07-86543,09/15/1980,15:50:38,353
(79)-10-20232,(56)-17-97453,09/16/1980,06:46:15,368
(26)-12-11513,(78)-13-24416,09/16/1980,14:22:37,919
(70)-01-30438,(23)-12-61717,09/17/1980,14:37:35,241
(67)-07-48833,(63)-05-45131,09/19/1980,04:50:46,284
(52)-08-35984,(47)-23-69907,09/19/1980,08:27:54,162
(61)-08-94084,(61)-01-50169,09/19/1980,14:50:28,723
(75)-02-65620,(58)-06-47249,09/19/1980,21:12:58,116
(55)-02-19689,(49)-23-14149,09/20/1980,10:11:04,563
(72)-10-26949,(26)-30-01767,09/20/1980,16:26:29,68
(27)-18-82783,(56)-13-66264,09/20/1980,23:06:52,743
(56)-09-74689,(27)-26-47422,09/20/1980,23:39:23,825
(72)-15-66802,(68)-13-28156,09/22/1980,07:16:44,3307
(55)-20-65568,(53)-05-13510,09/22/1980,09:13:22,793
(77)-12-89182,(45)-19-78269,09/22/1980,13:34:25,5
(35)-05-19526,(44)-14-12574,09/23/1980,07:42:53,294
(67)-01-79414,(60)-19-21522,09/24/1980,04:26:33,143
(59)-19-05183,(42)-09-94865,09/26/1980,20:54:41,249
(64)-05-04011,(70)-05-18724,09/27/1980,01:34:42,776
(60)-17-07250,(32)-14-23106,09/28/1980,07:19:45,2896
(29)-15-41629,(47)-18-64169,09/28/1980,09:08:32,274
(25)-11-01590,(39)-20-30938,09/28/1980,23:57:26,288
(55)-14-09144,(44)-02-34665,09/29/1980,22:42:30,393
(20)-28-97204,(44)-07-29919,10/02/1980,23:13:12,166
(40)-09-71088,(25)-18-21564,10/03/1980,06:25:48,511
(60)-10-55360,(53)-10-15318,10/05/1980,04:46:06,355
(61)-10-49351,(45)-11-11770,10/05/1980,18:34:50,2038
(20)-23-86811,(55)-05-35796,10/06/1980,20:13:08,811
(60)-06-33454,(30)-29-37248,10/07/1980,05:53:07,10
(62)-16-05723,(54)-05-25519,10/09/1980,10:33:50,218
(73)-15-84442,(74)-04-39326,10/09/1980,12:18:19,2090
(47)-01-74849,(66)-17-76338,10/10/1980,02:33:11,7
(26)-11-36646,(61)-16-49107,10/10/1980,02:38:13,434
(27)-30-04889,(26)-01-00063,10/10/1980,21:36:44,664
(35)-16-61556,(60)-03-61771,10/12/1980,10:10:06,186
(58)-06-97433,(40)-22-95096,10/12/1980,13:03:06,1112
(76)-12-37293,(63)-14-88586,10/13/1980,13:54:33,3041
(31)-27-04735,(57)-15-54595,10/14/1980,05:01:29,449
(70)-16-87706,(73)-11-09933,10/14/1980,13:07:08,1479
(56)-07-31795,(21)-06-05516,10/14/1980,22:43:19,52
(70)-14-39094,(76)-14-34631,10/17/1980,06:44:39,2272
(44)-16-99883,(76)-05-33600,10/19/1980,02:29:22,27
(51)-17-78150,(24)-03-81984,10/19/1980,21:57:47,141
(47)-01-37240,(42)-24-49895,10/19/1980,22:15:52,1462
(69)-10-45846,(76)-02-10174,10/20/1980,09:01:27,2418
(25)-30-90133,(26)-13-50545,10/20/1980,14:53:19,1116
(40)-03-14118,(49)-15-35209,10/21/1980,13:42:57,559
(75)-06-15136,(60)-17-73658,10/21/1980,14:31:31,255
(58)-20-08187,(54)-20-43952,10/22/1980,13:45:02,143
(30)-18-76822,(20)-10-15264,10/24/1980,20:46:06,262
(38)-12-36471,(56)-07-00038,10/25/1980,21:39:46,2759
(71)-15-58552,(71)-03-43059,10/29/1980,12:50:33,131
(79)-08-09315,(21)-19-22534,10/29/1980,16:17:08,56
(78)-11-64809,(73)-10-63963,10/29/1980,16:30:25,153
(69)-02-56793,(49)-09-84522,10/29/1980,20:23:35,1828
(47)-11-88989,(56)-18-69791,10/30/1980,01:29:52,2450
(45)-12-88508,(33)-09-94170,10/30/1980,06:08:34,3517
(76)-00-49930,(74)-02-85115,10/30/1980,09:42:06,2348
(20)-15-75436,(67)-09-81910,11/02/1980,01:30:18,134
(21)-25-15781,(23)-25-80122,11/02/1980,20:38:15,827
(37)-15-81339,(77)-11-36539,11/03/1980,04:03:46,351
(66)-11-26429,(55)-17-06090,11/04/1980,23:50:29,78
(45)-17-38269,(50)-19-47040,11/05/1980,16:07:32,1147
(51)-16-44637,(44)-21-97030,11/06/1980,14:31:03,183
(49)-03-44612,(55)-14-06333,11/06/1980,15:45:56,460
(33)-00-55171,(20)-16-96195,11/08/1980,20:24:24,822
(29)-02-13642,(59)-15-40335,11/08/1980,20:34:54,887
(42)-04-89860,(74)-05-07455,11/11/1980,08:38:08,101
(42)-00-53548,(23)-20-97064,11/11/1980,20:10:04,828
(30)-16-34962,(69)-06-56056,11/11/1980,20:54:03,111
(35)-10-23110,(36)-16-56077,11/12/1980,00:36:33,163
(69)-05-06176,(36)-06-26351,11/14/1980,01:01:11,274
(69)-00-49975,(77)-00-39863,11/14/1980,05:05:24,447
(53)-01-26020,(43)-15-72454,11/14/1980,21:03:24,221
(41)-22-63404,(20)-09-27321,11/15/1980,19:22:12,2167
(60)-06-84197,(78)-03-90973,11/16/1980,02:56:00,827
(23)-22-19853,(22)-17-70675,11/16/1980,09:42:46,498
(44)-25-58283,(44)-08-38632,11/16/1980,16:12:58,943
(33)-22-91562,(21)-29-82035,11/17/1980,08:41:09,528
(76)-00-76985,(20)-22-94188,11/18/1980,02:15:05,376
(75)-01-36406,(61)-10-94538,11/18/1980,07:11:23,270
(31)-23-45305,(68)-05-95183,11/18/1980,22:14:50,256
(22)-31-58852,(22)-13-18448,11/19/1980,15:09:10,2848
(46)-01-70539,(39)-06-91594,11/19/1980,22:09:30,147
(60)-15-82799,(42)-10-22621,11/19/1980,22:20:31,212
(58)-12-59736,(47)-16-47952,11/20/1980,03:57:56,40
(58)-06-28954,(63)-07-41300,11/20/1980,05:15:45,1303
(70)-11-67945,(69)-12-17699,11/20/1980,20:59:25,172
(70)-12-78255,(23)-10-77230,11/21/1980,08:28:38,79
(48)-21-31455,(59)-11-93171,11/22/1980,02:27:46,526
(66)-02-11243,(70)-02-55549,11/22/1980,02:44:41,553
(68)-11-00119,(24)-14-00664,11/23/1980,01:11:21,729
(77)-01-54520,(42)-23-93475,11/23/1980,08:13:42,80
(32)-29-84221,(29)-18-03703,11/23/1980,08:59:05,753
(55)-16-17644,(59)-00-45210,11/23/1980,21:38:05,515
(62)-02-65372,(74)-07-86100,11/24/1980,23:57:18,1315
(62)-09-74534,(35)-23-98390,11/25/1980,04:49:43,2496
(64)-10-62662,(59)-04-04182,11/26/1980,18:16:49,56
(75)-08-21387,(77)-07-58891,11/27/1980,07:18:38,3543
(58)-20-08294,(70)-01-33691,11/27/1980,14:06:18,245
(42)-03-23430,(51)-13-06250,11/28/1980,13:32:49,3150
(44)-21-16939,(53)-10-16099,12/01/1980,11:52:24,2386
(44)-03-39231,(22)-01-68903,12/01/1980,17:25:29,1312
(73)-00-03654,(28)-20-79403,12/02/1980,08:04:22,2519
(23)-23-85658,(73)-03-28215,12/02/1980,09:19:42,156
(56)-19-50288,(72)-10-34004,12/02/1980,09:31:23,1437
(68)-13-44472,(37)-22-98161,12/03/1980,03:37:39,3468
(77)-01-18037,(55)-16-80766,12/03/1980,05:49:27,1446
(76)-07-72206,(64)-02-55547,12/04/1980,07:16:28,2331
(77)-03-32091,(54)-21-14305,12/04/1980,21:33:12,154
(31)-19-05695,(45)-24-28884,12/05/1980,06:22:43,621
(42)-16-40103,(68)-03-44557,12/05/1980,15:10:18,2297
(61)-03-64763,(21)-31-12201,12/07/1980,09:20:23,32
(70)-06-14210,(75)-14-45229,12/10/1980,14:09:03,246
(73)-09-96972,(66)-02-10471,12/11/1980,03:00:10,3313
(63)-03-72437,(54)-04-28097,12/11/1980,16:55:47,27
(56)-11-19948,(68)-01-67254,12/12/1980,12:09:55,2693
(36)-22-74063,(63)-14-94040,12/14/1980,09:11:21,65
(56)-02-98378,(79)-03-71398,12/15/1980,07:11:37,73
(78)-05-72250,(32)-02-00808,12/16/1980,02:31:48,690
(29)-06-27357,(50)-04-94745,12/18/1980,08:38:17,245
(74)-13-02222,(22)-02-86085,12/18/1980,14:16:32,3239
(27)-12-89918,(61)-16-12275,12/19/1980,00:46:35,2089
(61)-16-14198,(20)-15-58686,12/19/1980,19:56:17,456
(29)-00-31787,(36)-17-91267,12/20/1980,04:30:06,176
(34)-17-56916,(77)-09-68395,12/21/1980,08:49:18,79
(52)-02-25049,(38)-22-12178,12/22/1980,02:09:30,117
(70)-15-48396,(78)-05-15046,12/25/1980,11:53:01,675
(39)-03-88749,(25)-18-21782,12/26/1980,04:52:35,234
(39)-13-97145,(55)-12-48192,12/26/1980,09:16:20,2169
(27)-25-28214,(38)-12-65116,12/26/1980,12:01:46,335
(63)-07-65688,(39)-12-70441,12/28/1980,15:25:28,6
(74)-02-61240,(31)-23-20753,12/28/1980,20:43:34,166
(63)-04-61246,(47)-07-69953,12/29/1980,07:39:49,581
(78)-08-94570,(24)-04-77706,12/29/1980,14:13:12,38
(34)-01-88863,(37)-24-58267,12/29/1980,22:08:28,1383
(51)-15-70291,(21)-20-82190,12/30/1980,17:13:01,2227
(41)-03-79393,(46)-09-10783,01/02/1981,02:42:48,6042
(67)-15-62929,(24)-11-40516,01/03/1981,01:11:19,3110
(58)-20-65112,(30)-05-99912,01/03/1981,09:52:47,247
(51)-07-61764,(67)-05-71177,01/03/1981,19:12:52,721
(30)-28-60440,(67)-02-97454,01/04/1981,04:05:09,314
(29)-07-71843,(43)-25-26112,01/05/1981,00:07:32,292
(66)-06-61751,(57)-04-82510,01/05/1981,10:05:42,334
(26)-18-77472,(43)-11-31597,01/06/1981,07:24:50,3273
(74)-08-46552,(44)-00-40906,01/06/1981,21:43:22,86
(64)-12-37381,(47)-04-17136,01/07/1981,16:21:29,325
(31)-13-29308,(53)-09-09918,01/07/1981,21:38:32,229
(66)-14-34798,(40)-18-07663,01/11/1981,02:41:23,610
(30)-25-49632,(21)-25-75170,01/11/1981,10:09:22,1157
(32)-20-31050,(37)-05-85498,01/13/1981,01:40:34,634
(79)-08-44730,(24)-00-50782,01/14/1981,02:43:19,642
(29)-22-40565,(48)-14-62252,01/14/1981,07:56:18,483
(42)-08-79623,(67)-15-62929,01/15/1981,05:57:16,172
(56)-18-17063,(57)-01-90352,01/15/1981,10:49:07,637
(66)-16-94852,(52)-02-69937,01/15/1981,16:15:40,1314
(35)-24-88630,(58)-04-73125,01/16/1981,01:43:18,289
(40)-18-34959,(23)-29-83591,01/16/1981,12:45:53,61
(68)-13-16391,(55)-21-72419,01/16/1981,22:44:46,187
(42)-13-33931,(35)-06-98475,01/16/1981,23:43:32,100
(30)-18-39294,(61)-03-02870,01/17/1981,04:56:22,1043
(27)-09-80349,(53)-19-14366,01/18/1981,05:08:22,28
(35)-07-55068,(42)-23-99278,01/18/1981,23:40:14,2130
(41)-22-84018,(72)-02-94139,01/19/1981,07:55:32,167
(65)-13-24720,(70)-07-39455,01/19/1981,15:54:28,541
(27)-12-39845,(73)-10-46805,01/19/1981,20:13:01,179
(43)-11-77021,(67)-03-34579,01/19/1981,20:28:29,18
(23)-06-77139,(41)-05-52157,01/20/1981,00:52:41,211
(73)-07-39068,(61)-11-79986,01/21/1981,09:23:31,743
(54)-02-06292,(43)-24-59431,01/22/1981,00:15:23,107
(69)-16-13392,(21)-04-24340,01/22/1981,01:13:51,663
(57)-10-23416,(21)-19-89742,01/22/1981,13:22:18,54
(48)-21-31455,(45)-05-30027,01/22/1981,22:33:35,225
(58)-03-15604,(65)-17-18237,01/23/1981,06:28:25,143
(78)-13-88970,(77)-01-99263,01/24/1981,05:31:24,1675
(40)-26-29437,(20)-21-21448,01/24/1981,09:16:22,109
(45)-11-63304,(21)-08-75129,01/24/1981,19:49:11,3279
(39)-01-44124,(41)-12-55182,01/25/1981,02:25:13,737
(25)-24-56617,(74)-11-66852,01/25/1981,10:03:20,382
(24)-09-48805,(62)-11-96689,01/27/1981,21:05:33,44
(53)-16-64657,(75)-06-74517,01/28/1981,00:16:27,263
(51)-04-40248,(35)-11-29068,01/28/1981,08:39:08,662
(22)-11-49522,(26)-29-26363,01/28/1981,10:51:33,375
(44)-08-30543,(43)-20-58514,01/29/1981,02:53:22,242
(26)-24-40813,(33)-16-22930,01/29/1981,12:10:24,284
(38)-02-05701,(72)-05-48946,01/29/1981,19:11:43,209
(56)-21-37141,(29)-20-64589,01/31/1981,23:58:01,50
(53)-03-07191,(23)-17-06516,02/03/1981,19:16:26,156
(35)-12-71260,(62)-08-08919,02/04/1981,21:39:43,259
(78)-01-07411,(31)-25-58794,02/05/1981,19:03:59,1080
(76)-03-01538,(62)-02-21224,02/06/1981,07:54:30,898
(75)-11-94479,(53)-00-01468,02/07/1981,01:50:41,10
(39)-22-28139,(64)-16-27938,02/07/1981,06:53:39,29
(42)-04-73959,(40)-07-32817,02/07/1981,16:34:33,2179
(39)-11-31479,(43)-19-59408,02/08/1981,00:26:14,284
(77)-13-45890,(48)-11-25059,02/08/1981,02:23:18,113
(74)-11-27179,(43)-16-79444,02/09/1981,09:49:48,1758
(46)-13-88176,(34)-25-19081,02/09/1981,16:18:31,3945
(72)-11-60619,(30)-03-71934,02/09/1981,21:21:22,678
(34)-06-64676,(65)-09-25096,02/09/1981,23:02:03,229
(58)-09-18600,(31)-11-44227,02/10/1981,05:37:05,2186
(59)-12-81592,(30)-02-73581,02/11/1981,00:13:17,68
(22)-08-53713,(50)-12-70468,02/11/1981,06:31:45,230
(29)-10-09282,(58)-11-63253,02/12/1981,11:35:01,336
(67)-03-33503,(77)-13-36645,02/13/1981,23:17:29,242
(57)-16-78047,(55)-03-17995,02/14/1981,01:24:41,89
(29)-09-80875,(71)-01-69001,02/15/1981,04:11:43,488
(26)-09-27413,(24)-02-47980,02/15/1981,13:21:56,369
(20)-05-94054,(29)-18-79767,02/15/1981,16:30:45,87
(22)-15-49150,(75)-06-63993,02/16/1981,03:21:32,202
(21)-23-70725,(61)-12-84329,02/16/1981,12:03:49,233
(29)-04-21127,(55)-19-51037,02/16/1981,14:04:38,2754
(36)-24-51568,(78)-00-82395,02/16/1981,14:29:37,20
(29)-09-66854,(27)-24-14312,02/17/1981,07:04:43,847
(71)-13-39396,(79)-03-12641,02/17/1981,12:30:30,1632
(37)-27-25291,(51)-14-94775,02/18/1981,15:48:38,59
(28)-16-37460,(78)-09-68712,02/18/1981,22:22:23,201
(36)-21-06340,(64)-18-26991,02/19/1981,08:51:12,264
(66)-17-85225,(79)-06-62881,02/19/1981,09:51:09,135
(51)-03-25722,(51)-13-01650,02/19/1981,14:28:17,63
(57)-02-98984,(26)-08-51522,02/20/1981,01:31:04,129
(72)-00-25518,(72)-13-65000,02/20/1981,04:00:10,92
(64)-11-42459,(48)-10-64727,02/22/1981,06:27:41,869
(56)-20-77641,(30)-08-59662,02/22/1981,06:50:24,241
(53)-19-44979,(65)-02-11002,02/22/1981,13:27:23,901
(64)-12-70799,(69)-16-52201,02/23/1981,00:23:20,102
(26)-27-84021,(53)-16-91904,02/23/1981,22:10:16,398
(27)-17-19287,(78)-07-15999,02/24/1981,06:08:52,3406
(74)-10-82997,(22)-31-66755,02/24/1981,09:27:52,246
(45)-12-02214,(23)-19-87996,02/25/1981,04:17:00,177
(23)-14-56034,(52)-10-23605,02/25/1981,20:31:04,39
(48)-12-88647,(23)-00-76915,02/25/1981,23:22:29,130
(61)-04-22308,(58)-11-31247,02/26/1981,10:41:02,2933
(73)-14-91449,(73)-11-32533,02/26/1981,12:36:41,166
(58)-18-40332,(38)-06-47083,02/26/1981,23:39:34,476
(22)-31-33191,(32)-02-65221,02/27/1981,07:13:26,29
(25)-01-79506,(78)-00-07974,02/27/1981,08:49:35,336
(37)-26-62062,(27)-03-07861,02/27/1981,11:26:23,73
(35)-23-12948,(25)-06-02532,02/27/1981,15:42:33,2759
(54)-02-12255,(73)-13-08325,03/01/1981,17:49:53,115
(38)-01-72051,(70)-07-97877,03/01/1981,18:30:34,113
(70)-14-85367,(49)-12-93869,03/01/1981,18:34:15,276
(59)-16-79863,(59)-07-89908,03/01/1981,19:37:47,1265
(65)-04-72288,(20)-14-01773,03/02/1981,13:32:52,201
(26)-01-26777,(24)-08-12424,03/02/1981,15:24:54,564
(32)-27-19276,(58)-13-76187,03/02/1981,19:19:26,417
(41)-14-12716,(25)-29-40278,03/02/1981,20:42:39,2423
(47)-16-61379,(52)-18-01673,03/03/1981,22:13:17,363
(35)-06-52740,(36)-10-00329,03/04/1981,12:40:43,92
(52)-01-35521,(59)-04-81768,03/04/1981,22:49:59,3536
(55)-00-03746,(58)-13-72860,03/05/1981,01:42:19,683
(25)-10-29549,(34)-17-30469,03/06/1981,01:10:25,729
(21)-30-26334,(66)-05-69326,03/06/1981,04:04:09,75
(20)-09-43776,(28)-01-40882,03/06/1981,19:57:08,436
(27)-02-85731,(77)-06-62194,03/07/1981,03:56:28,221
(76)-04-16508,(70)-15-30632,03/07/1981,04:54:32,2459
(65)-08-07703,(24)-29-42612,03/07/1981,09:15:57,178
(37)-09-04683,(25)-15-84196,03/07/1981,22:36:42,12
(66)-05-95910,(67)-03-03458,03/08/1981,06:30:08,6384
(59)-02-66795,(56)-02-79635,03/08/1981,11:54:20,275
(79)-01-73107,(50)-14-81081,03/08/1981,15:31:35,238
(46)-20-18080,(57)-19-74416,03/08/1981,18:01:18,106
(68)-13-36597,(55)-08-20001,03/09/1981,05:20:16,199
(25)-08-56392,(51)-03-32743,03/10/1981,01:36:15,129
(60)-15-45334,(20)-08-16567,03/10/1981,14:00:18,218
(23)-08-47457,(75)-09-30885,03/12/1981,01:16:10,1184
(28)-01-87344,(42)-09-05069,03/13/1981,07:54:16,628
(48)-00-37575,(49)-22-84731,03/14/1981,12:37:05,3520
(53)-06-36938,(20)-12-72325,03/15/1981,01:38:55,581
(70)-00-63785,(35)-25-49798,03/16/1981,14:38:46,673
(25)-08-18996,(21)-18-22347,03/17/1981,21:31:49,187
(65)-17-25679,(30)-05-38747,03/18/1981,01:25:45,528
(42)-08-13623,(55)-09-11552,03/19/1981,21:14:59,705
(68)-05-01007,(25)-19-57431,03/20/1981,01:44:40,176
(74)-05-93473,(57)-00-07654,03/20/1981,23:17:53,800
(40)-20-48419,(53)-05-83663,03/22/1981,11:39:54,195
(57)-12-76409,(24)-18-50215,03/22/1981,14:59:27,142
(55)-18-83825,(27)-12-73161,03/22/1981,21:25:42,103
(52)-21-24547,(51)-19-91480,03/23/1981,03:28:36,306
(51)-10-22925,(52)-00-85092,03/23/1981,22:03:38,142
(44)-14-40488,(47)-19-29587,03/24/1981,23:47:55,775
(22)-13-18448,(54)-04-07825,03/25/1981,04:20:44,150
(50)-01-49712,(75)-07-28714,03/25/1981,05:46:44,211
(37)-21-45149,(61)-10-49351,03/25/1981,10:09:16,2206
(71)-01-60541,(74)-09-41097,03/25/1981,18:55:04,261
(70)-01-68868,(77)-05-38991,03/26/1981,19:47:43,273
(33)-17-57140,(38)-11-45008,03/27/1981,06:19:08,194
(34)-21-98900,(43)-21-20132,03/27/1981,16:18:06,627
(58)-08-42647,(60)-05-54918,03/29/1981,07:33:27,356
(72)-07-21032,(58)-13-81574,03/29/1981,16:37:31,11
(50)-03-26336,(36)-23-81137,03/29/1981,23:09:47,676
(64)-11-66770,(28)-00-43496,03/30/1981,11:03:28,85
(69)-11-29190,(54)-02-26360,03/31/1981,07:41:12,406
(63)-04-88676,(58)-00-93915,04/01/1981,16:16:23,45
(46)-04-01729,(32)-25-76091,04/03/1981,05:40:19,110
(62)-04-82132,(59)-01-55502,04/04/1981,16:08:45,819
(63)-04-33531,(40)-04-34094,04/05/1981,05:20:32,197
(63)-16-05472,(55)-10-71221,04/06/1981,02:23:36,3455
(24)-12-87016,(47)-10-13556,04/06/1981,10:11:53,181
(27)-25-97013,(34)-21-74934,04/06/1981,14:24:09,14
(79)-10-35183,(38)-05-27439,04/06/1981,23:52:01,142
(49)-05-26246,(67)-08-97031,04/07/1981,13:55:53,68
(30)-06-12966,(71)-12-04216,04/08/1981,09:09:11,596
(35)-00-96675,(21)-03-79793,04/09/1981,15:24:10,1048
(34)-04-83093,(27)-11-73326,04/10/1981,10:47:58,3175
(40)-14-53726,(58)-11-13226,04/10/1981,12:41:23,873
(60)-16-87599,(71)-04-11778,04/12/1981,11:59:26,207
(66)-05-07765,(41)-19-98651,04/12/1981,19:05:22,208
(42)-20-24460,(42)-01-86198,04/13/1981,06:10:36,3190
(59)-16-51919,(70)-14-46429,04/13/1981,17:07:02,510
(68)-08-28931,(30)-25-67788,04/13/1981,21:58:37,755
(77)-10-85221,(56)-20-32168,04/15/1981,06:27:52,94
(75)-02-79632,(25)-07-61492,04/15/1981,16:12:48,225
(20)-27-68911,(28)-26-55775,04/17/1981,10:46:30,328
(78)-13-11170,(62)-00-51542,04/18/1981,18:40:18,387
(29)-15-07014,(21)-15-12090,04/19/1981,12:20:19,2926
(29)-01-72151,(28)-01-46433,04/19/1981,20:49:10,213
(35)-25-43056,(27)-15-34254,04/22/1981,06:28:59,772
(72)-05-25924,(65)-05-47941,04/23/1981,03:23:04,393
(32)-05-97371,(37)-27-47624,04/23/1981,18:54:57,543
(63)-01-99552,(58)-14-20009,04/24/1981,11:02:45,625
(73)-15-44453,(59)-17-44589,04/25/1981,11:40:13,784
(67)-10-83089,(43)-24-83844,04/27/1981,10:02:43,585
(23)-20-32308,(28)-07-97638,04/27/1981,18:41:48,517
(56)-18-50877,(28)-16-74034,04/27/1981,22:56:11,737
(54)-00-51362,(26)-15-29927,04/28/1981,04:30:28,98
(35)-23-28754,(38)-18-75759,04/28/1981,14:57:34,755
(26)-10-09088,(27)-23-89428,04/28/1981,15:06:23,833
(66)-01-80643,(22)-14-26781,04/29/1981,06:31:08,120
(51)-18-13506,(63)-05-83219,04/29/1981,23:07:55,263
(57)-05-60310,(53)-22-26484,04/30/1981,14:30:16,220
(74)-01-70749,(45)-10-38097,05/02/1981,17:50:03,630
(77)-11-10514,(30)-09-86712,05/03/1981,09:03:35,290
(21)-32-63631,(53)-17-24752,05/04/1981,21:57:54,457
(44)-21-84901,(22)-02-04815,05/05/1981,15:51:21,172
(36)-17-00017,(46)-15-87026,05/08/1981,10:14:23,280
(68)-12-32560,(58)-03-59776,05/09/1981,04:02:42,529
(35)-19-20265,(38)-04-91627,05/09/1981,13:21:13,2527
(23)-30-48281,(43)-18-63040,05/10/1981,13:43:22,633
(70)-05-88525,(50)-12-27598,05/11/1981,08:44:09,124
(39)-20-92533,(63)-17-23710,05/11/1981,11:38:47,411
(77)-03-18872,(43)-15-48344,05/12/1981,21:02:44,229
(42)-21-37634,(34)-18-50752,05/13/1981,09:42:42,3761
(32)-19-31668,(59)-16-53392,05/15/1981,00:04:56,1071
(75)-01-33220,(45)-11-74144,05/15/1981,13:19:19,563
(50)-11-00324,(28)-18-63943,05/15/1981,19:27:54,748
(59)-12-10204,(20)-29-57866,05/17/1981,07:10:43,478
(74)-03-59224,(62)-11-10523,05/17/1981,16:20:01,52
(46)-17-55516,(62)-16-19869,05/18/1981,20:56:35,476
(20)-11-74331,(47)-19-48699,05/19/1981,19:29:17,746
(62)-00-64177,(35)-13-53327,05/19/1981,22:05:06,256
(44)-24-17226,(21)-02-06023,05/20/1981,00:51:04,46
(56)-09-27376,(36)-14-94264,05/20/1981,07:35:12,84
(76)-12-55203,(34)-14-07173,05/20/1981,19:42:00,3082
(27)-30-58598,(23)-24-15004,05/21/1981,22:34:32,849
(28)-23-74523,(45)-11-54860,05/23/1981,00:05:40,597
(61)-05-58615,(43)-21-55921,05/23/1981,06:57:28,161
(43)-24-60659,(76)-13-67368,05/23/1981,18:24:12,132
(40)-16-92320,(43)-17-09278,05/24/1981,10:37:27,208
(25)-02-12385,(70)-01-89371,05/24/1981,15:00:03,1251
(47)-01-50879,(68)-06-75181,05/24/1981,22:04:36,349
(58)-14-09944,(53)-05-81480,05/26/1981,16:34:23,845
(28)-13-13549,(59)-19-27553,05/27/1981,01:10:00,106
(71)-00-95427,(73)-02-42035,05/27/1981,19:24:24,2554
(29)-14-68541,(67)-00-40521,05/28/1981,01:30:36,3034
(36)-11-83835,(70)-13-08331,05/28/1981,04:18:23,2634
(29)-26-44823,(59)-12-44425,05/28/1981,14:08:28,60
(56)-15-74174,(56)-01-49821,05/28/1981,20:21:34,3431
(35)-08-92756,(38)-00-62764,05/29/1981,11:21:26,731
(29)-08-68654,(50)-06-99097,05/29/1981,20:44:46,161
(32)-08-55492,(23)-05-19425,05/30/1981,16:50:46,3597
(46)-23-36820,(68)-06-17731,05/31/1981,14:47:21,8
(20)-17-17070,(31)-23-61279,06/01/1981,21:03:01,602
(76)-04-07116,(29)-27-94698,06/03/1981,20:42:04,53
(29)-02-43717,(33)-16-70835,06/03/1981,22:03:51,1473
(43)-10-94028,(42)-20-09759,06/05/1981,16:33:49,325
(47)-03-68675,(78)-13-13890,06/05/1981,23:45:45,300
(67)-02-45817,(50)-16-63041,06/07/1981,08:34:35,237
(57)-02-62033,(56)-11-80503,06/07/1981,21:44:31,534
(35)-05-24759,(53)-19-63160,06/08/1981,19:51:31,2115
(79)-09-12984,(53)-18-10171,06/08/1981,22:53:00,587
(67)-06-09292,(54)-10-33109,06/09/1981,18:58:45,222
(29)-07-08075,(75)-11-49763,06/10/1981,01:21:35,1673
(41)-24-97762,(76)-14-95118,06/10/1981,09:57:10,634
(42)-03-08068,(22)-26-93906,06/11/1981,00:25:55,61
(41)-04-89076,(70)-01-25737,06/13/1981,03:35:23,83
(22)-29-47954,(72)-15-33325,06/14/1981,20:46:52,598
(64)-02-19527,(64)-15-41765,06/15/1981,01:24:18,173
(67)-02-03000,(53)-05-66192,06/15/1981,12:20:50,108
(28)-21-49844,(77)-01-94849,06/15/1981,19:59:34,27
(41)-08-47812,(29)-23-06531,06/16/1981,01:16:54,86
(43)-10-89928,(53)-07-77035,06/16/1981,03:54:55,103
(50)-06-86280,(51)-12-06348,06/16/1981,10:42:51,291
(46)-15-59733,(70)-04-58873,06/16/1981,22:50:41,184
(38)-07-10394,(39)-23-89087,06/18/1981,20:11:37,191
(67)-15-11310,(42)-13-25680,06/18/1981,22:34:43,51
(27)-19-39347,(79)-02-00490,06/19/1981,05:47:57,240
(75)-11-70154,(50)-07-56155,06/19/1981,06:06:47,1332
(79)-10-13398,(49)-14-67376,06/21/1981,08:02:51,295
(28)-03-99218,(24)-18-20066,06/21/1981,11:10:50,603
(50)-01-82613,(50)-11-58276,06/21/1981,19:15:31,179
(28)-08-05990,(47)-02-10193,06/22/1981,15:43:40,807
(34)-07-87759,(53)-22-61169,06/23/1981,05:53:10,739
(77)-07-19176,(67)-03-60975,06/23/1981,16:31:06,690
(54)-13-25324,(74)-14-07943,06/25/1981,06:36:10,3491
(32)-18-96107,(72)-15-34863,06/25/1981,12:14:24,86
(39)-21-33587,(25)-04-16342,06/27/1981,09:07:52,5828
(51)-12-93419,(28)-14-05683,06/27/1981,18:54:55,12
(55)-21-14692,(49)-06-11374,06/29/1981,17:59:27,259
(74)-14-33627,(44)-03-40417,06/29/1981,23:22:41,689
(48)-02-11884,(49)-13-48239,06/30/1981,01:45:15,2736
(25)-26-75534,(55)-15-56991,06/30/1981,05:40:01,43
(63)-02-90226,(44)-13-21706,07/01/1981,10:00:21,442
(74)-02-86595,(26)-22-22336,07/03/1981,08:11:24,232
(40)-00-78575,(21)-00-65029,07/03/1981,11:00:51,228
(50)-12-03387,(58)-17-64083,07/04/1981,00:07:59,53
(58)-15-26468,(68)-15-12035,07/05/1981,20:42:10,235
(59)-19-94525,(36)-16-68500,07/06/1981,19:28:00,246
(53)-07-54299,(71)-15-41151,07/07/1981,13:31:35,390
(32)-21-87300,(31)-04-54028,07/09/1981,00:57:54,223
(42)-09-30061,(61)-17-82527,07/10/1981,05:34:36,141
(49)-18-98513,(49)-09-92112,07/10/1981,15:00:53,227
(42)-11-24871,(28)-27-67553,07/11/1981,03:38:18,512
(76)-12-81142,(41)-11-19191,07/11/1981,16:01:37,395
(31)-23-46190,(72)-02-61485,07/11/1981,23:48:48,1931
(60)-16-33074,(60)-10-79691,07/12/1981,16:54:12,1788
(50)-00-08749,(65)-13-77566,07/13/1981,10:16:04,536
(69)-07-37105,(37)-21-09991,07/15/1981,12:02:23,722
(25)-30-73814,(55)-15-93422,07/15/1981,22:02:42,262
(62)-15-41761,(22)-24-36066,07/15/1981,23:46:28,179
(56)-11-36299,(25)-18-02120,07/17/1981,00:23:54,475
(23)-30-85185,(31)-24-04526,07/17/1981,06:25:08,187
(47)-16-99793,(64)-13-49310,07/17/1981,11:06:56,2225
(65)-02-15190,(33)-27-76679,07/18/1981,20:38:36,159
(78)-09-15445,(69)-10-77342,07/19/1981,00:31:33,74
(73)-04-44664,(68)-15-35016,07/19/1981,02:57:40,2023
(77)-00-25031,(21)-06-35875,07/20/1981,12:40:30,60
(76)-01-76060,(40)-10-86896,07/20/1981,21:16:15,857
(21)-02-06023,(54)-14-13526,07/21/1981,13:40:30,852
(34)-24-21110,(28)-00-34396,07/22/1981,02:50:54,43
(41)-14-33361,(78)-07-50843,07/22/1981,03:52:53,6782
(33)-25-27363,(69)-12-81018,07/22/1981,06:00:48,728
(52)-05-50815,(70)-09-61559,07/22/1981,12:50:29,131
(75)-14-37968,(22)-02-60430,07/22/1981,17:12:43,1926
(21)-27-12699,(61)-15-75754,07/23/1981,00:36:36,298
(51)-07-18732,(30)-29-94975,07/24/1981,01:39:18,1819
(76)-06-23070,(67)-09-31983,07/24/1981,10:28:16,553
(31)-03-49093,(23)-30-62041,07/25/1981,00:31:12,195
(73)-11-49252,(46)-23-03120,07/26/1981,14:08:35,610
(70)-05-76111,(44)-13-56840,07/26/1981,22:00:26,1302
(32)-24-04565,(51)-22-49198,07/28/1981,00:00:00,134
(31)-06-46750,(30)-08-74744,07/28/1981,07:18:22,242
(28)-20-60495,(59)-00-20218,07/28/1981,11:09:17,95
(73)-05-36102,(50)-10-16646,07/29/1981,01:14:35,882
(70)-01-43826,(72)-15-36551,07/30/1981,00:08:25,2252
(61)-19-18417,(36)-25-71195,07/30/1981,04:19:45,199
(53)-06-32186,(45)-14-99869,07/30/1981,12:47:09,2828
(58)-04-88407,(66)-01-00762,07/30/1981,14:47:53,749
(79)-06-72500,(77)-02-37686,07/31/1981,07:58:37,1534
(79)-08-21617,(79)-08-17479,07/31/1981,12:18:46,137
(29)-03-34394,(62)-00-37783,08/01/1981,19:57:02,2960
(52)-08-21240,(70)-07-79524,08/02/1981,22:43:18,696
(45)-23-33478,(56)-21-23698,08/03/1981,22:06:50,185
(46)-14-99584,(40)-03-38468,08/05/1981,06:14:39,201
(44)-10-87620,(21)-32-79758,08/06/1981,01:49:00,883
(56)-15-98645,(68)-15-74176,08/06/1981,09:21:39,2270
(32)-24-91159,(58)-13-93815,08/09/1981,05:27:15,223
(78)-05-04939,(48)-03-34768,08/11/1981,12:49:49,2480
(54)-10-36428,(40)-22-92314,08/12/1981,15:44:01,84
(62)-16-43274,(68)-08-82350,08/12/1981,20:47:37,188
(41)-12-55938,(62)-02-41739,08/14/1981,06:27:56,261
(20)-30-44866,(57)-02-55317,08/16/1981,01:05:20,389
(34)-28-44848,(74)-11-48771,08/17/1981,00:02:55,286
(41)-05-94059,(72)-03-12973,08/18/1981,00:55:09,286
(36)-02-37460,(47)-06-76519,08/18/1981,09:21:00,213
(54)-09-62085,(37)-23-79218,08/18/1981,20:34:27,134
(42)-18-03449,(37)-15-24938,08/19/1981,18:53:37,292
(20)-08-40681,(26)-20-01025,08/21/1981,13:50:18,6622
(60)-19-30212,(73)-01-13678,08/21/1981,19:33:44,421
(78)-06-97174,(77)-05-23989,08/22/1981,14:37:10,96
(50)-10-44177,(39)-08-40462,08/23/1981,12:48:12,36
(31)-14-44798,(42)-02-06833,08/23/1981,15:57:30,462
(24)-07-98340,(44)-08-42398,08/24/1981,10:25:13,179
(30)-06-32078,(39)-15-01168,08/24/1981,11:49:52,193
(31)-10-28641,(68)-00-18228,08/26/1981,09:20:12,97
(71)-00-43021,(26)-00-13927,08/28/1981,15:33:46,294
(67)-11-01562,(21)-00-21353,08/28/1981,18:41:27,33
(26)-28-92873,(79)-12-40834,08/30/1981,23:32:06,161
(68)-02-23063,(41)-16-55653,09/01/1981,17:20:57,235
(64)-14-47894,(21)-10-88360,09/01/1981,22:51:09,515
(25)-19-06936,(29)-02-32183,09/02/1981,20:13:47,340
(75)-07-37322,(52)-17-97748,09/03/1981,05:10:22,116
(56)-15-44731,(62)-05-50229,09/05/1981,06:58:20,38
(42)-13-90072,(37)-22-71516,09/05/1981,07:58:05,241
(22)-20-99879,(66)-14-22812,09/05/1981,17:33:44,670
(26)-18-79401,(25)-06-53182,09/06/1981,13:10:40,137
(79)-13-51617,(65)-18-73868,09/07/1981,06:17:15,178
(63)-03-20396,(27)-18-72750,09/07/1981,10:46:41,87
(42)-22-12713,(49)-21-79810,09/08/1981,12:52:42,1184
(41)-15-45463,(50)-06-89432,09/09/1981,04:16:30,489
(49)-15-76671,(54)-06-59519,09/09/1981,18:44:31,897
(70)-11-54126,(29)-24-98862,09/11/1981,09:34:24,1272
(61)-09-87487,(50)-14-35795,09/11/1981,16:46:29,318
(38)-10-18736,(31)-12-40611,09/13/1981,14:08:14,165
(68)-03-73630,(48)-03-25961,09/14/1981,01:50:48,161
(65)-10-18530,(20)-22-87520,09/14/1981,10:05:02,932
(30)-02-15218,(48)-09-74472,09/14/1981,14:31:02,111
(72)-09-38425,(36)-15-16801,09/15/1981,14:41:01,147
(29)-04-34473,(24)-20-76512,09/16/1981,01:26:12,725
(30)-07-32480,(73)-12-17618,09/17/1981,03:55:27,3409
(24)-10-66716,(22)-18-97620,09/18/1981,04:32:44,76
(68)-17-02913,(76)-02-69242,09/19/1981,11:37:25,1983
(35)-07-78499,(53)-17-16259,09/19/1981,13:41:45,626
(73)-09-81324,(45)-07-55191,09/19/1981,15:00:56,224
(51)-15-42941,(26)-12-82175,09/19/1981,19:01:50,556
(64)-10-12764,(30)-14-20882,09/19/1981,19:48:04,84
(30)-13-54924,(60)-08-45770,09/20/1981,10:12:04,190
(68)-07-81462,(34)-06-82775,09/21/1981,05:39:26,253
(67)-05-95914,(66)-16-29037,09/21/1981,17:34:01,80
(64)-06-97919,(35)-17-58277,09/22/1981,15:02:33,41
(34)-25-74497,(73)-00-98719,09/23/1981,04:33:32,160
(54)-05-01369,(55)-10-29269,09/23/1981,05:48:39,2102
(30)-23-71484,(44)-10-57297,09/24/1981,09:13:57,1407
(34)-05-01833,(59)-20-36739,09/26/1981,02:19:30,212
(40)-13-65122,(73)-02-97527,09/26/1981,03:58:22,211
(49)-05-87047,(55)-09-96373,09/26/1981,04:30:23,88
(20)-08-54266,(67)-16-07155,09/26/1981,14:45:12,884
(68)-08-51406,(41)-11-41311,09/26/1981,19:53:54,357
(51)-16-52560,(48)-15-05616,09/27/1981,08:38:55,93
(22)-00-12507,(63)-08-24950,09/27/1981,19:29:08,152
(63)-03-81317,(63)-01-94668,09/28/1981,03:57:01,1673
(52)-16-99004,(45)-03-22092,09/28/1981,06:10:57,58
(78)-07-15999,(58)-06-08370,09/28/1981,08:15:54,65
(26)-14-37086,(28)-12-73719,09/28/1981,08:30:23,710
(60)-15-99496,(72)-00-31803,09/29/1981,08:18:55,206
(50)-15-25619,(36)-04-68476,09/30/1981,07:13:27,509
(57)-15-22529,(76)-14-52096,10/02/1981,00:15:06,2434
(34)-01-39932,(69)-12-01195,10/02/1981,01:07:15,274
(42)-06-62870,(44)-17-66715,10/02/1981,03:44:39,291
(62)-06-10528,(64)-18-81616,10/02/1981,09:15:34,2689
(21)-01-44760,(58)-07-27053,10/02/1981,18:02:59,426
(61)-16-80322,(25)-00-75403,10/03/1981,23:33:00,817
(57)-16-85152,(75)-06-93264,10/04/1981,00:03:25,339
(79)-09-73695,(58)-08-56545,10/04/1981,23:58:13,467
(71)-05-62436,(65)-04-07982,10/05/1981,00:07:26,34
(39)-12-95916,(36)-16-88765,10/05/1981,08:57:05,69
(40)-08-36523,(33)-04-71095,10/06/1981,00:08:59,501
(51)-18-39205,(38)-05-27439,10/06/1981,02:00:12,573
(45)-19-53981,(39)-05-21983,10/06/1981,07:26:50,3135
(69)-03-25464,(44)-23-32779,10/08/1981,00:24:26,2751
(52)-14-16474,(64)-09-07264,10/08/1981,03:06:17,891
(32)-06-79964,(73)-06-46583,10/09/1981,11:20:13,171
(57)-12-76409,(64)-04-49652,10/10/1981,14:36:12,1466
(66)-17-25931,(56)-13-13224,10/10/1981,18:39:51,155
(68)-03-98882,(47)-19-12192,10/12/1981,02:12:24,198
(38)-09-56437,(40)-17-87021,10/12/1981,03:05:02,3415
(50)-15-70489,(26)-25-12802,10/12/1981,10:11:59,355
(25)-28-93991,(50)-16-06446,10/12/1981,15:03:49,28
(32)-29-25630,(29)-02-21273,10/12/1981,18:37:23,5
(42)-22-63104,(31)-10-16307,10/12/1981,19:42:06,75
(49)-06-78839,(49)-09-61134,10/14/1981,12:24:41,20
(49)-22-87759,(70)-02-49589,10/14/1981,15:44:05,681
(57)-15-86732,(24)-12-83701,10/14/1981,20:40:10,276
(34)-27-71272,(51)-10-26187,10/16/1981,03:35:49,232
(75)-10-27511,(33)-03-89092,10/17/1981,08:42:57,250
(32)-20-66401,(77)-08-79966,10/18/1981,21:54:11,259
(27)-23-47705,(52)-16-97823,10/19/1981,02:52:42,46
(21)-02-66740,(66)-12-57576,10/19/1981,05:29:28,109
(26)-13-60397,(79)-01-96908,10/19/1981,08:46:02,133
(66)-17-22945,(72)-08-02173,10/19/1981,08:46:32,273
(21)-30-44526,(78)-11-58859,10/20/1981,07:41:23,2577
(75)-12-74970,(78)-01-73231,10/21/1981,01:09:00,1325
(46)-21-64923,(33)-28-78969,10/21/1981,03:10:18,238
(42)-12-71090,(22)-01-69786,10/21/1981,11:04:57,1439
(23)-26-37964,(72)-11-81912,10/22/1981,20:00:21,257
(38)-25-92205,(55)-12-26726,10/23/1981,10:14:05,59
(48)-21-41790,(67)-12-57088,10/23/1981,12:01:41,2586
(42)-07-46262,(58)-16-42719,10/23/1981,15:56:45,508
(39)-07-64093,(63)-16-01888,10/24/1981,15:06:56,86
(62)-06-10435,(36)-18-00653,10/24/1981,19:58:23,280
(43)-03-97987,(29)-01-27933,10/25/1981,02:56:25,12
(35)-00-19999,(59)-03-13339,10/26/1981,01:48:28,23
(69)-14-03788,(72)-00-60313,10/26/1981,04:37:34,833
(36)-08-48273,(46)-24-72116,10/26/1981,08:15:44,2436
(28)-03-23648,(70)-00-51391,10/27/1981,08:48:42,220
(66)-04-53830,(42)-11-36938,10/27/1981,15:14:43,698
(25)-20-34720,(35)-01-28545,10/28/1981,10:12:17,2819
(66)-06-03974,(39)-01-79404,10/28/1981,12:34:36,164
(76)-08-14188,(74)-03-40639,10/30/1981,04:16:08,289
(79)-13-05013,(77)-00-28952,11/02/1981,06:03:37,413
(49)-16-50466,(74)-02-48336,11/02/1981,09:38:02,23
(64)-08-66317,(23)-13-59276,11/05/1981,14:17:40,154
(28)-25-19899,(25)-30-24879,11/08/1981,02:55:06,1843
(31)-09-07373,(60)-02-61893,11/08/1981,02:59:45,254
(35)-10-60328,(64)-12-23990,11/08/1981,19:52:16,266
(56)-02-57565,(61)-15-72440,11/08/1981,23:03:40,5
(21)-28-07409,(70)-07-15475,11/09/1981,07:04:10,162
(37)-18-94590,(65)-13-29065,11/09/1981,20:48:14,767
(23)-07-36499,(75)-14-62515,11/10/1981,09:04:01,19
(57)-10-55981,(73)-02-39992,11/11/1981,08:39:07,2887
(60)-17-75228,(42)-06-26187,11/12/1981,15:01:05,339
(33)-09-91716,(33)-25-99535,11/12/1981,15:13:41,264
(69)-07-07912,(58)-01-17848,11/12/1981,21:01:08,77
(56)-16-23352,(48)-20-39606,11/13/1981,00:10:30,52
(78)-07-98233,(65)-10-01512,11/14/1981,10:31:54,156
(36)-01-59672,(69)-14-93215,11/15/1981,15:04:14,798
(66)-12-58416,(66)-17-10047,11/17/1981,13:54:58,505
(43)-25-14172,(69)-09-25241,11/17/1981,14:33:27,2838
(68)-05-64215,(32)-13-87186,11/18/1981,06:13:48,2005
(47)-23-95338,(78)-02-25303,11/18/1981,23:30:33,234
(48)-13-17355,(73)-13-26651,11/19/1981,04:28:15,268
(75)-09-15620,(65)-11-09137,11/20/1981,07:23:04,5405
(24)-17-98735,(56)-11-23601,11/20/1981,13:09:38,2512
(32)-17-03239,(24)-24-62129,11/23/1981,09:03:26,41
(35)-25-52395,(72)-13-75634,11/25/1981,20:55:21,216
(68)-07-76602,(21)-24-51917,11/26/1981,06:42:28,198
(67)-11-02855,(43)-25-21769,11/27/1981,20:01:42,571
(46)-10-61615,(74)-11-31692,11/28/1981,02:01:49,281
(42)-05-73555,(66)-02-22302,11/28/1981,05:20:15,357
(49)-05-22779,(28)-29-32818,11/28/1981,16:28:21,766
(45)-18-56336,(28)-16-07126,11/28/1981,17:22:10,7014
(50)-20-84186,(41)-21-76107,11/28/1981,21:06:50,92
(34)-19-23084,(74)-02-27876,11/29/1981,09:26:04,296
(71)-00-30178,(26)-20-89049,11/29/1981,13:37:08,121
(74)-09-93019,(76)-01-46088,11/30/1981,20:16:25,240
(25)-07-80789,(28)-06-78261,12/03/1981,03:32:38,102
(21)-05-73460,(20)-01-67102,12/03/1981,13:11:01,2516
(24)-16-00799,(61)-14-89868,12/05/1981,02:39:51,223
(35)-14-04687,(29)-00-41983,12/05/1981,20:38:33,249
(20)-27-68414,(60)-05-28292,12/06/1981,08:41:48,438
(50)-13-03369,(58)-17-10062,12/06/1981,23:10:30,286
(73)-12-58402,(77)-11-34848,12/07/1981,03:31:47,223
(65)-00-21149,(69)-13-92393,12/07/1981,19:43:17,194
(56)-13-75878,(27)-20-43604,12/08/1981,09:39:33,711
(33)-14-13218,(76)-04-33089,12/09/1981,02:33:03,1568
(67)-13-57968,(68)-13-33468,12/09/1981,12:31:41,167
(32)-24-35172,(31)-10-35365,12/10/1981,08:12:42,186
(34)-17-73384,(24)-23-00052,12/10/1981,19:54:45,192
(33)-09-56470,(49)-12-03793,12/11/1981,14:44:27,100
(72)-10-47136,(20)-17-98956,12/13/1981,23:40:33,711
(69)-13-63825,(55)-21-28543,12/14/1981,06:45:00,700
(71)-09-89899,(72)-12-70901,12/14/1981,18:21:31,816
(47)-05-05174,(60)-03-68391,12/15/1981,02:00:54,710
(59)-03-39335,(26)-29-26894,12/16/1981,20:22:58,336
(38)-09-85776,(78)-09-79201,12/17/1981,21:01:27,267
(63)-02-71130,(73)-12-82054,12/18/1981,02:32:46,515
(76)-03-81203,(66)-04-19313,12/18/1981,16:01:41,2014
(39)-16-77480,(59)-13-33742,12/18/1981,16:33:05,55
(34)-12-99935,(62)-15-86756,12/18/1981,18:32:38,52
(49)-13-68910,(47)-16-78509,12/19/1981,10:43:57,189
(32)-16-07451,(26)-17-51905,12/20/1981,07:08:32,234
(25)-03-82771,(62)-06-60488,12/20/1981,18:36:06,587
(63)-12-38262,(37)-03-92130,12/21/1981,02:36:39,217
(64)-18-51218,(24)-27-17781,12/22/1981,00:31:03,141
(53)-02-94883,(51)-02-95024,12/23/1981,13:08:50,599
(78)-10-14200,(46)-20-62781,12/24/1981,07:41:24,1102
(24)-15-26356,(57)-17-23260,12/27/1981,02:57:38,2174
(57)-09-21495,(76)-05-69430,12/27/1981,11:07:45,294
(47)-10-65126,(26)-21-60640,12/27/1981,12:01:42,224
(73)-07-62943,(49)-13-35952,12/29/1981,01:10:18,206
(43)-01-89856,(75)-09-27590,12/29/1981,15:22:36,430
(48)-05-27235,(66)-04-77117,12/31/1981,16:32:35,278
(65)-02-13579,(34)-16-95054,12/31/1981,20:19:07,3180
(33)-05-67060,(50)-05-86503,01/01/1982,00:31:20,111
(63)-07-36508,(48)-21-03960,01/02/1982,20:53:21,576
(36)-24-41622,(29)-15-57082,01/05/1982,02:05:40,148
(41)-00-05045,(41)-25-92506,01/06/1982,01:49:32,844
(49)-12-57998,(68)-10-27830,01/06/1982,20:39:40,765
(69)-01-94884,(40)-20-75243,01/07/1982,02:01:04,308
(65)-11-73963,(49)-08-82804,01/08/1982,06:40:05,104
(67)-03-05333,(37)-25-53640,01/10/1982,11:32:31,433
(41)-24-76185,(77)-06-58012,01/11/1982,15:19:04,564
(21)-04-67204,(37)-18-31933,01/12/1982,11:59:50,769
(22)-08-19855,(70)-10-48449,01/12/1982,19:50:35,226
(66)-02-67325,(64)-09-92346,01/12/1982,21:22:02,234
(68)-07-29192,(26)-27-26458,01/12/1982,23:20:07,426
(65)-16-74850,(25)-11-87897,01/13/1982,10:31:41,1785
(64)-13-21661,(35)-03-11144,01/14/1982,07:27:50,144
(24)-12-65779,(34)-05-24264,01/14/1982,23:27:30,188
(75)-08-65748,(50)-21-30984,01/15/1982,04:38:00,527
(59)-02-43183,(78)-08-39349,01/15/1982,18:18:54,329
(37)-19-48755,(61)-19-12136,01/16/1982,08:07:09,602
(51)-00-01265,(42)-20-17044,01/16/1982,09:42:37,350
(67)-12-88903,(65)-09-24192,01/16/1982,22:45:45,654
(74)-12-50371,(56)-08-32620,01/17/1982,17:38:19,317
(27)-23-81425,(26)-10-30904,01/18/1982,00:33:04,786
(79)-12-67600,(42)-08-40197,01/18/1982,08:20:58,265
(76)-12-05137,(75)-14-33387,01/18/1982,22:03:44,5811
(68)-03-51571,(73)-14-22992,01/19/1982,10:07:50,18
(23)-16-38189,(58)-15-07861,01/19/1982,21:47:44,893
(40)-18-43335,(52)-12-32648,01/21/1982,04:55:27,65
(46)-15-67117,(58)-06-67762,01/23/1982,09:53:32,317
(74)-05-11757,(23)-14-28863,01/23/1982,12:20:11,817
(57)-10-92404,(71)-03-54506,01/24/1982,07:40:19,169
(59)-14-22617,(47)-17-32490,01/25/1982,18:51:55,1922
(39)-25-17328,(70)-16-55165,01/25/1982,20:52:04,147
(30)-12-84752,(70)-15-56654,01/27/1982,16:07:10,529
(26)-17-66465,(37)-03-72001,01/27/1982,20:35:18,788
(46)-01-31610,(31)-28-09510,01/29/1982,04:42:07,66
(27)-06-25190,(67)-16-98245,01/29/1982,06:57:39,149
(66)-09-19778,(59)-00-76252,01/29/1982,16:05:49,2781
(44)-03-27390,(39)-01-61645,01/31/1982,08:23:43,249
(73)-05-12126,(37)-14-17182,02/01/1982,08:14:43,254
(79)-10-86966,(35)-16-35984,02/01/1982,10:09:20,111
(36)-27-59068,(78)-12-96208,02/02/1982,05:16:21,81
(23)-19-04338,(63)-08-51477,02/02/1982,11:18:33,1603
(40)-05-26630,(57)-09-66401,02/02/1982,15:27:15,101
(65)-17-19481,(49)-09-99010,02/04/1982,23:56:22,6146
(52)-10-92763,(79)-11-01007,02/05/1982,22:37:55,719
(20)-18-43659,(75)-14-56699,02/06/1982,01:14:20,163
(35)-25-48265,(37)-19-31648,02/08/1982,09:03:55,1128
(56)-16-40505,(24)-20-57273,02/09/1982,15:37:57,129
(30)-05-92041,(39)-21-44092,02/11/1982,09:59:09,780
(29)-17-66474,(38)-11-34205,02/11/1982,10:19:08,2324
(28)-04-75789,(42)-00-61339,02/11/1982,11:52:02,161
(46)-24-31754,(34)-27-10866,02/11/1982,17:49:02,27
(60)-08-35611,(34)-08-07398,02/12/1982,11:17:49,451
(43)-10-08965,(41)-18-45697,02/14/1982,04:51:54,747
(50)-06-25303,(43)-04-27308,02/14/1982,18:09:59,761
(32)-13-79566,(59)-07-00899,02/14/1982,20:31:29,370
(59)-04-28548,(56)-21-82345,02/15/1982,05:07:20,56
(60)-05-77249,(55)-16-31096,02/16/1982,13:25:56,154
(76)-11-23759,(51)-22-37273,02/17/1982,05:08:04,278
(33)-19-27212,(55)-08-71081,02/17/1982,06:14:09,240
(48)-03-01812,(55)-17-50589,02/17/1982,08:52:03,755
(29)-13-16916,(40)-22-54652,02/17/1982,13:30:45,899
(57)-07-16491,(54)-21-44138,02/18/1982,01:48:15,1118
(27)-18-95108,(21)-12-61026,02/18/1982,23:56:29,62
(38)-05-77378,(29)-30-41349,02/19/1982,07:10:36,242
(53)-10-53236,(56)-19-36823,02/19/1982,08:21:53,744
(54)-15-59940,(48)-14-12197,02/19/1982,15:03:28,1785
(38)-16-07918,(67)-00-17164,02/19/1982,19:14:30,184
(59)-02-40988,(63)-16-34370,02/20/1982,21:43:50,215
(68)-13-14299,(43)-05-30144,02/21/1982,17:06:20,227
(72)-14-34781,(20)-08-40681,02/22/1982,04:19:29,106
(69)-00-73449,(73)-12-19616,02/22/1982,06:22:17,220
(40)-23-43503,(34)-19-97490,02/22/1982,09:32:29,160
(62)-09-06122,(46)-17-17847,02/23/1982,05:00:41,145
(60)-13-91606,(53)-15-58084,02/23/1982,12:40:22,150
(76)-01-49294,(43)-22-71330,02/23/1982,12:49:00,815
(73)-00-30945,(53)-18-65880,02/23/1982,17:13:40,199
(49)-10-36269,(60)-14-21798,02/23/1982,20:33:53,615
(65)-18-23825,(46)-11-11364,02/24/1982,06:05:30,745
(77)-14-47514,(72)-05-55243,02/24/1982,21:08:57,636
(66)-01-51839,(57)-08-42926,02/25/1982,22:23:22,103
(78)-06-17355,(36)-19-38812,02/26/1982,06:54:15,100
(35)-12-35403,(79)-05-99968,02/26/1982,14:08:45,686
(36)-10-37235,(33)-27-15394,02/27/1982,05:08:12,3556
(28)-00-17087,(31)-12-97301,02/28/1982,18:50:36,891
(72)-11-77081,(31)-16-85116,02/28/1982,22:48:06,4830
(58)-17-89938,(32)-28-45039,03/01/1982,13:07:09,246
(22)-21-92472,(29)-01-56034,03/01/1982,23:34:10,147
(77)-00-09136,(60)-04-46490,03/02/1982,03:45:31,447
(32)-17-24681,(32)-04-79673,03/02/1982,05:51:02,86
(57)-10-60355,(51)-22-72980,03/03/1982,06:38:00,227
(59)-16-74690,(43)-13-95176,03/04/1982,09:33:10,2239
(23)-09-54082,(52)-04-16515,03/04/1982,18:47:49,621
(26)-03-69577,(50)-05-62422,03/06/1982,10:57:14,158
(53)-04-87011,(29)-05-17455,03/07/1982,10:16:26,396
(20)-07-88480,(52)-21-97993,03/07/1982,20:09:41,189
(54)-02-12917,(75)-04-12111,03/08/1982,01:38:41,188
(61)-16-69344,(33)-08-72776,03/08/1982,02:04:12,3275
(30)-29-18603,(63)-17-35169,03/09/1982,15:27:24,3369
(32)-17-37617,(29)-09-95248,03/10/1982,00:19:02,867
(23)-20-40930,(41)-10-18668,03/10/1982,03:15:42,848
(22)-14-34979,(63)-08-96880,03/10/1982,06:33:01,261
(32)-11-93119,(65)-04-73071,03/11/1982,05:17:15,793
(65)-05-80970,(61)-02-16623,03/11/1982,22:24:50,188
(37)-22-58873,(61)-13-10961,03/12/1982,15:40:30,181
(49)-19-48116,(78)-10-30728,03/12/1982,21:03:56,35
(28)-18-95369,(69)-13-21868,03/17/1982,08:48:24,179
(36)-09-54724,(28)-17-40144,03/17/1982,10:16:20,48
(36)-20-52050,(32)-05-53367,03/17/1982,10:17:39,286
(53)-01-82062,(76)-08-23858,03/17/1982,15:43:06,171
(21)-06-58250,(23)-25-25585,03/20/1982,03:22:03,119
(47)-22-29434,(25)-09-69949,03/20/1982,14:13:39,767
(32)-12-04630,(43)-14-38518,03/21/1982,05:21:45,590
(60)-15-09362,(46)-10-03363,03/21/1982,21:54:13,218
(74)-07-90747,(30)-25-84194,03/22/1982,11:33:25,293
(30)-27-20880,(58)-07-89649,03/22/1982,20:47:45,231
(74)-04-48705,(22)-14-34979,03/23/1982,07:20:57,192
(74)-01-04530,(37)-24-61782,03/24/1982,09:24:33,191
(55)-11-76538,(34)-06-11871,03/24/1982,13:40:24,525
(26)-13-33189,(48)-00-25481,03/26/1982,04:03:27,763
(40)-09-81145,(25)-13-23884,03/26/1982,14:31:17,123
(61)-08-10629,(29)-01-74386,03/26/1982,21:32:49,174
(45)-04-42334,(46)-18-06798,03/27/1982,12:26:55,3408
(40)-24-61343,(29)-00-89247,03/28/1982,03:51:01,146
(71)-15-68211,(45)-08-87873,03/28/1982,08:45:15,175
(44)-12-10915,(47)-24-90942,03/28/1982,13:34:44,96
(78)-02-30582,(74)-05-26138,03/28/1982,18:11:47,34
(52)-13-59003,(61)-14-78870,03/29/1982,16:55:55,531
(25)-10-08112,(50)-23-94586,03/31/1982,00:06:13,747
(26)-31-39203,(35)-00-28595,03/31/1982,15:50:46,149
(41)-03-67395,(32)-09-97672,03/31/1982,23:07:07,235
(25)-16-62542,(43)-23-35799,04/01/1982,15:36:41,181
(73)-13-59293,(23)-08-27243,04/02/1982,07:43:46,3079
(44)-05-99474,(38)-27-27441,04/02/1982,12:24:58,122
(36)-07-70945,(33)-26-12339,04/03/1982,05:22:04,843
(23)-17-42893,(64)-08-91846,04/03/1982,12:40:36,449
(34)-11-91278,(46)-15-85356,04/04/1982,01:07:58,654
(74)-00-66015,(56)-00-85384,04/04/1982,20:00:33,1971
(27)-02-71994,(48)-15-55137,04/05/1982,14:23:01,214
(32)-10-19028,(46)-05-92659,04/07/1982,05:27:15,116
(73)-09-44804,(26)-28-07699,04/08/1982,00:54:39,135
(53)-06-12273,(35)-25-85578,04/08/1982,12:45:25,30
(47)-15-25505,(24)-28-56314,04/08/1982,17:58:29,716
(64)-17-88600,(67)-07-49266,04/09/1982,03:39:23,163
(58)-00-21113,(21)-24-44031,04/09/1982,11:04:38,63
(39)-04-86138,(31)-20-04288,04/10/1982,14:27:45,3442
(62)-06-75040,(42)-03-05772,04/12/1982,14:52:14,697
(66)-14-08997,(48)-06-05384,04/12/1982,22:42:12,570
(57)-07-47171,(75)-02-18686,04/12/1982,23:02:14,639
(26)-00-86405,(67)-17-34233,04/14/1982,05:20:00,286
(25)-20-31585,(49)-01-48236,04/14/1982,11:21:57,388
(36)-01-08020,(65)-10-91516,04/15/1982,11:14:12,143
(63)-16-93291,(69)-06-55934,04/16/1982,18:20:45,1209
(73)-07-57084,(39)-09-42305,04/18/1982,18:30:14,49
(58)-15-90700,(79)-00-19455,04/19/1982,08:33:39,162
(30)-03-08783,(72)-00-80142,04/20/1982,08:20:57,296
(52)-02-69393,(27)-05-25910,04/20/1982,09:11:26,31
(52)-18-25197,(40)-03-84958,04/22/1982,00:34:12,85
(47)-10-09869,(56)-07-28151,04/22/1982,04:32:46,80
(23)-26-45814,(36)-19-03328,04/23/1982,06:14:28,2842
(49)-14-52930,(48)-01-49977,04/23/1982,10:59:34,822
(34)-24-00150,(68)-14-49095,04/23/1982,13:27:15,218
(43)-14-26151,(32)-27-23512,04/24/1982,01:00:24,50
(45)-13-64890,(58)-06-14636,04/24/1982,06:32:47,488
(39)-01-87305,(69)-15-99351,04/24/1982,09:09:01,781
(26)-13-56529,(72)-08-70618,04/24/1982,12:44:57,2519
(30)-07-84896,(53)-00-54350,04/25/1982,10:47:44,1381
(46)-04-75021,(36)-23-84182,04/25/1982,15:56:14,816
(69)-02-43248,(44)-10-17983,04/25/1982,18:18:19,2709
(70)-04-71613,(52)-15-67681,04/26/1982,06:39:22,665
(50)-21-95071,(49)-14-56287,04/27/1982,14:59:07,905
(25)-23-13930,(50)-22-06987,04/28/1982,13:48:20,71
(24)-30-35156,(78)-02-26272,04/28/1982,15:34:05,69
(57)-00-98123,(63)-04-13522,04/29/1982,06:51:32,84
(37)-27-01450,(55)-07-02069,04/29/1982,14:33:47,521
(25)-23-52185,(45)-20-47532,04/29/1982,19:03:16,171
(55)-17-76250,(23)-16-15660,04/30/1982,04:55:07,29
(39)-24-00272,(25)-04-99798,04/30/1982,08:32:47,611
(63)-17-05030,(75)-07-06063,05/01/1982,04:41:52,330
(68)-04-87737,(79)-07-83721,05/01/1982,07:31:03,209
(58)-12-15362,(63)-02-22558,05/01/1982,18:20:22,1486
(70)-06-05003,(39)-00-21966,05/04/1982,07:03:08,3489
(56)-13-37171,(29)-23-02469,05/04/1982,13:03:12,198
(37)-00-84460,(71)-12-64483,05/07/1982,03:16:53,1093
(43)-01-83571,(34)-19-44020,05/07/1982,06:04:26,470
(35)-05-44811,(48)-18-28314,05/07/1982,14:43:46,146
(20)-26-20878,(50)-00-59161,05/08/1982,13:13:57,2722
(34)-05-67745,(79)-10-99997,05/09/1982,13:03:53,209
(39)-05-93290,(76)-13-63292,05/11/1982,16:18:11,476
(20)-05-84934,(39)-15-78906,05/11/1982,17:19:49,172
(61)-13-78456,(50)-12-51694,05/12/1982,08:51:36,83
(48)-08-79572,(78)-11-95732,05/12/1982,13:07:51,140
(52)-22-34341,(34)-02-38841,05/12/1982,17:51:33,18
(74)-05-57707,(30)-17-98428,05/14/1982,20:41:36,329
(46)-12-10555,(33)-17-36892,05/16/1982,09:25:10,288
(52)-22-22046,(42)-03-05772,05/17/1982,02:28:32,202
(64)-10-04434,(74)-03-03586,05/17/1982,08:58:22,71
(45)-14-48859,(56)-18-96612,05/17/1982,14:35:03,655
(54)-17-20244,(73)-07-54968,05/17/1982,18:34:29,21
(53)-16-51506,(35)-07-37178,05/18/1982,01:09:11,1739
(52)-20-69588,(33)-19-75596,05/18/1982,03:04:23,81
(37)-02-13849,(52)-05-27285,05/18/1982,07:53:49,878
(67)-05-92099,(77)-02-40952,05/18/1982,18:32:08,750
(44)-16-02984,(35)-06-85225,05/19/1982,10:43:35,1547
(64)-10-18345,(27)-03-64814,05/20/1982,07:42:45,850
(44)-13-99315,(51)-03-15521,05/21/1982,07:40:16,150
(67)-12-37826,(72)-01-10451,05/21/1982,12:46:24,1644
(77)-13-90661,(37)-00-86011,05/22/1982,03:35:41,211
(46)-12-86877,(40)-04-82727,05/24/1982,13:52:25,2858
(40)-00-43456,(23)-23-93550,05/26/1982,01:48:48,27
(61)-15-05481,(57)-13-59936,05/27/1982,03:41:32,222
(45)-04-06876,(60)-00-61304,05/30/1982,06:50:21,103
(77)-06-23189,(40)-17-64285,05/31/1982,18:23:35,131
(48)-05-19759,(49)-03-98811,06/01/1982,02:28:39,201
(61)-08-07325,(51)-05-49994,06/01/1982,16:48:09,3496
(52)-16-74905,(61)-01-01517,06/01/1982,21:18:41,479
(45)-19-69717,(79)-10-55497,06/01/1982,23:37:32,365
(62)-17-48759,(75)-08-30723,06/03/1982,14:50:11,105
(63)-16-33438,(52)-18-17725,06/03/1982,22:18:52,449
(22)-11-76458,(29)-30-97778,06/05/1982,11:39:28,128
(29)-05-94582,(25)-18-17156,06/05/1982,15:17:51,280
(50)-06-72189,(38)-07-35874,06/05/1982,18:52:36,183
(48)-21-89947,(65)-17-46648,06/06/1982,04:39:32,88
(45)-12-93943,(27)-08-32491,06/06/1982,18:00:20,497
(22)-25-82064,(61)-01-42874,06/07/1982,06:21:39,97
(77)-12-27846,(29)-09-46229,06/08/1982,14:52:59,2014
(36)-24-12778,(77)-01-01585,06/09/1982,19:33:39,3307
(26)-08-95595,(25)-26-22548,06/10/1982,20:38:01,29
(37)-22-37236,(70)-05-82970,06/11/1982,14:43:46,168
(47)-12-41054,(38)-04-37390,06/11/1982,17:08:00,86
(32)-29-64246,(32)-29-78647,06/11/1982,21:23:41,683
(78)-10-65376,(68)-09-64463,06/12/1982,00:10:31,2659
(50)-00-10079,(28)-19-22637,06/12/1982,04:45:07,736
(36)-13-16309,(72)-13-63379,06/12/1982,17:10:41,103
(28)-24-97973,(76)-02-43037,06/13/1982,09:31:00,352
(23)-31-01846,(53)-22-72868,06/13/1982,22:48:08,1257
(38)-07-30198,(64)-06-38992,06/14/1982,10:14:07,1678
(74)-05-90920,(72)-07-08725,06/14/1982,15:24:32,141
(60)-12-62335,(23)-02-70166,06/15/1982,01:22:46,709
(66)-00-42230,(50)-08-86092,06/15/1982,06:43:07,97
(34)-13-86842,(69)-04-86113,06/16/1982,09:43:21,445
(31)-18-64194,(52)-04-54731,06/17/1982,09:44:31,451
(47)-18-80409,(67)-13-04255,06/18/1982,17:26:54,451
(37)-00-18850,(40)-19-86248,06/19/1982,09:02:09,2091
(36)-12-34418,(59)-01-39520,06/19/1982,14:19:02,3446
(73)-09-44804,(39)-06-84409,06/20/1982,07:50:38,872
(60)-18-64778,(48)-09-76586,06/20/1982,12:54:27,463
(78)-10-48682,(75)-12-19421,06/21/1982,00:18:20,605
(68)-11-90233,(67)-11-23883,06/21/1982,16:23:12,146
(36)-09-88469,(65)-11-41870,06/22/1982,07:04:01,240
(65)-06-94030,(70)-06-94124,06/22/1982,13:50:25,353
(73)-04-95880,(48)-10-11948,06/22/1982,18:43:34,225
(43)-25-27813,(50)-22-77088,06/23/1982,21:28:29,574
(25)-09-96678,(50)-02-83473,06/24/1982,00:58:18,153
(36)-11-92210,(23)-23-91318,06/24/1982,07:18:37,290
(24)-28-82908,(60)-07-38310,06/26/1982,03:54:15,7150
(49)-19-96675,(64)-15-55668,06/27/1982,07:23:57,95
(40)-07-16432,(24)-15-70046,06/27/1982,19:43:02,222
(36)-09-03464,(42)-04-08696,06/27/1982,21:43:35,420
(43)-09-06091,(63)-09-12750,06/28/1982,12:35:15,274
(42)-15-70081,(35)-28-42045,06/28/1982,14:44:22,9
(61)-00-67340,(68)-11-48629,06/29/1982,05:43:02,113
(42)-15-90230,(45)-06-51486,06/30/1982,05:50:16,216
(71)-00-81702,(46)-23-65630,06/30/1982,14:41:43,91
(37)-02-51679,(28)-14-02842,06/30/1982,23:04:37,683
(35)-26-41821,(34)-05-78073,07/01/1982,05:22:57,3554
(48)-18-56209,(47)-04-82759,07/01/1982,07:08:02,288
(61)-12-54028,(54)-18-66323,07/02/1982,18:11:49,271
(26)-28-39212,(75)-03-80627,07/02/1982,22:10:19,196
(47)-14-68112,(30)-28-89582,07/05/1982,03:42:55,140
(39)-25-65361,(76)-12-98977,07/05/1982,11:29:51,393
(41)-20-30048,(61)-16-54063,07/06/1982,14:11:51,109
(30)-29-16420,(46)-04-01729,07/07/1982,02:03:31,748
(40)-22-04441,(72)-07-81021,07/08/1982,14:53:25,422
(39)-12-64355,(53)-22-06572,07/08/1982,20:43:36,22
(56)-14-84137,(78)-10-33445,07/12/1982,01:15:53,142
(43)-02-31468,(28)-04-60625,07/12/1982,01:39:14,680
(48)-02-55994,(52)-01-18994,07/13/1982,10:38:45,52
(37)-18-97511,(43)-07-77458,07/14/1982,10:03:59,1486
(47)-11-88989,(53)-10-47198,07/14/1982,20:24:52,3293
(68)-09-60373,(63)-01-92886,07/15/1982,10:42:58,644
(71)-12-39601,(33)-12-49905,07/15/1982,22:46:45,231
(59)-03-49768,(42)-00-18568,07/19/1982,14:03:48,2348
(64)-10-52491,(73)-09-09742,07/19/1982,15:46:08,56
(48)-11-10986,(74)-03-72970,07/19/1982,19:56:33,17
(58)-08-05388,(59)-04-10431,07/19/1982,20:08:40,567
(44)-18-08231,(56)-18-16194,07/20/1982,17:16:02,400
(20)-03-10087,(30)-06-46995,07/20/1982,23:10:25,189
(21)-08-47467,(23)-31-16164,07/20/1982,23:24:55,232
(70)-10-76759,(26)-11-66785,07/22/1982,03:50:10,2583
(47)-05-71585,(50)-04-61096,07/22/1982,08:24:29,415
(51)-17-97561,(54)-01-54341,07/22/1982,16:17:13,316
(44)-25-66139,(39)-23-35505,07/23/1982,04:54:06,192
(72)-09-13480,(20)-18-55555,07/24/1982,06:48:41,269
(45)-10-19205,(61)-11-45998,07/25/1982,07:47:26,202
(25)-00-84958,(22)-21-67387,07/26/1982,00:54:43,228
(65)-13-27087,(45)-10-38097,07/30/1982,09:56:18,254
(56)-05-01689,(32)-09-00410,07/31/1982,13:20:02,538
(32)-18-55666,(27)-23-32317,08/01/1982,19:06:24,41
(66)-06-62422,(22)-28-68243,08/02/1982,19:00:38,118
(44)-09-34797,(41)-21-60295,08/04/1982,02:49:45,340
(39)-26-97596,(21)-15-22364,08/04/1982,10:38:41,17
(26)-17-51147,(22)-10-06913,08/04/1982,12:22:19,138
(21)-19-49731,(25)-09-35193,08/06/1982,03:08:53,1450
(26)-16-60777,(59)-01-18531,08/06/1982,12:57:26,645
(72)-10-69290,(23)-25-92478,08/06/1982,22:05:23,172
(57)-14-10427,(48)-00-22348,08/07/1982,09:33:58,550
(64)-08-97478,(76)-11-26954,08/08/1982,07:55:02,220
(61)-08-54686,(28)-18-26564,08/10/1982,16:00:32,59
(29)-17-84533,(29)-06-60414,08/10/1982,16:50:56,42
(30)-22-53920,(72)-15-13492,08/10/1982,18:37:07,428
(53)-09-21015,(39)-01-26831,08/11/1982,18:33:04,22
(59)-07-63894,(79)-07-72623,08/11/1982,19:20:50,515
(35)-10-29521,(75)-14-57545,08/12/1982,15:15:41,314
(59)-01-05696,(36)-17-54041,08/13/1982,00:57:18,84
(44)-11-97500,(64)-11-08670,08/13/1982,07:18:17,477
(73)-15-12206,(50)-03-43512,08/13/1982,11:36:28,945
(76)-05-59168,(70)-04-86987,08/14/1982,15:12:49,518
(72)-03-48108,(32)-28-54607,08/15/1982,01:27:24,796
(26)-18-90038,(63)-18-80089,08/16/1982,23:24:45,1571
(69)-08-59085,(65)-02-26235,08/17/1982,12:34:00,189
(52)-04-91730,(46)-22-59321,08/19/1982,04:53:10,14
(68)-14-51814,(64)-05-30600,08/19/1982,22:00:06,222
(55)-06-24244,(31)-29-03731,08/19/1982,23:26:19,281
(22)-21-85727,(69)-12-20550,08/20/1982,11:48:26,664
(27)-21-13024,(30)-19-39874,08/20/1982,17:45:12,34
(43)-07-77527,(61)-18-93426,08/21/1982,11:34:08,74
(33)-04-81226,(30)-05-76860,08/22/1982,06:49:21,321
(70)-16-47021,(53)-17-46472,08/23/1982,05:12:02,212
(27)-02-91471,(49)-06-11374,08/23/1982,17:07:33,44
(34)-21-20164,(38)-18-99622,08/24/1982,01:34:20,145
(57)-10-02948,(58)-00-12527,08/25/1982,00:34:55,880
(63)-04-32917,(50)-22-63100,08/25/1982,23:50:59,1084
(45)-17-28514,(39)-00-48497,08/28/1982,05:38:54,110
(62)-10-03076,(77)-13-04939,08/28/1982,06:47:29,36
(46)-18-88089,(72)-02-56205,08/29/1982,14:02:23,58
(30)-04-12923,(73)-03-88308,08/30/1982,05:10:53,25
(48)-11-11352,(27)-13-08161,08/31/1982,09:26:15,2956
(47)-06-40134,(56)-13-41885,09/01/1982,07:33:34,221
(78)-11-35560,(29)-15-33395,09/01/1982,11:35:49,981
(48)-12-11868,(57)-13-62233,09/01/1982,16:20:50,702
(25)-00-91590,(74)-06-28184,09/01/1982,21:45:26,693
(51)-11-47469,(65)-01-76407,09/02/1982,13:59:39,91
(65)-02-36746,(68)-01-64007,09/02/1982,20:40:35,382
(60)-15-99496,(61)-14-68660,09/03/1982,16:44:09,199
(33)-08-56039,(77)-11-81693,09/03/1982,23:42:37,2961
(52)-11-40883,(47)-21-75113,09/04/1982,07:29:54,42
(51)-02-49668,(77)-02-60992,09/04/1982,13:32:40,143
(27)-10-13203,(71)-14-70383,09/04/1982,18:20:45,31
(59)-18-53748,(49)-00-08129,09/04/1982,19:22:42,862
(62)-01-30326,(60)-12-99205,09/06/1982,14:50:24,406
(52)-10-40053,(20)-22-28817,09/09/1982,09:57:41,191
(64)-02-69209,(78)-02-28660,09/09/1982,13:09:19,13
(37)-17-04159,(34)-03-34075,09/09/1982,16:55:23,180
(73)-11-76991,(75)-00-45471,09/09/1982,17:38:57,275
(78)-13-93011,(23)-28-24513,09/10/1982,05:02:46,897
(40)-19-47776,(43)-12-45651,09/10/1982,22:47:45,262
(49)-06-71706,(35)-26-82836,09/11/1982,09:24:52,150
(68)-12-37921,(38)-10-82280,09/12/1982,23:19:44,2075
(56)-03-74343,(36)-16-62078,09/13/1982,09:59:54,41
(42)-11-79071,(62)-15-00414,09/13/1982,23:44:57,2967
(47)-21-81913,(65)-07-85783,09/14/1982,02:08:38,171
(71)-03-35906,(34)-09-14097,09/17/1982,19:01:56,164
(44)-09-32941,(34)-17-91728,09/19/1982,02:15:58,237
(28)-05-55128,(68)-15-54198,09/20/1982,22:24:55,438
(71)-06-30300,(35)-18-95635,09/21/1982,06:52:45,232
(33)-27-05961,(79)-10-35442,09/21/1982,08:18:54,57
(39)-06-10280,(76)-13-86587,09/22/1982,11:32:54,233
(58)-09-29677,(78)-10-46214,09/25/1982,05:30:52,47
(20)-27-70335,(45)-00-70916,09/25/1982,22:47:10,409
(40)-22-06568,(31)-24-98465,09/26/1982,08:00:52,152
(71)-14-52816,(66)-01-17695,09/28/1982,06:55:10,679
(54)-19-62411,(50)-10-30369,09/28/1982,08:15:34,35
(34)-17-17306,(28)-09-46249,09/28/1982,12:07:27,1633
(53)-15-79072,(25)-04-52273,09/30/1982,11:55:16,2387
(70)-02-61981,(55)-08-44553,10/01/1982,11:38:59,146
(78)-02-40547,(27)-29-98749,10/01/1982,19:20:58,634
(79)-04-19348,(25)-26-89849,10/02/1982,06:23:56,649
(69)-12-94652,(63)-11-76934,10/02/1982,11:41:48,235
(59)-20-46003,(70)-06-06906,10/02/1982,21:26:56,706
(63)-18-26791,(78)-02-25965,10/03/1982,02:59:52,808
(44)-14-11930,(59)-19-72029,10/03/1982,19:16:18,8
(22)-15-21874,(54)-07-93341,10/05/1982,04:19:14,185
(54)-13-63709,(50)-15-28940,10/05/1982,10:18:24,1799
(26)-29-93622,(24)-25-01331,10/05/1982,18:20:19,439
(26)-00-85934,(76)-05-49144,10/05/1982,18:35:24,293
(63)-18-46377,(38)-06-37092,10/05/1982,20:52:23,200
(76)-01-23257,(68)-02-00399,10/07/1982,12:06:39,54
(20)-18-72489,(71)-03-13771,10/08/1982,00:06:48,254
(70)-05-67651,(21)-05-55237,10/08/1982,08:38:53,263
(32)-10-52190,(63)-09-00148,10/09/1982,08:10:16,1444
(62)-08-57502,(23)-04-28147,10/10/1982,04:01:24,437
(58)-16-69687,(34)-07-36706,10/10/1982,14:41:00,73
(79)-12-57890,(67)-00-02423,10/11/1982,04:18:05,257
(39)-17-71027,(76)-00-94610,10/11/1982,08:04:31,419
(65)-13-16436,(39)-06-84409,10/12/1982,18:38:41,213
(34)-06-82356,(67)-12-42605,10/13/1982,23:28:17,62
(30)-18-18662,(46)-17-63298,10/14/1982,06:32:04,5126
(35)-15-41349,(23)-08-08900,10/14/1982,16:19:14,1412
(54)-04-20979,(32)-24-58851,10/14/1982,22:37:41,282
(61)-11-08712,(72)-14-17371,10/15/1982,07:02:55,260
(55)-03-17995,(38)-10-25510,10/18/1982,05:10:43,1109
(62)-14-15015,(29)-05-35733,10/18/1982,21:40:53,918
(74)-06-60079,(57)-10-23416,10/19/1982,13:45:35,3530
(55)-07-26126,(60)-18-57081,10/20/1982,01:45:11,179
(44)-16-06510,(40)-04-57485,10/23/1982,04:36:21,81
(26)-13-66636,(49)-23-82377,10/24/1982,06:06:57,3877
(37)-04-60438,(71)-04-85828,10/25/1982,11:45:12,71
(73)-00-83229,(33)-09-28228,10/26/1982,08:33:15,107
(71)-06-76738,(32)-21-31216,10/26/1982,18:34:38,1394
(62)-06-10528,(40)-15-05348,10/27/1982,00:05:28,293
(43)-17-27886,(41)-23-79856,10/27/1982,23:34:59,638
(20)-31-21748,(65)-01-12966,10/28/1982,06:06:55,106
(40)-22-14830,(27)-15-35597,10/28/1982,07:15:32,102
(24)-15-76455,(52)-00-53840,10/28/1982,10:08:15,75
(32)-21-83923,(75)-00-33693,10/29/1982,05:11:34,1929
(47)-08-76753,(76)-09-22067,10/29/1982,11:05:03,3519
(21)-05-86910,(57)-15-76629,10/29/1982,17:53:07,595
(66)-01-30190,(73)-11-22645,10/30/1982,11:09:08,220
(23)-12-48862,(72)-01-46383,10/30/1982,21:37:12,115
(52)-20-98072,(74)-14-88425,10/31/1982,02:45:47,98
(65)-03-97562,(50)-14-45430,10/31/1982,07:02:07,1695
(53)-12-35283,(50)-14-09702,11/02/1982,09:14:20,14
(28)-02-51963,(45)-02-12485,11/03/1982,21:01:47,1121
(53)-06-58141,(59)-13-70630,11/03/1982,22:59:57,2013
(32)-04-61269,(31)-22-04012,11/04/1982,16:37:11,1688
(49)-10-82647,(40)-26-07620,11/06/1982,01:20:20,44
(28)-15-83999,(56)-02-42950,11/09/1982,03:38:04,107
(36)-08-62351,(55)-16-54381,11/09/1982,07:14:07,648
(75)-01-42595,(31)-16-53184,11/10/1982,09:47:13,243
(48)-00-14725,(65)-17-10715,11/10/1982,14:43:33,218
(23)-06-85784,(50)-17-96407,11/11/1982,09:52:45,647
(46)-07-86969,(43)-06-74346,11/11/1982,21:18:44,153
(33)-19-80217,(43)-17-96959,11/12/1982,08:57:38,179
(67)-17-04721,(29)-26-09652,11/13/1982,07:02:14,545
(72)-11-20615,(70)-02-65610,11/13/1982,22:37:16,3222
(41)-12-79025,(51)-03-64635,11/14/1982,09:19:22,679
(46)-22-87582,(41)-17-63072,11/14/1982,12:37:31,137
(29)-16-60290,(42)-19-81050,11/15/1982,14:41:31,101
(26)-28-75426,(47)-08-97667,11/16/1982,05:07:28,887
(53)-05-13876,(31)-12-73831,11/16/1982,09:06:16,120
(61)-17-52062,(78)-06-34782,11/20/1982,14:18:21,3194
(52)-15-97611,(24)-10-79670,11/21/1982,07:00:42,265
(47)-02-99244,(75)-13-87217,11/21/1982,08:21:52,130
(66)-16-74501,(42)-09-18994,11/22/1982,18:56:59,32
(24)-16-80547,(45)-24-61446,11/25/1982,19:23:02,775
(39)-01-45802,(52)-07-43794,11/27/1982,02:35:17,429
(25)-12-87059,(53)-16-34976,11/28/1982,20:27:27,490
(43)-14-85454,(56)-04-47255,11/30/1982,03:13:13,3548
(66)-10-77773,(63)-13-84266,12/03/1982,01:04:11,614
(51)-14-47133,(77)-07-26129,12/03/1982,01:10:05,533
(25)-10-35982,(22)-14-90763,12/03/1982,16:33:08,271
(65)-02-85055,(51)-22-49335,12/03/1982,23:37:51,270
(32)-10-40568,(54)-17-47146,12/04/1982,19:02:35,388
(20)-23-61832,(47)-24-13393,12/05/1982,02:18:49,264
(49)-05-75157,(36)-14-71983,12/05/1982,15:21:02,13
(49)-03-96536,(40)-00-33668,12/05/1982,18:12:35,3310
(60)-01-00740,(58)-13-86456,12/06/1982,23:52:16,182
(79)-10-45728,(60)-06-09048,12/07/1982,02:28:33,102
(54)-15-27699,(27)-28-84169,12/08/1982,20:03:07,666
(77)-11-80767,(70)-11-95955,12/08/1982,21:37:19,104
(31)-05-13768,(35)-17-53921,12/09/1982,19:54:12,235
(26)-10-77829,(20)-12-65686,12/10/1982,13:08:36,685
(24)-14-07564,(44)-23-36557,12/10/1982,19:31:16,82
(31)-18-67960,(64)-04-11291,12/11/1982,07:19:26,154
(40)-18-18605,(76)-01-66294,12/11/1982,22:30:44,447
(39)-16-42964,(71)-00-03576,12/12/1982,07:16:40,5
(49)-03-66817,(71)-04-88500,12/12/1982,13:11:48,78
(45)-18-56837,(28)-25-19623,12/12/1982,15:42:24,3506
(66)-10-56610,(57)-20-03790,12/12/1982,23:20:53,235
(48)-03-50566,(71)-00-99375,12/13/1982,18:06:57,289
(51)-09-92377,(52)-20-30257,12/14/1982,04:57:28,1596
(74)-06-52833,(42)-04-73966,12/14/1982,12:30:55,55
(68)-16-67028,(42)-00-67329,12/14/1982,16:32:32,530
(21)-26-66128,(66)-16-84072,12/14/1982,20:06:02,1583
(47)-01-54314,(78)-12-51384,12/16/1982,07:15:56,4706
(72)-11-39312,(64)-17-11323,12/16/1982,15:56:11,172
(42)-21-84337,(42)-18-86817,12/16/1982,20:37:24,186
(58)-12-83296,(37)-24-32898,12/17/1982,07:07:31,36
(25)-07-85791,(73)-05-43305,12/17/1982,13:20:27,170
(61)-07-17923,(25)-21-26153,12/18/1982,00:45:51,292
(79)-04-13740,(70)-14-46429,12/18/1982,01:51:48,3476
(61)-12-78332,(43)-17-48416,12/18/1982,10:17:07,142
(31)-29-07675,(25)-22-38343,12/19/1982,17:57:31,400
(37)-19-84255,(66)-00-14061,12/22/1982,13:49:56,731
(61)-19-49120,(20)-19-13385,12/23/1982,06:25:43,2670
(23)-03-31189,(51)-11-40470,12/25/1982,14:33:12,837
(30)-03-57042,(66)-13-19981,12/25/1982,15:49:42,147
(28)-27-34232,(63)-01-20698,12/26/1982,05:29:16,165
(73)-05-75089,(43)-24-98334,12/26/1982,14:26:30,326
(54)-03-97688,(57)-07-36988,12/28/1982,04:44:32,523
(35)-21-76586,(67)-00-35187,12/28/1982,10:49:15,144
(23)-22-98962,(63)-03-14306,12/28/1982,21:44:53,110
(70)-04-38516,(35)-21-05224,12/29/1982,18:06:02,2461
(77)-09-78465,(28)-12-73719,12/30/1982,03:34:15,149
(61)-19-39061,(78)-10-30886,12/30/1982,12:36:03,352
(40)-13-39322,(73)-14-06963,01/01/1983,06:24:36,259
(67)-04-40455,(73)-00-03654,01/01/1983,20:49:21,641
(47)-24-39737,(29)-09-46382,01/02/1983,19:37:38,620
(64)-15-82959,(72)-11-38702,01/03/1983,01:05:08,2366
(21)-18-71863,(47)-21-60807,01/03/1983,04:38:54,2782
(36)-20-89865,(64)-09-57646,01/03/1983,12:12:16,43
(34)-22-46216,(55)-19-47769,01/04/1983,04:39:22,41
(33)-25-41052,(66)-17-57289,01/05/1983,00:53:59,120
(48)-00-49265,(61)-18-51817,01/05/1983,05:06:03,3289
(20)-29-99137,(41)-18-37457,01/05/1983,10:11:43,57
(38)-11-63045,(45)-02-14808,01/06/1983,00:40:19,6156
(29)-20-00665,(22)-11-48462,01/06/1983,20:33:05,404
(43)-01-27722,(71)-07-54359,01/07/1983,10:34:35,3306
(21)-13-57818,(21)-19-58961,01/07/1983,14:59:56,2461
(44)-09-16129,(50)-21-66627,01/08/1983,02:14:12,290
(31)-16-20618,(50)-15-76951,01/10/1983,06:31:27,381
(54)-18-66211,(41)-04-55045,01/10/1983,11:44:27,194
(76)-13-34697,(38)-11-73031,01/10/1983,14:12:29,21
(21)-29-66995,(32)-06-95073,01/10/1983,15:29:38,482
(23)-26-47703,(50)-02-11296,01/11/1983,03:00:09,275
(56)-06-87331,(52)-07-77017,01/11/1983,11:58:24,504
(28)-12-73719,(47)-15-34305,01/11/1983,15:31:17,613
(78)-07-58837,(35)-26-87732,01/12/1983,17:09:30,296
(23)-13-57373,(52)-22-83791,01/13/1983,09:42:26,354
(50)-08-15095,(36)-02-84605,01/14/1983,02:48:29,265
(61)-10-33841,(53)-13-56770,01/15/1983,16:03:12,180
(28)-05-36655,(58)-19-45002,01/15/1983,20:13:05,1904
(61)-07-53208,(39)-20-24505,01/16/1983,07:22:49,419
(73)-08-62737,(28)-07-35344,01/17/1983,17:10:00,30
(31)-18-17041,(40)-24-34980,01/17/1983,19:02:39,589
(56)-15-14051,(37)-18-11319,01/17/1983,20:08:10,272
(62)-18-52745,(76)-12-55705,01/18/1983,08:35:43,20
(43)-17-57519,(64)-02-11008,01/18/1983,15:17:04,1831
(40)-13-23633,(58)-13-34154,01/18/1983,20:02:41,280
(51)-18-61278,(70)-07-12464,01/18/1983,20:12:40,30
(26)-12-38825,(46)-02-97473,01/19/1983,12:58:49,71
(75)-12-22458,(28)-22-53564,01/20/1983,04:06:11,144
(54)-07-09498,(44)-06-21542,01/21/1983,04:01:59,245
(73)-01-64407,(74)-06-63607,01/21/1983,21:07:29,200
(57)-02-56713,(59)-13-20275,01/22/1983,01:32:14,2510
(76)-02-44675,(57)-07-88137,01/22/1983,09:45:18,591
(21)-11-81047,(46)-15-25383,01/24/1983,01:00:48,728
(29)-22-91221,(20)-14-42645,01/24/1983,09:59:26,777
(73)-07-46211,(52)-09-76829,01/24/1983,16:11:36,93
(72)-09-94873,(72)-14-25282,01/25/1983,15:32:49,872
(30)-11-87950,(27)-08-75801,01/25/1983,22:49:24,204
(42)-14-09112,(54)-19-65500,01/28/1983,18:12:38,290
(43)-04-38256,(53)-00-27469,01/28/1983,21:53:02,829
(66)-02-14039,(61)-13-48292,01/29/1983,09:30:37,1284
(44)-25-54082,(37)-05-44528,01/29/1983,10:34:04,585
(57)-01-46628,(49)-07-11993,01/29/1983,12:33:46,808
(61)-17-55303,(56)-04-64910,01/29/1983,17:18:18,636
(66)-10-37867,(63)-06-41608,01/29/1983,19:09:33,297
(33)-11-56767,(22)-00-38852,01/30/1983,00:04:59,532
(68)-15-36801,(51)-18-76411,01/31/1983,01:03:54,189
(67)-08-89855,(25)-12-83235,02/01/1983,10:52:19,1873
(45)-03-95628,(26)-24-53098,02/01/1983,11:59:33,48
(58)-09-82948,(21)-31-57832,02/01/1983,20:27:02,320
(50)-10-54231,(59)-18-72675,02/03/1983,02:21:17,787
(29)-10-44869,(57)-11-67537,02/03/1983,11:56:24,268
(43)-21-24343,(77)-06-45770,02/03/1983,19:11:48,42
(41)-12-79215,(54)-17-28932,02/04/1983,00:47:51,775
(30)-03-57042,(32)-28-55071,02/04/1983,18:27:20,3523
(76)-05-79522,(32)-04-04628,02/04/1983,19:20:48,203
(57)-00-98123,(32)-27-41833,02/05/1983,13:50:51,285
(78)-07-26331,(22)-17-84150,02/06/1983,10:05:56,95
(27)-15-31106,(60)-14-95945,02/07/1983,09:10:20,681
(21)-31-73931,(38)-20-44205,02/09/1983,09:11:25,217
(40)-00-32210,(45)-18-64464,02/09/1983,15:43:29,147
(50)-08-75449,(71)-16-61606,02/11/1983,16:25:55,218
(42)-19-84407,(26)-00-48006,02/11/1983,20:24:46,364
(66)-16-42508,(37)-20-07457,02/11/1983,22:21:37,194
(51)-00-97970,(73)-10-29072,02/12/1983,17:27:57,189
(71)-14-50870,(43)-17-14179,02/13/1983,14:33:04,552
(34)-21-61927,(30)-02-41465,02/13/1983,23:34:11,1696
(68)-16-37550,(40)-26-74025,02/14/1983,20:52:53,790
(44)-01-11364,(54)-06-52819,02/15/1983,09:32:08,416
(74)-07-01306,(63)-06-13932,02/15/1983,13:23:16,160
(52)-05-35302,(34)-18-46852,02/15/1983,16:47:51,2364
(28)-14-30548,(34)-26-06082,02/16/1983,08:23:23,2803
(63)-14-40622,(56)-17-87553,02/16/1983,14:18:24,612
(75)-07-38124,(43)-04-97806,02/17/1983,06:15:11,5
(65)-13-72116,(76)-13-34626,02/17/1983,07:45:31,3030
(23)-01-43296,(29)-19-07548,02/17/1983,10:42:48,7148
(34)-21-15869,(50)-10-07233,02/18/1983,04:25:08,810
(62)-11-94227,(23)-28-03135,02/19/1983,11:49:36,2126
(67)-06-25264,(68)-11-41336,02/19/1983,14:46:15,72
(76)-08-34781,(49)-10-23884,02/22/1983,06:43:19,1585
(77)-07-62383,(44)-06-36348,02/22/1983,16:35:54,270
(38)-04-11281,(44)-02-32627,02/24/1983,07:55:01,183
(33)-04-48729,(79)-02-41107,02/25/1983,03:53:59,609
(63)-01-36804,(23)-05-39860,02/26/1983,09:57:06,2464
(27)-28-69616,(27)-28-58448,02/26/1983,11:23:01,57
(73)-08-90268,(63)-08-78108,02/26/1983,12:45:06,6940
(63)-11-30013,(71)-04-30262,02/28/1983,02:26:58,163
(62)-02-72948,(38)-24-43531,02/28/1983,13:46:39,42
(54)-06-71176,(30)-07-60985,02/28/1983,14:49:19,292
(67)-17-12843,(39)-05-76544,02/28/1983,15:28:45,27
(24)-16-98636,(69)-01-06887,03/01/1983,15:12:51,211
(42)-12-92210,(27)-27-09763,03/02/1983,18:30:31,686
(48)-00-87029,(46)-03-34049,03/03/1983,07:15:46,257
(70)-14-98551,(22)-09-33355,03/04/1983,08:57:51,16
(62)-00-04906,(58)-19-70002,03/04/1983,11:00:22,489
(42)-12-48584,(37)-18-42967,03/05/1983,05:47:53,139
(23)-21-78875,(26)-27-75694,03/06/1983,03:43:17,6494
(76)-12-52797,(43)-16-39159,03/08/1983,01:48:43,2573
(59)-19-72723,(64)-08-97473,03/10/1983,14:44:15,258
(75)-12-61132,(60)-02-60099,03/11/1983,08:22:47,176
(36)-20-83414,(50)-14-02519,03/12/1983,06:11:59,54
(42)-13-90072,(47)-00-53073,03/12/1983,14:16:37,141
(41)-19-26173,(28)-02-71257,03/13/1983,04:34:52,208
(62)-04-08385,(40)-04-40349,03/13/1983,11:25:04,25
(45)-22-03343,(24)-16-38561,03/14/1983,13:04:18,1908
(47)-22-40982,(43)-17-66829,03/14/1983,14:03:07,1157
(51)-10-22925,(76)-05-67137,03/14/1983,15:51:57,205
(69)-16-90174,(44)-07-88260,03/14/1983,16:51:42,6432
(25)-14-38164,(29)-30-07255,03/15/1983,05:43:35,1828
(65)-10-23854,(44)-14-79494,03/15/1983,18:00:17,768
(50)-10-11392,(47)-21-71614,03/16/1983,06:19:16,3389
(64)-18-58123,(32)-11-03107,03/16/1983,14:39:13,722
(33)-06-13701,(33)-15-88506,03/16/1983,19:46:58,6
(44)-13-53017,(48)-11-23901,03/17/1983,10:36:42,632
(58)-11-96129,(28)-18-01810,03/18/1983,06:56:18,289
(37)-14-59895,(29)-11-86110,03/18/1983,07:42:09,1710
(28)-30-43531,(45)-19-05147,03/18/1983,16:06:45,42
(40)-21-68384,(46)-03-19407,03/19/1983,09:12:47,3504
(45)-22-66457,(30)-29-64034,03/20/1983,01:47:01,843
(65)-00-68504,(61)-03-28938,03/20/1983,13:56:20,99
(37)-06-69961,(34)-27-70081,03/20/1983,20:36:02,541
(66)-10-36981,(31)-07-85663,03/21/1983,15:04:26,78
(24)-10-54513,(65)-18-78774,03/23/1983,06:44:32,804
(21)-32-75874,(69)-03-69452,03/23/1983,09:06:56,335
(70)-16-21548,(25)-02-02731,03/23/1983,13:59:18,55
(70)-08-25830,(79)-08-23510,03/24/1983,06:24:56,100
(29)-10-39341,(64)-08-58478,03/24/1983,06:32:41,73
(66)-12-12426,(50)-08-85416,03/24/1983,11:09:39,22
(55)-19-86325,(38)-15-78609,03/24/1983,21:25:33,418
(72)-02-36400,(23)-02-60251,03/27/1983,08:19:01,1375
(33)-28-74460,(70)-14-83096,03/27/1983,19:56:38,3534
(42)-14-81880,(33)-19-47539,03/28/1983,07:23:09,57
(49)-20-15516,(38)-01-18284,03/29/1983,04:29:19,2404
(74)-06-74731,(37)-22-57893,03/29/1983,16:10:56,160
(30)-12-60289,(72)-04-04788,03/30/1983,10:04:19,827
(33)-24-38792,(78)-11-44546,03/31/1983,16:04:16,71
(72)-13-28368,(30)-03-90301,04/02/1983,15:36:29,669
(71)-15-03578,(29)-21-67879,04/02/1983,15:53:33,824
(47)-06-92672,(52)-17-23556,04/03/1983,23:42:04,760
(67)-01-76083,(72)-08-71887,04/05/1983,07:37:29,299
(49)-07-74988,(57)-11-04115,04/06/1983,14:31:32,112
(59)-04-79928,(61)-08-23694,04/07/1983,11:51:44,195
(27)-00-94255,(32)-18-13046,04/08/1983,03:36:31,1028
(29)-05-18165,(62)-14-04137,04/08/1983,16:35:19,43
(39)-11-80139,(25)-26-72439,04/08/1983,18:57:48,119
(79)-10-63297,(20)-08-55309,04/10/1983,04:18:32,512
(28)-10-11360,(63)-08-41917,04/10/1983,10:37:05,2008
(43)-03-47858,(73)-00-83229,04/11/1983,12:16:40,523
(47)-03-85113,(55)-05-62536,04/11/1983,19:09:25,99
(49)-06-34453,(58)-08-65152,04/12/1983,01:02:30,885
(60)-16-13455,(77)-07-56816,04/12/1983,16:33:53,900
(29)-23-96651,(25)-01-73745,04/13/1983,05:58:20,2943
(53)-15-43751,(51)-11-93413,04/13/1983,07:05:12,341
(52)-00-01526,(20)-33-26275,04/13/1983,12:41:06,303
(57)-09-63490,(66)-13-32432,04/15/1983,08:54:29,21
(54)-07-31293,(34)-18-58882,04/15/1983,09:45:06,111
(46)-08-01161,(31)-19-64497,04/16/1983,14:14:51,27
(73)-12-76405,(65)-12-40539,04/16/1983,19:56:47,640
(49)-12-56201,(63)-12-06100,04/16/1983,20:19:55,770
(52)-07-20209,(40)-22-13379,04/17/1983,08:17:21,370
(72)-08-53353,(62)-17-80022,04/17/1983,13:56:41,549
(34)-26-69204,(47)-03-45846,04/17/1983,21:22:16,347
(45)-16-05219,(46)-20-16809,04/18/1983,08:14:24,3586
(69)-05-44263,(51)-22-42292,04/19/1983,16:32:46,242
(53)-21-31217,(74)-01-27474,04/20/1983,15:40:17,7
(24)-07-25052,(31)-02-64014,04/20/1983,19:05:01,109
(35)-01-15919,(47)-05-17203,04/22/1983,14:55:04,748
(25)-13-53676,(32)-29-33185,04/23/1983,02:27:59,219
(76)-13-15398,(63)-10-51322,04/23/1983,05:30:05,813
(20)-24-97997,(39)-06-65062,04/24/1983,05:15:04,639
(32)-28-69860,(33)-04-77635,04/26/1983,00:02:38,115
(52)-18-44684,(53)-05-16474,04/27/1983,16:58:51,775
(51)-09-65662,(33)-20-83522,04/28/1983,21:38:08,203
(57)-01-87209,(35)-02-81729,04/28/1983,22:09:48,81
(59)-07-09109,(62)-19-39793,04/29/1983,12:05:35,636
(35)-28-35265,(43)-17-97122,04/29/1983,12:47:12,798
(20)-21-20127,(24)-16-61253,04/29/1983,22:21:04,153
(22)-00-85232,(20)-29-95290,04/30/1983,01:12:03,205
(25)-31-03544,(63)-14-89027,05/01/1983,08:28:53,279
(27)-10-58677,(35)-21-38870,05/02/1983,17:45:39,17
(23)-05-54575,(66)-15-79018,05/03/1983,14:10:41,197
(42)-05-11665,(28)-18-23309,05/04/1983,19:17:00,105
(50)-17-54842,(36)-13-27154,05/06/1983,02:26:11,417
(49)-04-36283,(66)-16-23551,05/06/1983,06:41:34,187
(43)-19-59408,(72)-12-59735,05/07/1983,04:21:28,145
(32)-20-82212,(68)-14-38410,05/08/1983,04:31:03,214
(68)-06-34903,(21)-15-96962,05/08/1983,08:19:18,503
(23)-30-08646,(65)-05-54254,05/08/1983,20:38:29,2107
(29)-03-64264,(67)-09-75457,05/09/1983,13:07:36,3178
(25)-31-07061,(37)-02-02034,05/10/1983,14:43:24,804
(43)-10-74147,(51)-01-19476,05/11/1983,08:05:07,557
(29)-02-19664,(46)-16-40543,05/11/1983,13:41:56,172
(75)-01-04396,(43)-23-83860,05/12/1983,14:10:06,211
(24)-04-15408,(38)-10-25273,05/12/1983,16:11:13,220
(31)-22-85869,(48)-00-80156,05/13/1983,02:31:02,1037
(69)-14-43221,(76)-00-90819,05/13/1983,18:52:12,370
(76)-01-91111,(39)-18-21241,05/15/1983,01:42:49,886
(53)-16-10903,(40)-15-49199,05/15/1983,23:08:18,124
(78)-03-27250,(56)-19-29379,05/18/1983,00:54:08,321
(79)-01-60541,(56)-02-13261,05/18/1983,12:48:04,293
(24)-29-66505,(62)-18-62037,05/19/1983,00:40:44,83
(64)-01-85861,(35)-24-70038,05/19/1983,05:15:08,162
(76)-13-56098,(37)-26-23195,05/19/1983,05:37:17,519
(48)-03-34768,(61)-02-38633,05/21/1983,07:57:25,301
(48)-00-96990,(68)-02-64465,05/25/1983,13:19:15,301
(47)-11-80230,(47)-20-54523,05/27/1983,00:26:53,690
(62)-00-09034,(61)-12-85494,05/27/1983,19:49:01,3392
(69)-07-18171,(35)-06-25304,05/28/1983,00:29:18,1723
(76)-09-90876,(59)-18-18043,05/30/1983,05:53:48,148
(68)-10-08278,(63)-09-22754,05/31/1983,22:52:32,763
(64)-05-91126,(68)-10-30423,06/02/1983,04:13:55,103
(25)-24-92363,(34)-00-40594,06/02/1983,11:06:01,392
(35)-09-18898,(29)-00-02123,06/03/1983,02:09:13,872
(33)-14-44442,(40)-26-85039,06/03/1983,12:04:21,186
(73)-04-61582,(71)-06-06519,06/04/1983,04:16:13,396
(76)-01-95836,(42)-25-42401,06/07/1983,10:32:12,87
(35)-07-07474,(77)-09-39075,06/07/1983,12:46:51,86
(34)-20-10482,(74)-12-17757,06/08/1983,01:29:43,270
(49)-10-11295,(27)-24-27838,06/08/1983,13:59:52,848
(77)-04-89721,(42)-24-62794,06/09/1983,14:28:57,1181
(60)-15-16366,(58)-06-28954,06/10/1983,18:15:40,16
(24)-29-14333,(66)-14-11618,06/12/1983,15:48:18,565
(77)-09-62575,(63)-15-10854,06/13/1983,02:54:51,66
(54)-13-82999,(27)-10-64881,06/13/1983,13:38:28,2721
(33)-19-24825,(54)-17-82989,06/13/1983,18:09:12,71
(40)-08-01722,(71)-00-75936,06/14/1983,03:34:15,123
(71)-01-62978,(44)-22-07117,06/14/1983,13:29:50,214
(78)-03-42675,(62)-17-80963,06/15/1983,13:43:37,220
(55)-11-23664,(41)-04-53337,06/16/1983,17:04:41,415
(70)-01-49863,(26)-20-51840,06/16/1983,17:52:49,3490
(48)-17-93790,(63)-04-77926,06/16/1983,18:56:23,160
(26)-06-09114,(34)-09-59482,06/16/1983,19:24:01,248
(55)-04-43974,(64)-08-23301,06/16/1983,21:45:52,3038
(30)-09-88847,(36)-21-48171,06/18/1983,07:01:54,53
(54)-12-71347,(42)-08-08113,06/19/1983,01:56:05,91
(25)-29-94925,(42)-05-05327,06/19/1983,07:48:07,109
(27)-19-51307,(47)-10-83892,06/19/1983,15:03:03,60
(49)-15-34173,(41)-01-54808,06/20/1983,12:52:57,95
(29)-20-74214,(78)-05-68600,06/20/1983,17:59:49,1135
(36)-18-71660,(30)-29-64518,06/21/1983,04:57:33,158
(46)-02-75408,(45)-17-39581,06/21/1983,18:02:07,2709
(25)-22-02501,(29)-11-17627,06/21/1983,20:45:46,891
(79)-04-67141,(31)-14-53855,06/24/1983,07:07:28,76
(24)-05-85016,(60)-02-61893,06/24/1983,07:34:50,90
(26)-26-84206,(62)-11-82232,06/24/1983,23:34:54,393
(48)-15-17235,(20)-00-33791,06/26/1983,14:41:26,79
(42)-23-88069,(42)-11-10137,06/27/1983,03:02:52,30
(53)-04-32629,(28)-10-61197,06/27/1983,14:42:07,15
(44)-03-77837,(21)-02-30480,06/29/1983,03:01:22,77
(43)-20-22003,(70)-13-73945,06/30/1983,03:12:46,566
(73)-14-80674,(66)-05-89189,06/30/1983,20:49:51,237
(38)-06-79494,(49)-17-34429,07/01/1983,06:01:02,572
(33)-11-56767,(48)-02-16018,07/01/1983,14:02:50,356
(20)-15-32790,(60)-01-80914,07/02/1983,15:05:25,734
(24)-31-72970,(49)-22-49960,07/03/1983,09:05:41,239
(55)-12-42867,(48)-02-28979,07/03/1983,23:13:41,828
(25)-26-81463,(32)-02-58911,07/03/1983,23:58:42,6010
(54)-02-94062,(60)-04-33119,07/04/1983,16:05:20,38
(20)-03-78375,(44)-11-33184,07/04/1983,22:32:14,2995
(62)-18-64629,(43)-11-99396,07/07/1983,01:56:15,8
(23)-06-54677,(30)-16-08916,07/07/1983,03:27:11,536
(51)-20-78588,(70)-08-71192,07/07/1983,15:26:22,272
(35)-04-00008,(38)-01-93304,07/08/1983,21:25:14,1035
(50)-07-91135,(39)-22-30822,07/10/1983,04:03:33,8
(59)-08-49056,(72)-14-07066,07/10/1983,14:43:24,277
(32)-07-91097,(28)-28-16055,07/12/1983,01:44:43,434
(33)-24-53262,(55)-09-74785,07/14/1983,12:08:39,38
(38)-22-75818,(41)-21-25899,07/14/1983,23:37:01,169
(27)-19-10492,(22)-28-27724,07/15/1983,02:11:25,1004
(27)-14-21823,(20)-18-16647,07/16/1983,12:31:56,2908
(61)-03-69352,(23)-27-05878,07/17/1983,22:56:09,531
(28)-17-32796,(57)-08-74931,07/19/1983,21:02:25,3238
(50)-08-37834,(56)-08-05145,07/20/1983,13:43:43,152
(47)-04-89906,(74)-14-49937,07/21/1983,11:41:05,628
(36)-09-07023,(52)-04-64245,07/21/1983,20:40:25,613
(66)-03-11457,(30)-25-84194,07/21/1983,22:35:57,231
(65)-09-30397,(76)-01-26390,07/22/1983,05:23:26,431
(75)-01-84868,(28)-18-52918,07/23/1983,03:59:07,247
(41)-23-18859,(64)-17-07296,07/23/1983,07:26:28,112
(27)-29-37982,(67)-09-15006,07/23/1983,16:59:02,94
(62)-14-88297,(54)-02-68355,07/24/1983,14:10:43,2627
(54)-20-32030,(47)-07-09294,07/24/1983,19:25:10,425
(29)-08-37623,(46)-18-17522,07/25/1983,23:42:42,3147
(35)-07-83825,(23)-24-51103,07/27/1983,03:12:57,2535
(74)-07-60213,(52)-11-67690,07/28/1983,05:19:12,1208
(76)-06-06185,(36)-25-70225,07/28/1983,21:19:54,2394
(78)-05-28235,(36)-08-49821,07/28/1983,21:43:08,2826
(78)-10-89247,(36)-27-08729,07/31/1983,07:51:54,3531
(64)-03-69398,(79)-11-19622,07/31/1983,09:11:29,94
(72)-04-23660,(42)-10-97317,08/01/1983,20:25:33,116
(52)-10-66050,(48)-14-28414,08/02/1983,01:16:05,55
(36)-00-67780,(45)-03-28342,08/02/1983,03:23:41,2313
(25)-25-34701,(74)-08-08955,08/02/1983,22:12:47,56
(76)-08-61869,(55)-17-06090,08/03/1983,14:28:54,1027
(73)-14-30536,(51)-21-38579,08/04/1983,12:34:48,2001
(57)-15-05816,(39)-26-97103,08/07/1983,16:45:15,101
(42)-07-83783,(42)-03-75730,08/09/1983,01:22:29,309
(71)-12-37535,(44)-05-68920,08/09/1983,05:40:45,216
(47)-00-51344,(29)-16-31043,08/09/1983,18:25:28,46
(55)-08-53592,(77)-09-88436,08/09/1983,23:32:37,180
(38)-00-51434,(47)-14-08984,08/10/1983,09:43:45,381
(70)-13-02290,(48)-05-96170,08/11/1983,18:31:37,202
(48)-16-73476,(54)-00-53796,08/13/1983,13:32:44,1994
(40)-23-69589,(66)-10-08801,08/13/1983,17:39:43,792
(76)-03-11773,(62)-19-92589,08/13/1983,23:00:21,130
(49)-03-88871,(22)-07-28445,08/14/1983,02:45:55,44
(79)-12-71861,(76)-08-04557,08/14/1983,03:49:39,345
(46)-13-27194,(33)-13-48142,08/14/1983,06:05:51,219
(77)-14-27479,(75)-11-03693,08/14/1983,20:15:20,830
(20)-10-74641,(21)-08-52199,08/15/1983,03:51:10,136
(53)-19-32242,(41)-17-33874,08/17/1983,16:18:30,693
(20)-23-86811,(61)-17-95102,08/19/1983,13:59:21,42
(44)-23-53764,(76)-04-99769,08/20/1983,03:16:05,104
(42)-10-31535,(78)-13-35895,08/21/1983,06:26:18,1911
(53)-14-25589,(35)-03-81865,08/21/1983,07:22:25,1763
(43)-06-46383,(23)-13-91541,08/21/1983,15:41:41,160
(29)-17-28394,(58)-02-29926,08/21/1983,22:00:36,228
(74)-03-14417,(23)-04-59471,08/24/1983,10:44:37,147
(69)-14-71051,(30)-13-18002,08/25/1983,02:53:14,283
(72)-11-81754,(67)-14-31121,08/25/1983,22:30:59,2496
(38)-12-64835,(48)-06-67797,08/26/1983,10:40:58,722
(41)-09-28373,(59)-18-26940,08/27/1983,10:30:35,182
(66)-07-24916,(78)-09-58474,08/28/1983,15:54:39,119
(78)-03-39742,(79)-09-55417,08/29/1983,06:08:25,2436
(36)-16-72088,(53)-18-47004,08/31/1983,10:22:34,255
(52)-03-10381,(58)-19-60576,09/02/1983,05:47:11,65
(72)-15-79462,(35)-03-70890,09/02/1983,22:44:39,74
(45)-09-20627,(43)-14-04738,09/03/1983,00:22:30,875
(30)-27-81771,(57)-03-36106,09/03/1983,05:06:44,136
(40)-12-31226,(79)-02-02439,09/05/1983,12:47:18,341
(76)-03-84538,(45)-18-37315,09/05/1983,21:35:29,208
(26)-09-46987,(66)-01-06388,09/07/1983,15:17:24,152
(25)-31-37229,(65)-17-36072,09/09/1983,03:41:47,298
(73)-13-14643,(32)-03-66700,09/10/1983,13:14:49,724
(67)-10-67469,(65)-14-33948,09/10/1983,14:16:48,210
(75)-08-10091,(72)-10-80496,09/10/1983,21:35:48,69
(38)-21-27734,(39)-10-90094,09/10/1983,22:36:49,2336
(44)-16-15541,(26)-22-23207,09/11/1983,15:53:31,126
(57)-15-05510,(73)-11-56913,09/12/1983,22:22:49,149
(66)-06-36127,(20)-25-43775,09/13/1983,01:53:56,750
(66)-14-05299,(31)-26-42981,09/13/1983,03:13:41,559
(53)-17-96504,(37)-16-93896,09/13/1983,03:40:59,486
(66)-05-32860,(36)-14-45920,09/13/1983,22:55:44,112
(30)-25-08385,(63)-11-47901,09/15/1983,05:28:47,81
(22)-01-45672,(75)-06-90532,09/15/1983,14:44:47,164
(59)-04-00128,(23)-21-77090,09/15/1983,15:07:08,664
(53)-05-01604,(29)-23-99940,09/16/1983,04:50:25,29
(20)-28-43883,(38)-27-16242,09/16/1983,22:01:55,2110
(66)-08-54514,(45)-18-70236,09/19/1983,02:11:50,674
(32)-10-15438,(58)-06-70266,09/19/1983,04:09:51,409
(44)-14-64086,(41)-05-62118,09/19/1983,21:49:25,245
(76)-04-73344,(76)-00-40819,09/19/1983,22:08:33,235
(57)-20-70280,(32)-08-89007,09/20/1983,08:27:33,509
(40)-21-54103,(24)-15-60954,09/21/1983,01:29:33,2591
(49)-22-87759,(25)-20-33820,09/23/1983,09:49:36,2892
(53)-19-04845,(64)-09-57884,09/24/1983,14:06:04,2302
(30)-01-11884,(57)-06-86088,09/24/1983,22:53:05,254
(30)-24-03695,(23)-24-96401,09/26/1983,02:19:26,2469
(35)-23-35210,(30)-25-43289,09/26/1983,03:25:29,158
(23)-21-78875,(79)-03-10185,09/26/1983,03:37:37,144
(52)-17-03354,(24)-15-54111,09/27/1983,01:08:19,3580
(56)-01-19673,(78)-03-16582,09/27/1983,09:57:19,1453
(37)-15-65565,(32)-21-99714,09/27/1983,14:43:55,1093
(56)-07-89178,(36)-25-89088,09/29/1983,03:37:05,695
(62)-13-04285,(42)-10-49657,09/29/1983,08:22:59,194
(59)-02-25749,(40)-16-44071,09/29/1983,21:46:52,56
(64)-06-00290,(44)-04-62888,09/30/1983,06:44:35,1739
(24)-24-92386,(44)-07-36568,10/01/1983,03:46:03,2874
(52)-03-04505,(34)-20-86524,10/01/1983,11:05:53,291
(29)-09-00697,(53)-07-99048,10/01/1983,20:08:13,3300
(70)-07-79524,(38)-25-02894,10/03/1983,00:51:54,181
(26)-19-46906,(33)-00-32129,10/03/1983,04:13:48,452
(76)-10-04409,(52)-02-85715,10/04/1983,00:19:53,13
(40)-04-76432,(61)-15-29183,10/05/1983,08:21:39,27
(65)-11-42074,(28)-15-43302,10/05/1983,23:50:57,663
(60)-12-67416,(57)-04-62274,10/06/1983,09:50:13,289
(64)-15-84381,(48)-16-28175,10/06/1983,13:14:27,606
(73)-05-12962,(37)-06-79812,10/07/1983,08:12:42,149
(33)-14-30047,(50)-03-93678,10/07/1983,18:01:09,165
(69)-01-97304,(25)-05-16681,10/07/1983,21:12:25,221
(30)-17-98864,(74)-09-08185,10/10/1983,02:25:32,218
(36)-05-70919,(53)-16-62181,10/10/1983,11:21:44,58
(72)-01-52390,(31)-00-57190,10/10/1983,16:15:44,45
(41)-11-87998,(31)-02-57483,10/11/1983,04:50:40,151
(29)-25-54336,(70)-08-95059,10/11/1983,12:45:34,466
(62)-12-36734,(30)-04-42951,10/11/1983,16:26:40,464
(59)-11-61123,(21)-22-57006,10/13/1983,10:34:29,72
(59)-19-77791,(32)-13-17855,10/14/1983,06:43:00,315
(29)-19-96660,(41)-18-45622,10/15/1983,06:55:00,771
(76)-01-91111,(37)-23-43957,10/15/1983,13:31:28,6846
(49)-14-56944,(76)-03-76919,10/15/1983,14:09:30,654
(21)-06-50480,(79)-11-96722,10/15/1983,15:44:37,116
(44)-02-05565,(38)-04-78354,10/15/1983,22:18:10,123
(70)-04-16328,(64)-03-40249,10/17/1983,01:10:03,797
(20)-20-98039,(44)-05-25847,10/17/1983,09:06:16,1151
(37)-17-64087,(56)-08-57843,10/19/1983,22:06:06,20
(56)-10-86213,(55)-04-06892,10/20/1983,00:43:14,5287
(30)-29-02014,(32)-00-00643,10/20/1983,18:57:58,866
(62)-14-64698,(56)-07-53914,10/21/1983,21:41:10,577
(55)-02-10231,(51)-04-00444,10/23/1983,11:03:43,2615
(24)-12-10893,(68)-04-94852,10/23/1983,15:38:28,99
(67)-06-56732,(39)-20-53913,10/24/1983,16:58:05,740
(32)-02-90914,(24)-28-26855,10/25/1983,21:13:34,3312
(66)-01-11571,(36)-24-70431,10/26/1983,14:08:12,60
(37)-06-50685,(56)-11-78522,10/27/1983,18:05:09,837
(70)-11-68548,(69)-11-85240,10/27/1983,23:07:30,107
(58)-05-64665,(36)-01-63678,10/29/1983,00:56:00,2360
(46)-06-03305,(79)-06-67373,10/29/1983,01:56:44,619
(75)-03-20237,(43)-23-43987,10/29/1983,19:51:26,252
(72)-13-41820,(63)-01-24380,10/30/1983,03:06:28,426
(68)-16-11118,(56)-19-38082,10/30/1983,11:49:10,2545
(22)-22-30925,(65)-07-61625,10/30/1983,21:24:22,209
(21)-24-30015,(20)-22-87520,10/31/1983,00:08:36,98
(27)-15-55031,(20)-01-82166,10/31/1983,10:25:11,1448
(37)-06-17162,(75)-12-64524,10/31/1983,18:02:27,236
(76)-00-66014,(41)-17-33874,11/03/1983,11:09:54,64
(44)-08-43552,(47)-03-64792,11/03/1983,15:25:27,863
(51)-00-25741,(31)-17-56125,11/05/1983,00:16:09,191
(46)-14-21704,(45)-01-83988,11/07/1983,05:14:43,294
(47)-19-21831,(61)-02-34643,11/07/1983,15:46:07,192
(41)-13-51276,(59)-12-58014,11/07/1983,21:36:59,940
(57)-09-86727,(64)-14-67284,11/08/1983,00:17:03,705
(36)-14-30381,(62)-18-81002,11/09/1983,00:40:20,328
(59)-06-14565,(75)-04-57046,11/09/1983,22:29:26,250
(50)-09-07566,(63)-16-76152,11/10/1983,02:50:42,35
(76)-00-44297,(78)-08-24405,11/10/1983,02:52:40,218
(72)-04-75928,(24)-17-12305,11/10/1983,18:49:47,877
(78)-12-36067,(45)-08-27155,11/12/1983,15:36:32,838
(26)-04-47129,(73)-06-19518,11/12/1983,23:14:46,3272
(41)-20-07332,(73)-05-96527,11/13/1983,10:42:39,1184
(36)-25-06905,(52)-22-00351,11/14/1983,16:45:25,335
(41)-19-94073,(28)-01-73573,11/14/1983,18:55:49,152
(33)-25-66615,(30)-03-20537,11/14/1983,22:36:00,156
(39)-04-09272,(72)-15-81052,11/14/1983,22:39:43,195
(73)-04-05370,(31)-28-35281,11/15/1983,10:10:57,825
(53)-15-42411,(37)-14-84591,11/15/1983,23:19:39,608
(38)-04-45458,(47)-20-16741,11/17/1983,15:06:00,85
(37)-13-52557,(38)-07-65617,11/18/1983,09:57:21,225
(73)-12-33892,(26)-23-99656,11/20/1983,02:37:00,17
(39)-03-44428,(53)-04-71835,11/20/1983,12:46:00,273
(32)-01-60652,(62)-18-24714,11/20/1983,22:02:48,91
(37)-04-52566,(58)-17-08480,11/21/1983,07:23:39,3456
(67)-07-31014,(31)-01-83925,11/21/1983,18:51:26,254
(59)-20-58601,(51)-11-91923,11/24/1983,19:57:05,155
(68)-01-65441,(46)-01-64383,11/24/1983,21:39:54,221
(21)-23-43120,(78)-09-41202,11/25/1983,13:28:19,279
(44)-18-95802,(60)-02-72438,11/25/1983,16:54:24,149
(47)-20-24115,(73)-00-56792,11/26/1983,03:58:25,243
(34)-09-65044,(59)-19-65044,11/30/1983,09:43:10,161
(73)-07-56997,(74)-15-23713,11/30/1983,22:14:10,318
(59)-11-06374,(70)-06-56775,12/02/1983,04:21:16,40
(39)-16-96892,(23)-24-72910,12/02/1983,07:42:40,2995
(67)-15-34305,(20)-29-74693,12/03/1983,01:19:33,5717
(23)-01-50055,(53)-12-29325,12/04/1983,06:16:07,2744
(69)-07-20068,(58)-08-49905,12/05/1983,05:19:58,43
(53)-14-55880,(62)-16-09187,12/05/1983,08:15:22,235
(59)-10-97853,(21)-26-31777,12/07/1983,01:55:10,586
(38)-03-99201,(75)-04-30442,12/07/1983,02:31:16,623
(30)-25-22499,(34)-16-43741,12/07/1983,02:38:41,624
(52)-21-13877,(78)-08-19752,12/09/1983,13:50:11,149
(75)-13-11214,(27)-04-92140,12/10/1983,10:01:16,6800
(55)-07-48211,(67)-15-19343,12/12/1983,09:01:38,692
(25)-10-35982,(30)-06-68063,12/13/1983,03:57:49,279
(68)-07-29192,(79)-00-46661,12/14/1983,22:05:10,898
(44)-16-40216,(24)-08-28622,12/15/1983,00:57:55,1506
(56)-00-85384,(43)-21-75007,12/15/1983,15:29:01,852
(30)-21-21712,(75)-01-87009,12/16/1983,02:07:58,505
(79)-09-13003,(65)-04-48428,12/17/1983,14:28:10,141
(27)-23-01997,(72)-13-10562,12/17/1983,15:45:00,539
(20)-15-31046,(53)-15-57420,12/18/1983,22:31:46,885
(76)-07-09071,(66)-16-35441,12/18/1983,22:48:23,478
(73)-05-91427,(67)-08-72397,12/19/1983,07:44:35,64
(32)-19-87334,(42)-22-51782,12/20/1983,11:13:04,17
(56)-21-13527,(30)-12-92804,12/20/1983,18:18:32,273
(28)-12-75201,(67)-00-17210,12/20/1983,20:54:58,264
(48)-18-65688,(59)-19-06912,12/22/1983,14:34:18,286
(31)-16-08904,(41)-24-69488,12/22/1983,19:42:21,459
(67)-12-96259,(64)-18-63371,12/23/1983,16:04:50,61
(32)-07-95163,(73)-04-73997,12/24/1983,09:59:44,382
(52)-05-74435,(59)-11-22489,12/24/1983,14:50:04,329
(39)-26-88530,(48)-11-78061,12/26/1983,00:32:07,2723
(45)-17-70743,(50)-12-36058,12/27/1983,10:36:57,458
(29)-23-37490,(47)-03-55866,12/27/1983,21:40:39,644
(55)-07-92847,(41)-01-88283,12/29/1983,15:05:44,45
(25)-26-92257,(79)-12-31858,12/29/1983,17:44:03,102
(20)-24-33930,(45)-10-29608,12/30/1983,13:55:25,113
(71)-16-71685,(27)-25-30167,12/31/1983,00:59:02,2197
(33)-03-04537,(71)-00-46905,01/03/1984,21:20:25,676
(30)-27-13286,(33)-10-86709,01/04/1984,03:47:38,289
(61)-09-23668,(23)-27-05297,01/04/1984,05:15:56,678
(46)-03-58486,(49)-16-51928,01/04/1984,14:56:56,6945
(72)-02-32071,(20)-02-44391,01/04/1984,15:46:20,13
(63)-16-99711,(42)-11-05347,01/05/1984,01:55:10,297
(21)-00-21353,(35)-27-63415,01/05/1984,03:38:16,1275
(51)-06-43576,(62)-10-04441,01/05/1984,10:56:15,188
(62)-18-65950,(27)-00-16417,01/07/1984,03:03:57,253
(70)-03-48077,(47)-19-56574,01/08/1984,05:58:15,255
(64)-04-07730,(26)-30-04493,01/08/1984,11:33:12,264
(72)-09-03539,(53)-06-21742,01/09/1984,02:03:23,65
(69)-01-84325,(56)-14-31771,01/09/1984,10:21:04,83
(54)-17-20125,(32)-06-65336,01/09/1984,15:11:48,500
(28)-05-96550,(45)-23-73155,01/09/1984,21:51:13,683
(74)-12-16652,(72)-05-39045,01/10/1984,02:57:50,1588
(40)-11-80630,(27)-16-63268,01/10/1984,14:10:18,15
(79)-00-20359,(77)-09-96986,01/10/1984,20:15:47,70
(32)-10-40568,(61)-14-70350,01/10/1984,21:30:19,1211
(30)-14-54268,(64)-02-40062,01/12/1984,10:49:29,815
(26)-08-13242,(78)-01-65625,01/13/1984,06:32:38,373
(30)-24-82695,(40)-22-94539,01/15/1984,23:23:51,132
(65)-07-48182,(46)-23-58425,01/16/1984,14:54:35,219
(65)-17-92444,(26)-14-17905,01/18/1984,02:00:17,468
(41)-14-87493,(31)-10-72197,01/19/1984,21:26:39,268
(53)-01-99907,(70)-08-84381,01/20/1984,00:02:25,3094
(55)-04-28782,(20)-33-06563,01/20/1984,01:09:27,2476
(50)-01-40480,(70)-10-61565,01/20/1984,15:23:40,283
(35)-13-91759,(27)-14-57758,01/20/1984,15:38:16,5914
(64)-03-00908,(47)-14-55731,01/21/1984,06:49:24,1160
(74)-12-04482,(48)-07-19949,01/21/1984,08:46:27,138
(38)-20-84100,(30)-02-04877,01/21/1984,12:29:45,785
(79)-11-97718,(35)-10-47867,01/22/1984,00:09:41,2489
(53)-16-36410,(30)-11-20568,01/22/1984,03:17:18,379
(62)-14-13386,(47)-18-89933,01/22/1984,03:29:54,550
(37)-17-40986,(72)-08-85592,01/23/1984,09:18:12,1730
(28)-19-49354,(51)-13-38149,01/24/1984,15:33:44,26
(32)-19-95207,(79)-08-96339,01/25/1984,09:50:12,761
(66)-10-14658,(50)-23-02997,01/26/1984,15:46:10,111
(78)-11-67025,(23)-27-72210,01/27/1984,11:19:05,259
(74)-05-76381,(32)-22-91509,01/27/1984,22:34:29,3257
(36)-03-79189,(71)-04-71450,01/28/1984,03:00:56,6856
(78)-12-46438,(31)-23-82451,01/28/1984,22:17:14,41
(73)-01-60902,(62)-16-77380,01/29/1984,11:57:55,1696
(57)-20-62001,(31)-25-31444,01/30/1984,19:23:02,420
(37)-24-77192,(65)-00-96992,01/31/1984,01:52:23,128
(73)-07-99463,(46)-07-64422,02/01/1984,05:11:27,281
(73)-01-01144,(70)-13-08940,02/01/1984,19:04:05,209
(78)-09-56085,(48)-17-66722,02/03/1984,16:07:14,215
(21)-13-05483,(46)-18-63568,02/03/1984,21:52:30,5499
(68)-03-63706,(67)-00-08899,02/05/1984,00:04:37,194
(41)-19-55996,(50)-18-83131,02/05/1984,22:31:23,515
(49)-20-29109,(71)-03-94007,02/06/1984,10:30:23,2137
(78)-08-65503,(37)-01-14541,02/08/1984,13:37:40,438
(53)-06-76042,(29)-00-25605,02/08/1984,15:01:05,123
(50)-13-21467,(66)-02-98540,02/09/1984,19:28:02,887
(41)-18-43266,(68)-00-90925,02/10/1984,18:14:00,401
(52)-03-94725,(73)-11-35124,02/11/1984,22:17:05,476
(65)-10-76095,(28)-11-09780,02/12/1984,14:46:00,209
(68)-10-90272,(36)-10-22006,02/12/1984,20:59:12,2031
(47)-08-17646,(67)-06-33104,02/13/1984,13:44:05,77
(25)-14-01346,(61)-16-74231,02/14/1984,06:43:12,293
(36)-07-94128,(23)-32-79116,02/14/1984,14:22:31,188
(37)-11-65116,(48)-08-66869,02/14/1984,22:52:12,252
(51)-11-16348,(56)-13-68465,02/17/1984,07:30:10,608
(65)-11-64786,(32)-12-84453,02/17/1984,19:37:47,113
(61)-01-71254,(36)-23-47528,02/18/1984,03:34:15,112
(29)-25-36439,(44)-11-68049,02/20/1984,23:52:56,659
(51)-07-02773,(46)-07-98167,02/22/1984,01:40:43,457
(49)-15-12346,(38)-20-83470,02/22/1984,02:53:14,751
(69)-07-00774,(47)-16-16710,02/22/1984,17:43:07,217
(38)-26-98269,(25)-07-70344,02/23/1984,11:25:43,266
(67)-08-19846,(69)-04-31475,02/23/1984,14:34:05,86
(30)-24-73810,(33)-22-32582,02/24/1984,08:43:32,259
(32)-02-50258,(42)-07-75096,02/24/1984,12:45:18,1058
(48)-09-49702,(56)-13-84265,02/24/1984,20:39:54,226
(31)-26-89038,(56)-10-37556,02/25/1984,00:19:49,500
(53)-18-33178,(26)-28-77345,02/25/1984,05:39:10,843
(54)-12-74048,(20)-06-84973,02/26/1984,13:54:27,385
(66)-05-07765,(21)-21-68390,02/27/1984,07:49:50,189
(44)-13-53017,(67)-02-53343,02/27/1984,15:18:01,278
(70)-03-82635,(39)-14-66309,02/28/1984,08:31:57,135
(74)-13-66806,(63)-04-38220,02/28/1984,12:50:24,47
(57)-02-94293,(27)-14-97546,03/03/1984,23:48:51,188
(32)-01-81007,(59)-11-85324,03/04/1984,18:43:47,186
(25)-21-54337,(49)-18-97515,03/05/1984,12:30:46,12
(45)-05-97209,(27)-04-44191,03/05/1984,20:18:24,1403
(75)-10-50162,(20)-15-56981,03/07/1984,04:07:21,628
(30)-02-57193,(74)-09-16897,03/08/1984,05:26:42,6424
(61)-08-94084,(73)-15-47608,03/08/1984,09:25:59,314
(39)-22-26122,(57)-04-19138,03/08/1984,11:00:09,62
(79)-06-16615,(48)-15-92332,03/08/1984,23:40:12,187
(21)-04-24015,(64)-16-21208,03/09/1984,09:07:14,230
(68)-06-74134,(40)-22-59568,03/09/1984,12:16:16,100
(20)-30-04492,(57)-20-75194,03/09/1984,23:46:55,2969
(23)-10-41633,(68)-05-71948,03/10/1984,01:09:24,549
(53)-05-82748,(45)-23-78989,03/10/1984,06:04:04,99
(77)-00-73866,(51)-05-94534,03/10/1984,10:52:22,2995
(50)-08-08503,(46)-14-90374,03/10/1984,15:09:41,282
(26)-02-99470,(29)-26-47985,03/11/1984,16:29:38,715
(37)-27-68552,(40)-06-79576,03/12/1984,03:59:11,1958
(50)-23-77721,(71)-06-35431,03/15/1984,01:27:33,557
(38)-12-36471,(47)-22-33151,03/18/1984,14:41:00,252
(55)-17-80628,(46)-05-69172,03/22/1984,06:48:47,1488
(41)-10-79867,(24)-09-79646,03/23/1984,06:06:34,146
(50)-00-94801,(49)-12-21032,03/24/1984,01:40:21,422
(24)-17-80398,(67)-03-04819,03/25/1984,17:24:50,383
(66)-16-32440,(78)-02-26272,03/25/1984,21:50:24,665
(24)-16-85740,(50)-23-80487,03/26/1984,03:55:36,793
(72)-14-77723,(37)-17-04159,03/26/1984,06:36:43,247
(75)-02-07350,(40)-10-79285,03/26/1984,11:39:03,73
(65)-04-46976,(29)-12-93972,03/26/1984,18:10:39,2041
(23)-19-94841,(57)-16-30823,03/27/1984,04:44:58,837
(61)-12-70954,(29)-07-61802,03/28/1984,00:12:29,8
(21)-24-36219,(23)-19-65951,03/28/1984,06:13:47,293
(73)-14-38510,(45)-20-04363,03/31/1984,04:36:58,499
(45)-19-37844,(34)-06-07884,04/03/1984,02:54:23,381
(62)-00-81555,(22)-13-48565,04/04/1984,23:48:12,197
(72)-12-31471,(33)-04-81226,04/05/1984,17:08:53,207
(58)-09-32850,(24)-27-05830,04/06/1984,16:33:13,398
(52)-21-86944,(35)-15-81312,04/06/1984,16:45:16,2974
(47)-04-13917,(38)-22-80288,04/07/1984,07:28:37,284
(33)-22-03746,(24)-19-64543,04/08/1984,23:06:07,225
(49)-06-53577,(74)-01-94292,04/09/1984,01:04:04,2672
(27)-26-22508,(38)-23-12595,04/10/1984,12:48:19,73
(61)-03-98797,(53)-22-44485,04/13/1984,05:59:46,2497
(41)-19-85578,(39)-11-49862,04/13/1984,16:15:21,414
(26)-29-44516,(20)-10-96961,04/14/1984,17:00:41,100
(30)-14-01694,(43)-17-71809,04/15/1984,10:47:46,479
(50)-09-72152,(23)-29-97156,04/15/1984,20:31:34,2537
(49)-09-51805,(24)-27-51501,04/16/1984,00:42:22,97
(69)-15-78310,(44)-10-44545,04/16/1984,16:37:39,615
(55)-05-83773,(25)-03-41883,04/17/1984,16:57:28,207
(54)-18-90005,(25)-06-69887,04/18/1984,02:24:08,100
(42)-03-19108,(58)-17-46985,04/19/1984,06:24:13,321
(71)-15-55869,(46)-23-11794,04/20/1984,11:03:13,7
(70)-08-40456,(38)-16-70449,04/21/1984,20:10:20,196
(46)-03-61942,(42)-25-00860,04/22/1984,03:54:25,27
(73)-06-81733,(41)-19-52860,04/22/1984,05:55:48,667
(54)-12-34139,(24)-28-06826,04/22/1984,23:04:49,37
(29)-22-40407,(44)-08-96948,04/23/1984,17:43:53,344
(71)-12-53210,(52)-04-29186,04/24/1984,06:57:26,302
(73)-00-23855,(26)-22-66878,04/25/1984,09:29:17,445
(65)-06-09581,(48)-12-23097,04/25/1984,11:36:35,51
(27)-29-78411,(51)-12-47691,04/26/1984,11:41:49,268
(25)-16-80514,(55)-02-83764,04/26/1984,20:52:19,815
(22)-12-34448,(64)-12-05995,04/27/1984,00:43:09,3528
(67)-02-01396,(73)-11-91281,04/27/1984,07:30:58,994
(38)-08-08368,(54)-05-95913,04/27/1984,12:25:11,772
(49)-18-75274,(53)-02-10165,04/27/1984,14:52:15,98
(41)-04-48502,(26)-01-81708,04/28/1984,08:40:11,318
(36)-15-88381,(43)-18-45844,04/28/1984,16:36:21,352
(20)-24-24622,(54)-15-57486,04/29/1984,12:02:26,685
(68)-16-72751,(28)-19-03897,04/30/1984,03:53:54,3132
(55)-16-72379,(46)-15-04623,05/01/1984,03:50:43,31
(50)-22-78862,(46)-03-51051,05/01/1984,11:23:59,754
(70)-15-48430,(43)-09-94135,05/01/1984,12:55:06,183
(46)-07-43032,(38)-22-82450,05/01/1984,16:48:47,439
(77)-00-22656,(46)-12-80050,05/02/1984,15:32:47,1513
(65)-13-19240,(28)-11-86774,05/03/1984,07:53:08,40
(73)-04-11885,(63)-07-75072,05/03/1984,20:16:07,260
(43)-23-95634,(29)-24-31455,05/04/1984,08:45:36,140
(74)-04-48541,(77)-00-09693,05/05/1984,01:20:25,121
(64)-18-51604,(79)-11-80052,05/06/1984,06:58:34,1773
(36)-26-57553,(47)-14-61010,05/08/1984,10:07:21,59
(54)-05-17013,(48)-23-45236,05/08/1984,11:06:07,1281
(51)-18-40408,(25)-05-03249,05/08/1984,16:01:04,140
(33)-03-30811,(68)-09-38409,05/08/1984,18:57:55,2337
(23)-22-98962,(34)-15-16541,05/11/1984,00:18:26,56
(68)-13-95220,(66)-00-33597,05/11/1984,19:36:57,1799
(48)-22-51612,(27)-17-52015,05/12/1984,00:31:16,209
(34)-27-42890,(32)-02-40939,05/14/1984,05:15:45,1152
(51)-09-96104,(27)-16-61329,05/15/1984,07:46:18,145
(63)-00-94668,(37)-18-05055,05/15/1984,11:11:57,110
(58)-07-86130,(57)-07-49349,05/16/1984,11:20:22,2130
(50)-09-07536,(40)-18-73416,05/17/1984,00:23:37,179
(69)-04-48761,(28)-16-96088,05/17/1984,02:10:28,255
(60)-01-60162,(58)-13-24783,05/17/1984,10:51:56,181
(21)-29-15053,(26)-17-81048,05/19/1984,07:29:54,298
(68)-11-79768,(71)-00-02523,05/20/1984,17:51:16,750
(20)-28-25738,(65)-16-43253,05/21/1984,17:11:28,938
(77)-01-91086,(32)-04-87550,05/23/1984,07:12:03,147
(35)-20-31403,(41)-11-40341,05/23/1984,18:26:25,3433
(72)-07-66373,(29)-15-27021,05/23/1984,20:11:01,96
(37)-10-08009,(73)-11-86267,05/24/1984,11:27:30,191
(31)-01-83925,(22)-18-22549,05/24/1984,13:26:21,150
(50)-09-70142,(46)-00-27665,05/25/1984,15:11:54,46
(29)-18-90102,(69)-01-19529,05/26/1984,04:08:42,153
(58)-08-79934,(59)-11-54748,05/28/1984,23:58:48,337
(46)-08-20194,(60)-15-77674,05/30/1984,11:42:00,1082
(79)-02-70391,(34)-11-52809,05/31/1984,09:05:53,17
(78)-03-51722,(50)-09-07536,05/31/1984,13:30:54,146
(40)-05-30558,(49)-12-92737,06/01/1984,00:38:38,1800
(30)-17-23451,(41)-08-03746,06/01/1984,10:12:25,883
(25)-28-46738,(21)-22-62546,06/01/1984,10:19:34,1283
(20)-01-65416,(74)-01-48109,06/01/1984,12:47:46,56
(23)-24-58957,(24)-00-57472,06/01/1984,21:34:05,696
(26)-28-18173,(42)-21-95855,06/02/1984,02:55:59,497
(30)-28-97164,(52)-18-67511,06/02/1984,13:18:28,603
(71)-16-91012,(36)-25-84671,06/04/1984,05:11:59,728
(69)-16-88271,(78)-12-34362,06/04/1984,21:07:48,724
(78)-09-36375,(32)-21-95850,06/07/1984,07:19:02,188
(72)-07-59016,(43)-17-77417,06/07/1984,18:44:57,267
(29)-11-56944,(35)-07-07474,06/07/1984,22:06:12,494
(64)-04-17476,(61)-19-54259,06/09/1984,21:49:23,276
(71)-05-45994,(25)-12-79082,06/10/1984,01:42:57,244
(30)-14-74281,(27)-04-59847,06/10/1984,03:46:22,46
(22)-16-71506,(53)-04-26800,06/10/1984,06:29:05,218
(34)-07-87759,(31)-17-01884,06/11/1984,16:39:09,172
(61)-15-67885,(62)-15-34656,06/11/1984,22:46:46,25
(33)-04-58635,(61)-16-44777,06/12/1984,20:49:22,6
(54)-13-64692,(50)-15-96523,06/12/1984,21:59:50,267
(50)-11-46215,(22)-24-54130,06/16/1984,00:25:31,599
(56)-09-88501,(57)-15-28126,06/16/1984,02:12:56,768
(20)-15-48980,(22)-06-32495,06/16/1984,09:57:59,574
(20)-14-64018,(57)-17-62395,06/16/1984,13:47:08,975
(32)-28-41009,(41)-15-78734,06/16/1984,15:15:40,176
(26)-28-39845,(79)-09-83491,06/16/1984,16:04:00,146
(44)-14-00619,(61)-09-37366,06/19/1984,06:35:01,49
(76)-02-08896,(49)-10-58206,06/19/1984,16:50:48,201
(41)-12-53299,(63)-15-38897,06/20/1984,10:33:46,163
(75)-04-36886,(58)-15-11911,06/20/1984,23:53:53,784
(68)-05-90779,(24)-05-72770,06/21/1984,00:31:13,589
(24)-12-99702,(50)-03-23559,06/21/1984,22:45:56,215
(72)-07-71501,(44)-10-39099,06/22/1984,13:53:02,2096
(60)-17-99622,(21)-27-12348,06/22/1984,15:49:24,792
(33)-00-32129,(36)-19-64774,06/23/1984,04:23:18,872
(69)-16-61342,(52)-17-02353,06/24/1984,01:52:32,379
(25)-31-01157,(33)-08-39983,06/25/1984,00:00:26,2633
(67)-04-70948,(53)-13-37566,06/26/1984,07:03:05,189
(40)-21-31805,(58)-08-16930,06/26/1984,15:57:26,779
(33)-25-01551,(26)-04-43696,06/27/1984,02:21:41,188
(29)-20-33564,(73)-01-49789,06/28/1984,16:35:34,538
(23)-31-52790,(53)-07-05875,06/29/1984,21:21:54,14
(26)-11-20449,(68)-17-50519,07/01/1984,08:14:20,1466
(50)-12-49238,(28)-00-34396,07/02/1984,08:05:50,366
(70)-11-15721,(64)-12-62196,07/02/1984,11:11:46,273
(28)-19-54661,(32)-08-92790,07/02/1984,14:19:36,8
(32)-27-77315,(53)-22-34382,07/03/1984,09:42:47,279
(68)-15-47166,(71)-06-66576,07/03/1984,13:29:20,252
(48)-10-20197,(24)-23-78961,07/04/1984,10:10:18,58
(78)-11-95732,(38)-11-87365,07/08/1984,01:22:57,3063
(43)-03-20238,(43)-06-07541,07/08/1984,11:30:28,82
(47)-04-05192,(79)-10-64623,07/10/1984,09:28:06,400
(44)-03-14523,(29)-26-87605,07/12/1984,10:20:00,39
(79)-11-12380,(59)-13-26798,07/13/1984,03:24:33,2218
(53)-07-39465,(66)-10-54773,07/13/1984,03:56:10,78
(34)-09-77871,(77)-06-57258,07/13/1984,06:13:20,682
(51)-06-69151,(78)-02-85423,07/13/1984,09:10:34,101
(74)-00-13468,(70)-10-23444,07/15/1984,21:39:22,181
(77)-03-27866,(61)-08-66332,07/16/1984,00:43:10,162
(33)-18-15831,(50)-16-16248,07/16/1984,14:18:29,62
(36)-24-19485,(59)-02-81251,07/17/1984,03:07:05,354
(42)-01-88900,(57)-03-11071,07/17/1984,14:01:28,826
(57)-18-52682,(69)-08-48371,07/17/1984,18:44:03,802
(23)-16-12708,(64)-16-11395,07/18/1984,21:10:30,1716
(46)-19-57223,(32)-22-69558,07/19/1984,04:40:45,284
(73)-00-03451,(49)-01-88119,07/20/1984,04:32:46,268
(36)-12-48067,(21)-16-68708,07/20/1984,23:46:58,138
(36)-05-63206,(73)-08-57248,07/22/1984,07:49:37,52
(59)-11-01072,(44)-07-47679,07/23/1984,18:12:47,47
(69)-13-90142,(50)-01-91240,07/25/1984,04:33:14,716
(76)-08-92739,(25)-21-77971,07/25/1984,20:30:46,228
(72)-09-79433,(57)-20-03164,07/25/1984,21:13:03,406
(57)-14-31032,(28)-28-67527,07/26/1984,02:04:35,488
(47)-15-94179,(65)-11-28198,07/26/1984,20:25:45,166
(63)-00-55116,(59)-05-50480,07/27/1984,07:57:45,282
(51)-06-37203,(66)-10-36981,07/28/1984,16:33:37,113
(59)-05-21469,(61)-12-64268,07/30/1984,01:46:03,638
(24)-16-63332,(64)-01-79582,07/30/1984,02:23:50,73
(45)-15-34005,(31)-11-91627,07/30/1984,04:18:13,361
(43)-02-79682,(77)-14-72569,07/30/1984,22:42:28,158
(63)-07-59437,(33)-01-14640,07/31/1984,03:55:22,38
(79)-05-97646,(46)-05-42865,08/01/1984,23:36:06,689
(79)-02-34189,(49)-23-52281,08/02/1984,18:17:56,263
(61)-11-17969,(37)-07-71797,08/03/1984,17:37:07,130
(56)-13-56042,(67)-05-42932,08/03/1984,18:21:40,235
(54)-17-54702,(66)-00-41429,08/04/1984,09:47:15,161
(74)-02-62027,(44)-13-93845,08/04/1984,12:54:30,10
(57)-19-86985,(46)-16-94342,08/04/1984,18:03:06,874
(63)-01-47371,(36)-01-79117,08/04/1984,23:49:42,138
(73)-12-71816,(46)-15-85356,08/06/1984,14:24:05,2491
(45)-01-80562,(68)-14-38410,08/06/1984,20:46:46,1891
(23)-29-49562,(31)-26-26110,08/07/1984,09:52:19,127
(39)-23-81035,(22)-29-32551,08/07/1984,17:51:06,143
(26)-23-29046,(47)-19-62218,08/07/1984,20:35:00,6681
(29)-14-68541,(22)-28-38849,08/08/1984,10:24:29,132
(49)-19-95063,(58)-19-69282,08/08/1984,12:27:09,88
(50)-00-87170,(50)-14-60066,08/09/1984,21:42:06,734
(42)-02-09870,(22)-11-08502,08/10/1984,18:17:21,3008
(59)-00-72771,(77)-08-09094,08/11/1984,09:03:45,2144
(39)-15-54530,(35)-05-60833,08/11/1984,18:44:12,715
(79)-09-96443,(26)-23-01970,08/12/1984,03:43:51,528
(41)-09-13534,(51)-22-64695,08/13/1984,10:54:26,113
(70)-09-35095,(25)-17-41567,08/14/1984,09:55:32,47
(27)-23-89985,(49)-07-13824,08/14/1984,12:45:15,854
(55)-15-63602,(21)-12-91546,08/16/1984,21:49:41,244
(71)-04-12740,(68)-00-63751,08/17/1984,00:42:50,1846
(38)-26-58297,(53)-07-05704,08/18/1984,03:10:39,171
(28)-30-43531,(41)-12-09997,08/18/1984,21:29:40,898
(76)-10-97917,(39)-11-82094,08/19/1984,04:45:22,114
(61)-14-48625,(39)-11-46106,08/21/1984,08:12:43,555
(52)-03-85223,(50)-14-62274,08/21/1984,14:17:21,731
(50)-13-12852,(59)-09-24921,08/23/1984,20:17:51,200
(48)-17-89562,(68)-03-85945,08/24/1984,04:32:03,117
(33)-17-65322,(65)-17-26054,08/24/1984,19:28:45,1987
(48)-21-32060,(52)-14-80409,08/25/1984,03:19:25,313
(76)-06-39720,(47)-13-08843,08/25/1984,10:26:24,3259
(58)-13-12142,(64)-14-26572,08/25/1984,13:08:00,508
(25)-22-70922,(44)-15-70902,08/26/1984,09:46:02,2064
(50)-16-35892,(47)-05-37983,08/26/1984,22:18:40,31
(56)-14-31771,(45)-17-65563,08/27/1984,23:55:11,127
(20)-11-84928,(52)-00-76378,08/28/1984,08:44:39,366
(40)-01-67166,(30)-06-46745,08/28/1984,14:12:29,20
(52)-10-61605,(53)-17-65857,08/28/1984,14:55:16,335
(30)-26-71746,(31)-02-30954,08/29/1984,17:05:21,515
(34)-00-72403,(36)-11-77165,08/29/1984,19:50:45,441
(27)-23-75826,(33)-18-80624,08/31/1984,16:28:07,823
(45)-20-13534,(60)-00-08154,09/03/1984,21:18:17,107
(20)-14-77884,(23)-21-30235,09/04/1984,11:31:08,2296
(31)-12-03812,(66)-15-90946,09/06/1984,08:50:16,562
(65)-03-47547,(74)-10-76800,09/06/1984,20:31:22,237
(68)-09-26752,(69)-00-56074,09/06/1984,20:50:36,115
(74)-05-55487,(62)-19-48037,09/08/1984,08:16:43,880
(77)-02-51332,(60)-06-11443,09/09/1984,21:28:08,3033
(55)-13-60900,(35)-04-82806,09/09/1984,21:53:39,250
(50)-10-45970,(71)-08-42024,09/10/1984,16:12:03,352
(28)-22-78379,(44)-14-67155,09/12/1984,04:32:12,187
(29)-04-54166,(79)-04-51139,09/12/1984,14:49:53,8
(42)-21-55118,(45)-04-06876,09/13/1984,09:58:58,578
(79)-03-14859,(60)-18-70940,09/14/1984,13:08:31,49
(71)-09-42804,(38)-06-57797,09/14/1984,14:08:58,11
(79)-07-73876,(73)-13-50637,09/14/1984,19:43:23,138
(21)-26-86160,(30)-00-43911,09/14/1984,20:19:18,99
(52)-11-41776,(67)-13-38645,09/16/1984,16:05:00,515
(49)-01-42260,(45)-05-01620,09/18/1984,21:56:43,886
(78)-12-47774,(52)-12-98251,09/19/1984,05:46:21,91
(25)-00-02513,(27)-17-43310,09/19/1984,20:39:51,274
(28)-25-78712,(68)-13-27247,09/20/1984,23:35:51,222
(57)-16-00927,(31)-26-05236,09/21/1984,04:28:28,1235
(74)-06-60079,(26)-19-66002,09/22/1984,03:58:02,543
(66)-01-21272,(33)-06-85965,09/23/1984,04:40:47,729
(41)-14-37162,(35)-00-21268,09/23/1984,07:21:12,272
(59)-07-85775,(23)-07-13821,09/24/1984,09:39:44,2389
(24)-00-03648,(56)-20-52430,09/25/1984,04:32:28,216
(62)-18-47517,(38)-24-27754,09/25/1984,13:35:57,672
(33)-09-96437,(41)-18-35856,09/26/1984,20:05:16,2885
(67)-01-59901,(77)-09-06918,09/26/1984,22:03:28,655
(52)-21-75428,(22)-25-88839,09/27/1984,17:29:13,339
(68)-13-32728,(33)-08-67354,09/27/1984,21:29:38,2844
(24)-10-65307,(70)-05-66709,09/28/1984,04:59:13,168
(42)-24-64338,(78)-00-89223,09/28/1984,15:07:36,153
(52)-17-43905,(68)-15-93670,09/29/1984,22:12:59,116
(65)-11-22959,(30)-02-77298,10/01/1984,08:36:19,98
(51)-11-30119,(55)-01-71762,10/01/1984,17:48:08,34
(40)-18-05385,(64)-12-27327,10/01/1984,21:11:47,67
(22)-19-14680,(29)-23-23073,10/02/1984,01:03:19,314
(53)-16-35957,(26)-03-44486,10/02/1984,05:11:26,5236
(37)-00-86011,(48)-22-91267,10/02/1984,19:52:34,170
(76)-02-84972,(32)-04-90837,10/03/1984,04:28:40,630
(66)-03-70445,(66)-17-53533,10/04/1984,15:10:50,118
(30)-07-15941,(29)-21-88710,10/05/1984,06:44:55,265
(23)-23-64674,(59)-07-13082,10/05/1984,13:33:11,182
(67)-08-96759,(62)-11-43244,10/06/1984,16:20:07,663
(78)-03-63313,(25)-13-14166,10/07/1984,03:47:36,437
(62)-04-90577,(71)-00-30178,10/07/1984,04:24:24,345
(55)-15-30408,(36)-13-51399,10/07/1984,10:29:18,80
(57)-18-16854,(21)-09-75087,10/08/1984,09:49:14,786
(52)-04-55826,(62)-02-56622,10/09/1984,08:15:55,388
(59)-20-67923,(71)-04-22953,10/10/1984,02:02:34,306
(79)-06-53475,(69)-03-65220,10/10/1984,11:36:21,862
(29)-20-12268,(79)-04-93944,10/10/1984,13:29:57,594
(72)-08-26152,(54)-02-39843,10/10/1984,15:05:52,66
(20)-02-95995,(64)-14-46788,10/12/1984,07:28:29,880
(55)-14-71835,(35)-21-07564,10/12/1984,11:54:33,726
(76)-00-76985,(27)-10-24325,10/12/1984,14:16:48,530
(63)-08-40747,(56)-10-12376,10/13/1984,00:34:56,1158
(54)-10-08825,(35)-17-65489,10/13/1984,00:54:10,290
(48)-14-07003,(39)-16-91855,10/13/1984,16:37:21,71
(21)-29-57250,(77)-12-93070,10/13/1984,22:36:23,910
(79)-01-19091,(53)-06-23487,10/14/1984,08:57:02,709
(74)-05-82236,(21)-18-92369,10/15/1984,03:23:47,100
(39)-03-11175,(76)-01-64145,10/15/1984,13:34:17,83
(34)-02-70033,(43)-23-42526,10/15/1984,20:27:17,372
(50)-01-78025,(25)-31-22566,10/17/1984,16:47:53,667
(63)-04-49827,(70)-04-49276,10/19/1984,04:06:13,62
(28)-02-61977,(46)-23-43988,10/19/1984,10:09:05,835
(20)-27-74442,(42)-17-04506,10/19/1984,20:23:06,2753
(21)-10-19040,(26)-22-16735,10/19/1984,22:26:59,230
(68)-09-16453,(51)-06-82576,10/20/1984,17:44:34,1103
(47)-09-55095,(53)-13-38366,10/23/1984,16:02:34,75
(65)-08-10782,(29)-08-87413,10/24/1984,06:29:07,168
(29)-21-61365,(31)-17-09128,10/25/1984,00:05:00,2318
(79)-10-01621,(44)-09-00013,10/25/1984,07:21:24,573
(22)-24-31228,(62)-17-20473,10/26/1984,23:23:33,799
(45)-07-51717,(54)-04-57686,10/28/1984,15:33:12,743
(50)-03-67378,(50)-13-10461,10/28/1984,23:59:20,101
(46)-13-58005,(40)-04-79091,10/29/1984,00:46:05,197
(26)-11-73588,(48)-07-54834,10/29/1984,02:18:54,3109
(50)-17-96407,(79)-01-35267,10/29/1984,02:21:21,768
(75)-09-70714,(57)-02-62403,10/29/1984,06:34:59,533
(47)-22-42781,(25)-29-30802,10/29/1984,23:54:13,262
(25)-28-34366,(39)-02-40073,10/30/1984,16:59:00,1725
(30)-23-08950,(54)-02-55738,10/30/1984,19:06:03,70
(21)-23-67801,(65)-01-76784,10/31/1984,05:38:57,1463
(38)-01-56556,(30)-02-58791,10/31/1984,07:24:41,490
(57)-07-70319,(60)-09-00600,11/01/1984,05:47:20,585
(25)-30-71365,(32)-23-57037,11/02/1984,21:34:43,266
(43)-07-22749,(40)-08-38704,11/03/1984,00:58:35,39
(64)-15-42186,(71)-02-46458,11/03/1984,03:47:08,378
(45)-02-53462,(76)-02-80073,11/03/1984,12:37:05,875
(78)-02-85423,(44)-21-58105,11/03/1984,13:01:46,857
(31)-12-39312,(33)-22-70324,11/04/1984,06:22:26,100
(21)-08-58458,(64)-07-56332,11/05/1984,05:43:13,111
(69)-09-44118,(27)-03-64056,11/05/1984,06:30:46,2233
(50)-09-34471,(32)-19-93183,11/06/1984,01:23:01,512
(29)-12-45189,(68)-16-70377,11/08/1984,19:12:49,16
(65)-14-31706,(52)-06-83735,11/09/1984,06:39:03,3538
(51)-08-25320,(51)-19-47717,11/09/1984,11:54:05,864
(64)-09-42333,(78)-12-33663,11/11/1984,13:47:35,207
(27)-25-28214,(39)-23-48058,11/11/1984,21:26:09,464
(65)-06-53476,(49)-05-80488,11/12/1984,22:44:18,599
(71)-07-57584,(70)-01-77293,11/13/1984,20:03:55,12
(71)-16-43287,(24)-08-77395,11/13/1984,21:36:11,728
(65)-18-70325,(68)-07-63614,11/14/1984,17:45:25,200
(44)-11-97500,(63)-01-50016,11/15/1984,12:33:12,526
(65)-02-30928,(63)-07-81816,11/16/1984,21:28:37,193
(77)-07-59302,(44)-01-41151,11/17/1984,08:32:42,1303
(62)-09-32401,(24)-15-68844,11/18/1984,16:39:11,3048
(65)-05-02183,(57)-08-88560,11/19/1984,15:20:39,895
(44)-13-85369,(20)-32-33682,11/19/1984,15:48:26,850
(52)-18-90596,(43)-17-09397,11/20/1984,03:38:29,251
(20)-09-60510,(21)-07-39311,11/22/1984,00:36:46,402
(33)-23-32803,(40)-24-31108,11/23/1984,02:19:21,829
(76)-13-21510,(78)-03-91970,11/24/1984,06:20:17,259
(32)-29-22917,(50)-06-82752,11/24/1984,10:54:18,272
(54)-00-52338,(62)-05-54177,11/25/1984,09:16:13,27
(36)-27-18081,(21)-11-87653,11/25/1984,10:54:15,68
(21)-23-73377,(54)-11-13202,11/26/1984,09:55:46,33
(24)-24-68015,(20)-23-27334,11/27/1984,06:59:10,458
(36)-12-44931,(74)-15-79649,11/27/1984,08:30:39,29
(31)-18-67960,(25)-20-60601,11/27/1984,16:57:59,241
(67)-06-23459,(54)-18-77176,12/01/1984,00:29:12,170
(35)-12-95886,(79)-00-15170,12/01/1984,01:44:34,784
(53)-04-35507,(25)-06-06418,12/01/1984,15:57:08,292
(78)-04-72291,(70)-08-94342,12/02/1984,13:32:08,522
(39)-26-81556,(79)-11-99499,12/02/1984,21:59:38,2782
(51)-19-47717,(28)-30-49812,12/03/1984,13:05:55,2489
(54)-17-20996,(63)-03-38387,12/03/1984,20:19:04,254
(62)-03-81728,(73)-13-48735,12/04/1984,22:54:14,212
(73)-10-27573,(44)-14-64086,12/04/1984,23:28:31,86
(57)-10-15454,(59)-17-88734,12/05/1984,18:28:55,85
(35)-12-09959,(28)-20-60495,12/08/1984,17:32:58,794
(78)-02-59744,(49)-04-05089,12/09/1984,10:10:13,589
(44)-12-21122,(78)-00-79915,12/10/1984,01:24:19,1574
(34)-15-82043,(60)-04-67947,12/12/1984,05:10:57,187
(53)-04-54450,(69)-09-75345,12/12/1984,20:10:13,2745
(49)-17-01033,(67)-15-87814,12/17/1984,01:16:55,213
(78)-01-56507,(51)-09-89176,12/17/1984,06:27:13,830
(58)-12-72449,(57)-00-01886,12/17/1984,11:05:59,885
(63)-15-91337,(61)-06-44846,12/17/1984,12:45:59,2268
(57)-03-15589,(79)-12-00503,12/18/1984,21:20:49,83
(32)-25-48863,(44)-06-63479,12/19/1984,15:04:36,595
(62)-10-20969,(75)-06-64452,12/20/1984,09:26:47,846
(46)-01-44339,(35)-05-70308,12/21/1984,05:11:17,2984
(49)-11-74425,(56)-08-64032,12/21/1984,11:39:55,2691
(21)-31-45327,(67)-13-38883,12/22/1984,02:37:34,961
(51)-06-12182,(72)-02-34160,12/22/1984,12:16:57,669
(29)-06-33954,(27)-30-68431,12/23/1984,01:38:12,3400
(44)-22-61225,(44)-00-07887,12/24/1984,12:21:53,1094
(35)-14-79030,(59)-03-80246,12/24/1984,19:41:17,793
(77)-05-58435,(75)-03-36686,12/25/1984,10:32:45,98
(27)-03-68294,(63)-01-36249,12/26/1984,02:05:28,215
(64)-13-49310,(75)-11-39767,12/26/1984,02:46:35,107
(54)-17-54025,(39)-26-58416,12/26/1984,07:23:59,31
(41)-11-51977,(76)-01-86937,12/26/1984,10:28:46,183
(52)-04-64245,(31)-10-36619,12/26/1984,12:28:20,265
(38)-25-90087,(63)-11-72006,12/27/1984,00:25:48,79
(53)-02-17938,(28)-14-51918,12/27/1984,15:37:57,801
(52)-10-88458,(57)-09-04069,12/27/1984,22:35:16,427
(29)-26-28662,(77)-03-79513,12/31/1984,18:25:09,118
(46)-24-33614,(79)-13-73222,01/02/1985,18:04:38,330
(61)-17-64818,(77)-00-45903,01/02/1985,18:40:00,3063
(59)-05-62284,(71)-16-37361,01/02/1985,19:53:46,610
(75)-05-11828,(50)-22-63699,01/03/1985,04:15:56,224
(62)-09-63599,(52)-00-65846,01/03/1985,14:15:46,2906
(69)-01-93704,(57)-18-03711,01/03/1985,16:48:04,684
(49)-00-98003,(29)-30-90869,01/06/1985,19:19:04,636
(33)-05-67060,(49)-17-23683,01/09/1985,16:46:00,325
(70)-05-54362,(65)-11-05008,01/09/1985,17:17:03,170
(65)-06-31849,(45)-23-78483,01/09/1985,23:39:36,2394
(72)-13-45307,(51)-05-34433,01/10/1985,03:34:11,1128
(73)-09-59468,(54)-05-93848,01/10/1985,07:15:02,63
(33)-26-38299,(75)-03-68771,01/10/1985,22:50:19,790
(75)-09-26508,(43)-12-82088,01/11/1985,02:51:59,196
(66)-12-04906,(24)-05-53413,01/11/1985,21:48:48,200
(20)-28-92809,(41)-07-45047,01/12/1985,03:18:20,328
(62)-07-59677,(35)-23-32582,01/12/1985,04:33:57,17
(42)-18-60331,(77)-02-92532,01/14/1985,04:39:56,505
(54)-20-37199,(76)-09-91129,01/14/1985,16:01:46,417
(21)-18-59200,(21)-14-23251,01/15/1985,10:17:39,276
(72)-07-08557,(32)-23-59981,01/15/1985,14:00:09,191
(78)-08-94570,(54)-14-47935,01/15/1985,20:39:55,197
(66)-00-47169,(47)-13-88203,01/16/1985,01:04:59,728
(39)-25-42405,(54)-03-79115,01/16/1985,03:14:31,196
(38)-19-38858,(75)-13-79413,01/16/1985,19:09:51,3518
(37)-18-28004,(65)-05-73578,01/17/1985,23:55:25,815
(64)-08-15829,(45)-00-37923,01/19/1985,21:49:18,597
(53)-02-97176,(42)-13-37004,01/20/1985,16:14:48,702
(43)-04-70927,(27)-08-48801,01/22/1985,13:21:56,698
(42)-24-22471,(72)-10-85086,01/22/1985,15:44:20,628
(58)-10-78936,(49)-13-34577,01/24/1985,09:22:46,149
(70)-13-26495,(50)-00-10873,01/25/1985,00:38:19,75
(39)-02-35908,(77)-12-52434,01/25/1985,03:19:49,2352
(44)-12-88169,(75)-12-57922,01/25/1985,06:04:57,304
(49)-23-88360,(44)-24-58003,01/25/1985,06:35:54,3408
(68)-07-15992,(50)-00-24758,01/27/1985,11:51:55,2778
(55)-05-84780,(71)-12-35920,01/27/1985,14:32:20,111
(32)-21-32643,(41)-19-40466,01/29/1985,05:03:50,2403
(79)-08-84220,(71)-15-70030,01/29/1985,17:09:21,116
(74)-14-73939,(45)-24-40051,01/30/1985,03:18:30,239
(20)-30-50696,(27)-23-65662,02/01/1985,10:32:42,753
(20)-24-24622,(52)-08-50777,02/01/1985,17:50:34,515
(67)-14-94258,(78)-00-74597,02/02/1985,02:35:06,240
(32)-13-60316,(78)-07-50843,02/02/1985,06:48:55,1010
(41)-10-00344,(47)-21-58213,02/02/1985,08:42:20,4743
(22)-20-85028,(67)-07-58996,02/02/1985,15:01:22,635
(37)-18-24380,(48)-12-11187,02/02/1985,19:08:23,128
(21)-24-69243,(59)-10-82519,02/03/1985,13:14:49,44
(54)-20-81399,(68)-01-62994,02/04/1985,04:59:41,145
(50)-04-31823,(74)-13-72373,02/05/1985,23:44:52,408
(48)-09-90125,(47)-20-36288,02/06/1985,04:44:32,124
(27)-24-82803,(26)-30-48033,02/06/1985,08:56:48,226
(56)-03-54688,(78)-09-12914,02/06/1985,12:45:57,1363
(35)-27-87754,(43)-09-47856,02/06/1985,19:46:39,555
(32)-12-06964,(21)-31-00230,02/08/1985,02:54:56,125
(46)-13-44676,(66)-15-65599,02/08/1985,03:09:41,845
(64)-05-43355,(30)-24-12676,02/08/1985,18:24:39,264
(31)-00-07058,(44)-20-65171,02/09/1985,09:25:10,232
(66)-01-56877,(38)-20-07110,02/09/1985,13:49:41,192
(23)-26-99443,(31)-24-67809,02/09/1985,16:57:34,151
(46)-11-94778,(46)-12-93653,02/09/1985,19:31:43,386
(76)-14-49916,(58)-07-58718,02/10/1985,04:21:17,118
(25)-16-95469,(31)-22-17201,02/10/1985,07:50:13,802
(79)-06-16615,(74)-10-88777,02/10/1985,11:15:37,172
(48)-16-01684,(46)-17-33587,02/11/1985,02:03:04,197
(51)-22-99060,(69)-07-85268,02/11/1985,04:18:30,199
(41)-18-77420,(71)-02-61851,02/11/1985,18:04:03,266
(22)-04-83009,(63)-08-78108,02/12/1985,14:23:50,75
(46)-04-69341,(33)-28-72744,02/13/1985,13:38:30,542
(33)-20-80694,(20)-21-91408,02/15/1985,00:09:27,627
(58)-07-71067,(72)-09-62626,02/15/1985,23:26:51,212
(45)-14-50434,(45)-01-86379,02/17/1985,12:18:04,318
(49)-10-75722,(56)-06-74541,02/17/1985,15:33:30,44
(28)-13-25285,(32)-12-46080,02/17/1985,15:44:30,1156
(60)-19-77678,(74)-07-60213,02/17/1985,23:06:08,222
(25)-00-53820,(78)-01-74547,02/18/1985,00:12:00,94
(48)-22-93100,(44)-19-60174,02/18/1985,10:33:30,3528
(25)-19-43844,(48)-11-71995,02/18/1985,21:45:29,184
(65)-18-31686,(48)-11-56997,02/19/1985,03:01:06,1735
(28)-19-78551,(25)-09-62034,02/19/1985,17:29:11,876
(74)-08-75741,(68)-04-12253,02/19/1985,23:53:46,251
(65)-01-07834,(46)-24-62059,02/20/1985,20:56:49,603
(38)-02-00106,(73)-09-61709,02/20/1985,21:34:39,228
(35)-26-85567,(73)-05-93107,02/22/1985,18:24:58,9
(59)-10-14668,(76)-03-50229,02/23/1985,01:02:47,2690
(60)-12-15378,(52)-15-21771,02/23/1985,07:59:05,264
(49)-00-11872,(47)-02-26827,02/23/1985,08:22:57,3111
(77)-00-27442,(47)-09-58395,02/23/1985,22:20:48,775
(31)-14-36987,(62)-00-77618,02/24/1985,01:20:24,2153
(64)-06-42611,(38)-05-83550,02/24/1985,18:22:33,744
(47)-14-98938,(61)-07-58262,02/25/1985,21:10:06,177
(46)-14-21704,(71)-00-29705,02/27/1985,15:48:12,550
(49)-13-70773,(73)-09-37470,02/28/1985,03:18:15,538
(48)-04-84233,(45)-00-09890,03/01/1985,04:00:59,541
(55)-01-58636,(68)-14-98983,03/01/1985,17:46:46,160
(67)-12-72317,(58)-15-25271,03/03/1985,12:39:28,555
(32)-25-48863,(27)-07-48901,03/03/1985,13:39:26,602
(36)-26-92796,(39)-16-93040,03/03/1985,22:55:32,156
(52)-10-13515,(52)-06-16479,03/04/1985,20:36:02,444
(48)-10-20197,(78)-03-44394,03/04/1985,23:46:55,2811
(56)-16-20143,(46)-07-21812,03/05/1985,03:01:37,402
(70)-14-19918,(54)-05-12491,03/06/1985,05:19:11,237
(71)-05-47211,(78)-08-11766,03/07/1985,06:13:57,43
(55)-20-13357,(31)-10-14582,03/07/1985,08:46:09,239
(39)-06-71347,(41)-00-64265,03/07/1985,11:44:27,1066
(64)-03-20477,(25)-05-35487,03/08/1985,06:55:47,3381
(76)-10-27986,(64)-15-33392,03/08/1985,11:04:00,263
(48)-22-74521,(53)-20-84396,03/09/1985,02:02:41,3599
(61)-18-93426,(44)-00-94071,03/09/1985,06:14:19,130
(37)-15-33969,(41)-18-92749,03/09/1985,10:41:53,244
(46)-20-74325,(79)-09-46048,03/09/1985,14:05:11,129
(50)-10-42245,(55)-21-03193,03/10/1985,00:57:02,6956
(33)-27-13390,(42)-13-08068,03/10/1985,04:19:28,3304
(75)-03-95213,(43)-14-15029,03/10/1985,05:29:16,73
(54)-16-77894,(52)-22-83791,03/10/1985,06:56:10,124
(71)-13-46510,(43)-20-75622,03/10/1985,08:51:42,46
(23)-27-32185,(46)-05-22057,03/10/1985,13:50:07,253
(25)-27-39806,(57)-10-88211,03/10/1985,19:33:48,288
(73)-11-33406,(50)-20-43222,03/13/1985,21:07:54,375
(73)-11-86267,(35)-23-26644,03/14/1985,05:42:32,258
(26)-25-90275,(76)-04-98807,03/14/1985,15:08:27,149
(60)-08-19920,(34)-08-54440,03/18/1985,17:33:23,794
(47)-04-75171,(66)-04-36226,03/19/1985,03:47:13,84
(55)-01-31999,(67)-12-89836,03/19/1985,19:11:35,2110
(34)-14-02386,(39)-17-86295,03/20/1985,07:01:55,437
(20)-22-97483,(29)-07-60568,03/22/1985,04:00:24,485
(60)-09-89258,(58)-07-73282,03/22/1985,07:34:29,882
(34)-27-74998,(31)-13-29308,03/22/1985,09:22:30,1300
(29)-25-47756,(43)-16-89499,03/22/1985,12:29:58,444
(49)-03-53740,(44)-22-38790,03/23/1985,18:44:31,581
(20)-33-94348,(72)-08-02173,03/23/1985,19:15:45,658
(32)-05-55857,(73)-06-87120,03/24/1985,01:42:42,242
(46)-05-81977,(72)-06-81601,03/26/1985,02:35:09,228
(73)-06-74608,(21)-22-52024,03/26/1985,12:13:37,1180
(74)-08-92981,(27)-28-75486,03/28/1985,00:34:05,94
(53)-21-45665,(47)-04-90533,03/28/1985,17:02:45,217
(23)-32-98420,(66)-11-55885,03/29/1985,09:33:04,184
(50)-18-71067,(46)-01-95722,03/29/1985,14:53:31,3533
(26)-24-51150,(51)-01-64763,03/30/1985,01:21:18,318
(50)-12-54155,(70)-09-49854,03/31/1985,12:45:44,4614
(60)-06-41138,(47)-03-93354,03/31/1985,14:35:26,284
(24)-15-11294,(54)-06-06011,04/02/1985,14:52:35,52
(37)-02-04890,(30)-08-25055,04/02/1985,15:41:04,96
(75)-10-35487,(76)-12-47262,04/03/1985,05:58:30,423
(38)-08-81829,(46)-20-12146,04/04/1985,00:54:26,4889
(31)-12-03812,(41)-15-69349,04/06/1985,21:56:11,3201
(76)-08-81825,(63)-18-16598,04/07/1985,09:10:48,692
(33)-28-21359,(70)-07-74595,04/08/1985,05:00:51,296
(21)-07-48777,(64)-09-69506,04/08/1985,16:39:29,100
(79)-08-02585,(57)-05-77426,04/11/1985,00:29:26,894
(70)-01-30438,(63)-13-91441,04/11/1985,11:12:47,78
(79)-03-34570,(26)-27-94696,04/11/1985,17:39:10,333
(49)-06-04719,(79)-10-17207,04/11/1985,21:09:46,53
(65)-10-48369,(58)-14-58251,04/12/1985,11:07:07,391
(27)-00-23430,(72)-01-07756,04/13/1985,05:59:11,129
(76)-12-50014,(20)-03-85518,04/14/1985,11:43:35,734
(35)-14-73157,(38)-27-34059,04/15/1985,07:32:09,249
(38)-18-77062,(44)-03-71348,04/15/1985,19:07:19,218
(32)-24-29234,(59)-16-53741,04/17/1985,19:18:16,1735
(70)-15-73847,(77)-03-61574,04/18/1985,03:23:46,93
(25)-28-83749,(76)-10-80847,04/20/1985,08:27:44,374
(46)-07-21627,(26)-08-74365,04/20/1985,13:15:07,112
(49)-20-65665,(74)-07-01306,04/20/1985,22:37:31,720
(69)-12-79884,(37)-03-64296,04/21/1985,02:24:15,171
(79)-05-83099,(70)-01-62288,04/22/1985,02:58:10,223
(55)-03-65662,(66)-02-40291,04/22/1985,06:58:58,45
(27)-09-55778,(41)-00-27858,04/22/1985,21:00:45,1318
(26)-25-24880,(65)-06-95356,04/24/1985,22:48:32,14
(39)-23-51837,(66)-04-08878,04/26/1985,00:09:58,3576
(50)-07-05369,(67)-08-45055,04/26/1985,08:10:47,108
(62)-14-19497,(41)-11-32904,04/27/1985,10:23:01,130
(61)-09-44682,(22)-28-63617,04/29/1985,01:06:35,2234
(79)-05-55179,(48)-22-09801,04/29/1985,06:59:16,332
(59)-16-47501,(33)-02-72758,04/29/1985,16:16:32,736
(35)-06-04823,(20)-06-46300,04/29/1985,17:48:39,97
(40)-16-83894,(24)-07-25052,04/30/1985,11:18:57,611
(33)-24-56209,(41)-26-89665,05/01/1985,06:53:52,218
(78)-13-89118,(66)-16-12335,05/03/1985,03:19:45,795
(67)-14-22141,(67)-09-79624,05/03/1985,17:31:16,210
(67)-11-67064,(30)-25-62061,05/04/1985,05:58:44,522
(28)-29-37544,(64)-01-61687,05/04/1985,11:58:53,69
(69)-06-33712,(72)-05-16832,05/06/1985,06:21:58,130
(40)-15-99636,(23)-25-80122,05/06/1985,07:49:17,1077
(29)-05-66098,(30)-02-77298,05/07/1985,07:34:23,171
(36)-08-67246,(48)-09-22674,05/08/1985,12:23:29,192
(47)-23-82422,(42)-19-72784,05/09/1985,18:34:57,167
(52)-18-44735,(47)-09-76643,05/10/1985,09:21:36,411
(39)-11-97037,(25)-27-42734,05/11/1985,22:05:28,711
(35)-02-93717,(49)-04-38543,05/12/1985,19:39:04,797
(29)-18-84005,(20)-27-62292,05/12/1985,23:43:52,2782
(66)-02-03885,(47)-20-03486,05/13/1985,19:38:08,822
(64)-13-33439,(42)-19-11021,05/14/1985,11:17:38,502
(39)-23-89087,(67)-16-79541,05/15/1985,10:20:43,443
(33)-15-13025,(70)-05-75217,05/19/1985,08:58:32,1540
(27)-12-26907,(74)-04-15552,05/19/1985,16:14:46,2772
(35)-19-56766,(77)-00-55235,05/19/1985,16:40:20,151
(46)-12-98160,(20)-11-14618,05/20/1985,00:23:22,2957
(38)-17-42595,(50)-11-11634,05/20/1985,01:24:08,292
(28)-25-17892,(77)-01-43687,05/20/1985,08:46:35,181
(24)-03-71837,(47)-21-80397,05/20/1985,11:02:11,146
(35)-25-15141,(54)-03-12391,05/21/1985,06:59:09,269
(75)-01-03545,(78)-06-93570,05/21/1985,10:13:07,96
(76)-02-80639,(36)-23-12024,05/21/1985,22:26:52,282
(47)-18-01902,(74)-06-15746,05/22/1985,01:39:57,188
(48)-06-16305,(34)-18-64992,05/22/1985,15:37:01,34
(43)-22-93318,(38)-19-09665,05/23/1985,05:05:26,1582
(54)-02-50144,(62)-11-42340,05/24/1985,00:01:25,115
(55)-00-49903,(65)-03-31407,05/24/1985,12:17:17,2443
(69)-14-20594,(76)-04-89522,05/25/1985,00:36:00,238
(33)-17-92508,(38)-02-93377,05/25/1985,02:54:48,3451
(56)-20-96662,(49)-15-49568,05/25/1985,06:44:06,136
(69)-13-39389,(35)-28-66486,05/25/1985,16:00:29,6582
(45)-22-38247,(58)-02-31197,05/27/1985,23:30:09,175
(43)-23-92207,(79)-13-77733,05/28/1985,21:40:32,12
(37)-26-00227,(77)-11-75231,05/29/1985,10:05:04,1593
(74)-07-51748,(62)-17-80022,05/29/1985,15:24:33,629
(77)-01-63441,(23)-04-78640,05/30/1985,22:18:30,99
(58)-16-65279,(32)-07-48234,06/01/1985,05:34:18,208
(64)-18-86924,(54)-15-72943,06/01/1985,07:45:24,149
(70)-15-45823,(66)-15-79018,06/02/1985,19:27:39,1722
(39)-14-08716,(49)-02-11090,06/03/1985,07:32:44,2562
(41)-15-10918,(51)-20-31951,06/03/1985,10:51:35,12
(40)-16-07110,(38)-22-68221,06/04/1985,02:26:40,1673
(57)-13-45403,(28)-06-24508,06/04/1985,20:30:38,658
(20)-14-26316,(29)-26-73681,06/04/1985,23:27:23,139
(37)-11-74374,(50)-20-10729,06/07/1985,09:36:43,39
(70)-12-70575,(47)-05-49170,06/08/1985,02:01:26,2477
(73)-15-24295,(79)-11-52935,06/08/1985,22:40:26,353
(25)-02-01550,(78)-13-57701,06/09/1985,09:46:42,172
(72)-04-06549,(50)-11-45192,06/09/1985,20:52:40,846
(59)-01-33005,(64)-14-72502,06/10/1985,21:23:19,763
(34)-04-08974,(56)-09-95590,06/11/1985,11:15:43,269
(67)-04-93319,(65)-01-00965,06/13/1985,08:24:00,189
(23)-20-82378,(55)-00-32696,06/13/1985,10:48:15,1259
(54)-03-00397,(39)-21-62279,06/15/1985,00:06:49,334
(49)-09-76991,(52)-13-37250,06/15/1985,03:23:51,446
(35)-05-96460,(30)-15-11189,06/15/1985,11:54:39,148
(62)-01-36763,(62)-07-48540,06/15/1985,23:51:11,567
(22)-15-66278,(58)-10-00752,06/16/1985,15:28:48,163
(71)-10-86030,(41)-03-39943,06/16/1985,22:32:17,3572
(44)-21-58483,(27)-20-38538,06/18/1985,12:52:38,110
(35)-15-82451,(78)-12-21427,06/20/1985,15:15:43,774
(55)-19-89563,(51)-20-87679,06/21/1985,06:26:18,283
(32)-03-96188,(35)-16-63619,06/22/1985,00:46:00,113
(47)-06-00537,(55)-10-10633,06/24/1985,10:29:39,504
(79)-07-95041,(61)-07-17918,06/24/1985,15:22:28,624
(26)-03-91113,(40)-08-74611,06/27/1985,12:31:45,122
(63)-14-73820,(75)-00-97027,06/27/1985,18:47:34,183
(55)-13-89264,(63)-02-56561,06/28/1985,02:13:53,160
(39)-13-73000,(51)-19-06100,06/28/1985,05:18:39,687
(50)-15-64641,(36)-01-40230,06/28/1985,17:10:08,1669
(51)-00-01361,(55)-21-80179,06/29/1985,03:52:45,1392
(23)-24-86532,(73)-08-05032,06/29/1985,21:10:24,784
(42)-05-76911,(60)-04-63992,06/30/1985,23:45:22,33
(39)-16-70930,(71)-16-30857,07/02/1985,02:17:19,65
(78)-03-12594,(40)-07-44893,07/02/1985,06:28:59,2562
(53)-00-22092,(78)-08-70196,07/02/1985,15:07:53,56
(48)-09-13633,(63)-12-78301,07/02/1985,18:08:55,309
(65)-10-61231,(45)-11-62815,07/03/1985,21:23:32,18
(72)-13-87114,(41)-10-03389,07/03/1985,21:44:45,655
(41)-14-33361,(59)-04-26891,07/03/1985,22:16:28,505
(21)-27-33445,(68)-14-54151,07/03/1985,22:49:54,697
(48)-03-07315,(65)-10-73066,07/03/1985,23:23:53,71
(46)-15-92370,(42)-22-81634,07/06/1985,09:53:43,215
(44)-09-05594,(24)-18-34208,07/06/1985,12:52:25,2606
(29)-01-84121,(77)-10-25283,07/06/1985,18:57:34,531
(64)-18-37712,(56)-06-07641,07/06/1985,20:54:15,91
(27)-01-40906,(34)-09-58537,07/07/1985,19:14:57,790
(33)-28-59385,(49)-15-76671,07/08/1985,06:09:05,2523
(57)-04-05042,(39)-24-94900,07/08/1985,14:27:32,661
(52)-16-20036,(62)-16-38452,07/09/1985,01:29:43,391
(31)-03-19412,(64)-12-38371,07/09/1985,14:47:30,723
(43)-22-94875,(59)-15-32995,07/12/1985,15:10:12,268
(46)-23-48598,(37)-14-89403,07/12/1985,18:46:19,2737
(50)-11-95116,(45)-14-15552,07/13/1985,22:49:53,841
(29)-01-68098,(66)-07-24916,07/14/1985,01:05:57,165
(22)-16-80274,(35)-19-53833,07/16/1985,17:54:20,107
(46)-13-33726,(48)-12-85993,07/17/1985,11:24:25,389
(22)-23-38423,(55)-21-57449,07/18/1985,18:11:57,177
(41)-01-12984,(67)-05-78035,07/19/1985,12:01:43,277
(36)-15-41209,(25)-14-39420,07/19/1985,21:25:51,5
(74)-03-91994,(33)-06-10126,07/19/1985,23:57:42,165
(20)-30-08983,(70)-15-54858,07/22/1985,03:15:44,609
(43)-07-20751,(50)-19-36758,07/22/1985,21:13:50,7154
(51)-05-54237,(75)-09-42530,07/24/1985,10:31:35,208
(54)-08-05075,(21)-12-48984,07/25/1985,10:50:03,487
(69)-08-40405,(50)-09-52068,07/25/1985,19:38:12,207
(76)-13-09110,(76)-14-51617,07/27/1985,08:04:20,37
(51)-18-73190,(58)-18-27660,07/27/1985,09:29:36,191
(72)-08-61774,(46)-20-35776,07/27/1985,09:54:56,232
(47)-21-36578,(28)-11-04665,07/27/1985,12:36:12,421
(30)-04-30844,(49)-10-41493,07/28/1985,04:46:37,120
(69)-00-18428,(78)-00-07974,07/28/1985,11:22:50,751
(36)-05-15412,(66)-12-84810,07/28/1985,14:56:20,6
(36)-01-22598,(34)-03-47007,07/28/1985,17:35:15,2597
(63)-06-66081,(37)-08-01020,07/29/1985,05:32:55,130
(76)-08-94871,(59)-07-93850,07/30/1985,04:55:35,86
(63)-18-33335,(46)-04-24866,07/30/1985,21:47:01,825
(51)-13-94893,(41)-22-64827,07/31/1985,04:06:48,718
(37)-23-18376,(62)-16-22990,07/31/1985,22:26:09,427
(32)-16-99403,(75)-11-48751,08/03/1985,02:04:34,296
(52)-08-47675,(48)-13-94466,08/03/1985,16:12:34,590
(46)-16-94342,(36)-23-49424,08/03/1985,17:10:03,199
(62)-18-56229,(61)-06-81505,08/05/1985,06:35:41,294
(53)-22-20485,(67)-02-78175,08/05/1985,17:58:37,247
(20)-23-49780,(61)-14-98229,08/06/1985,01:12:01,180
(39)-12-87361,(55)-10-59906,08/06/1985,21:36:34,2840
(35)-21-76239,(23)-24-91910,08/07/1985,10:28:06,294
(71)-05-28767,(60)-06-61027,08/09/1985,01:55:48,1185
(38)-04-58218,(25)-09-96678,08/09/1985,14:34:46,186
(33)-07-48484,(22)-00-82886,08/10/1985,12:20:58,749
(57)-18-89721,(67)-07-47929,08/11/1985,06:56:39,784
(64)-06-55308,(50)-18-31074,08/11/1985,14:30:52,10
(48)-23-33310,(32)-23-69597,08/12/1985,04:50:35,271
(66)-03-80786,(78)-03-02948,08/12/1985,17:02:02,104
(29)-18-84005,(40)-16-51366,08/13/1985,15:29:11,587
(43)-16-70575,(44)-19-76676,08/14/1985,05:11:13,164
(41)-22-86353,(74)-11-47960,08/14/1985,08:45:11,206
(71)-13-66921,(54)-11-96810,08/14/1985,10:06:39,25
(71)-02-04286,(72)-15-13492,08/14/1985,18:10:56,530
(45)-11-66106,(63)-06-13932,08/16/1985,16:55:06,117
(45)-03-77324,(47)-23-05379,08/17/1985,10:02:28,271
(37)-23-88427,(38)-16-38872,08/17/1985,19:47:38,1647
(48)-00-68419,(64)-13-21040,08/19/1985,13:54:52,286
(71)-01-43826,(74)-04-53732,08/19/1985,23:06:38,44
(27)-05-04224,(72)-08-13671,08/20/1985,05:56:00,788
(58)-03-03659,(67)-06-88401,08/22/1985,00:26:06,24
(37)-08-45809,(50)-17-00016,08/25/1985,07:28:19,249
(26)-21-18609,(45)-01-15713,08/25/1985,13:34:29,200
(77)-01-46594,(72)-10-02674,08/27/1985,05:39:52,363
(48)-20-29759,(60)-07-62405,08/27/1985,22:40:44,142
(73)-09-09742,(28)-01-95923,08/28/1985,02:11:37,113
(61)-06-17549,(47)-02-41424,08/29/1985,02:16:59,3089
(25)-27-93245,(60)-03-61795,08/29/1985,14:42:52,328
(37)-26-61144,(50)-00-97542,08/29/1985,18:07:31,268
(74)-12-38122,(32)-00-61636,08/30/1985,02:06:54,9
(34)-05-76683,(45)-15-71041,08/30/1985,15:02:29,283
(59)-03-18027,(39)-17-08086,08/31/1985,11:37:08,35
(69)-10-02660,(47)-08-80279,08/31/1985,15:51:17,1049
(35)-12-79870,(41)-18-28219,08/31/1985,20:53:20,733
(54)-12-81937,(64)-01-89109,08/31/1985,23:06:44,207
(69)-16-07079,(41)-00-14282,09/02/1985,21:18:45,194
(65)-17-02747,(62)-06-44790,09/02/1985,23:44:15,69
(22)-28-20508,(75)-11-19921,09/03/1985,12:23:27,848
(59)-06-30236,(77)-02-60297,09/04/1985,02:01:36,539
(69)-12-29039,(36)-20-55610,09/04/1985,19:52:17,265
(71)-11-44508,(44)-20-52813,09/06/1985,02:04:51,54
(64)-13-97963,(20)-29-66881,09/06/1985,12:44:47,75
(30)-22-77008,(66)-08-55518,09/06/1985,19:44:16,40
(55)-03-59708,(66)-09-14654,09/07/1985,18:18:32,115
(36)-14-53920,(61)-06-48964,09/08/1985,07:24:41,661
(24)-31-98799,(40)-07-94994,09/08/1985,22:01:54,144
(24)-07-64281,(34)-27-40579,09/09/1985,00:31:20,262
(65)-13-44090,(23)-31-43335,09/14/1985,05:11:23,348
(35)-25-91397,(51)-15-89182,09/15/1985,11:49:15,766
(45)-18-73047,(39)-19-14445,09/15/1985,14:57:45,6278
(60)-07-63959,(70)-05-46217,09/15/1985,19:40:28,64
(53)-21-07784,(51)-18-11475,09/16/1985,09:37:59,199
(73)-05-75089,(61)-02-60609,09/17/1985,16:51:42,1262
(31)-08-06948,(70)-11-68548,09/18/1985,02:43:20,897
(58)-05-46362,(28)-25-68716,09/18/1985,04:10:46,2641
(34)-10-74789,(73)-07-18029,09/18/1985,08:36:04,3518
(68)-15-35493,(74)-07-19725,09/18/1985,23:39:17,445
(26)-30-47005,(76)-00-66014,09/19/1985,15:09:44,202
(59)-08-02886,(76)-01-04517,09/20/1985,02:03:45,4067
(79)-10-61881,(77)-02-48814,09/20/1985,18:58:36,1322
(48)-20-27151,(57)-04-95161,09/21/1985,03:01:40,559
(41)-12-79215,(22)-22-13973,09/21/1985,14:15:48,161
(39)-16-81266,(26)-30-92329,09/21/1985,18:24:16,266
(46)-21-41270,(34)-01-17845,09/22/1985,15:06:56,194
(72)-00-76829,(66)-03-85486,09/22/1985,16:33:46,2554
(20)-26-55086,(43)-10-37340,09/22/1985,17:05:39,2431
(30)-09-65322,(36)-08-22546,09/23/1985,08:08:51,2644
(59)-16-33223,(52)-22-95322,09/23/1985,08:58:14,135
(64)-16-47010,(30)-17-89407,09/23/1985,20:38:52,1670
(26)-05-92428,(34)-10-74942,09/24/1985,05:37:41,424
(63)-14-38422,(77)-03-66719,09/24/1985,10:35:53,579
(46)-22-63394,(73)-04-85549,09/25/1985,04:34:35,50
(29)-01-11857,(35)-02-80090,09/26/1985,14:09:36,68
(49)-07-79077,(78)-03-19084,09/28/1985,05:37:58,135
(41)-18-86314,(65)-07-54867,09/28/1985,07:12:49,587
(77)-08-60342,(32)-19-17651,09/28/1985,19:28:06,250
(43)-14-17655,(48)-19-04571,09/29/1985,19:45:05,858
(41)-17-12878,(69)-02-05511,09/29/1985,19:46:50,163
(70)-00-81172,(26)-18-36307,09/30/1985,08:12:07,262
(33)-27-92678,(72)-14-25282,09/30/1985,22:02:09,245
(45)-01-20111,(40)-19-50026,10/01/1985,05:01:32,190
(41)-07-79383,(20)-19-88233,10/02/1985,15:48:42,696
(36)-13-63336,(65)-05-22674,10/03/1985,04:49:02,516
(77)-00-27442,(48)-10-18169,10/03/1985,12:14:53,761
(44)-05-55280,(56)-05-44147,10/05/1985,06:55:58,161
(77)-01-53527,(35)-00-57925,10/07/1985,00:21:51,223
(64)-13-13681,(69)-03-39484,10/08/1985,15:43:43,653
(20)-28-86075,(44)-25-61101,10/09/1985,07:08:41,1376
(30)-25-91412,(55)-15-83800,10/10/1985,14:40:26,331
(38)-00-51434,(31)-25-75506,10/10/1985,17:43:44,154
(30)-21-61121,(78)-12-36067,10/11/1985,09:13:48,50
(33)-19-64591,(63)-02-31868,10/11/1985,18:33:44,862
(73)-10-84690,(77)-01-12140,10/14/1985,20:32:08,137
(57)-20-60795,(66)-08-20225,10/15/1985,14:38:11,1491
(43)-06-94050,(47)-17-26988,10/16/1985,21:39:00,1004
(43)-11-82737,(47)-12-82417,10/17/1985,06:08:19,291
(60)-04-12981,(48)-16-25629,10/17/1985,18:12:58,22
(65)-05-12621,(28)-30-18129,10/18/1985,17:27:35,14
(22)-22-98781,(59)-16-49247,10/19/1985,02:42:43,1919
(76)-14-73060,(48)-23-81600,10/19/1985,03:32:20,936
(24)-20-99015,(21)-00-29694,10/19/1985,05:51:27,3307
(22)-28-20336,(26)-03-86948,10/19/1985,11:46:04,2675
(79)-01-74990,(37)-26-59055,10/19/1985,19:51:09,185
(46)-14-03300,(56)-12-01413,10/20/1985,01:08:30,2901
(69)-00-18428,(62)-15-28137,10/20/1985,05:35:31,806
(61)-08-75500,(31)-12-93296,10/20/1985,22:19:51,225
(71)-09-23346,(29)-24-25699,10/21/1985,16:54:51,142
(42)-20-71063,(72)-14-56416,10/21/1985,18:29:06,824
(65)-07-74229,(61)-10-27134,10/21/1985,20:23:15,51
(37)-19-84436,(43)-13-30561,10/23/1985,10:14:10,272
(34)-24-00150,(49)-22-08892,10/24/1985,16:08:34,35
(74)-10-70788,(33)-25-54626,10/25/1985,08:33:03,714
(32)-00-23157,(36)-25-02419,10/26/1985,17:46:57,2319
(32)-01-21479,(58)-09-93924,10/26/1985,19:19:11,3020
(58)-01-91918,(69)-04-18552,10/27/1985,03:32:04,767
(34)-20-05066,(33)-17-24076,10/27/1985,10:50:09,40
(50)-19-44454,(25)-23-85690,10/28/1985,19:02:26,563
(42)-19-89225,(52)-16-52779,10/29/1985,00:34:07,788
(71)-16-19306,(76)-07-79297,10/29/1985,05:13:21,278
(30)-12-25180,(48)-05-07877,10/29/1985,14:04:58,168
(46)-06-44054,(28)-18-69775,10/30/1985,02:58:26,2950
(67)-06-62297,(62)-11-29275,10/30/1985,12:31:39,519
(33)-07-81093,(72)-13-11209,11/01/1985,01:09:43,234
(75)-02-27815,(62)-09-84131,11/01/1985,04:30:41,1265
(37)-09-65276,(75)-14-16310,11/01/1985,06:20:20,651
(49)-08-12771,(42)-08-69578,11/01/1985,08:20:34,53
(41)-09-94545,(59)-04-28548,11/02/1985,03:41:51,779
(68)-04-59290,(73)-15-86533,11/03/1985,02:26:03,791
(48)-05-07344,(47)-03-86457,11/07/1985,04:05:02,2722
(68)-05-48620,(64)-03-14426,11/07/1985,07:33:28,113
(20)-08-71670,(46)-18-99724,11/08/1985,00:13:58,11
(38)-27-86847,(77)-01-73127,11/08/1985,07:17:36,1224
(45)-16-02337,(28)-03-93234,11/08/1985,20:50:09,1940
(78)-01-07997,(63)-16-90079,11/08/1985,22:08:06,94
(46)-05-01482,(66)-12-86180,11/09/1985,10:18:29,55
(78)-10-49731,(61)-04-43290,11/10/1985,19:19:03,81
(79)-13-48586,(39)-03-04746,11/12/1985,21:18:32,481
(60)-09-26533,(50)-08-12674,11/13/1985,13:47:04,738
(31)-27-43325,(47)-10-79718,11/14/1985,11:41:42,14
(63)-09-65435,(53)-21-66398,11/14/1985,13:29:29,128
(56)-18-21547,(50)-05-50909,11/16/1985,03:13:12,163
(74)-05-49698,(40)-22-86178,11/17/1985,04:18:56,279
(75)-12-98938,(62)-18-62541,11/17/1985,08:57:21,686
(63)-10-15313,(44)-10-78510,11/18/1985,04:36:59,159
(44)-08-25534,(21)-12-71509,11/18/1985,07:14:17,78
(74)-10-31231,(56)-14-87412,11/18/1985,10:54:37,123
(33)-27-13390,(29)-16-77032,11/18/1985,20:01:53,5
(44)-12-10915,(70)-06-90525,11/18/1985,22:29:30,129
(52)-09-94649,(45)-06-54932,11/19/1985,11:20:33,735
(73)-15-84442,(71)-07-86340,11/19/1985,12:45:01,356
(27)-22-32263,(68)-08-37092,11/20/1985,02:35:17,688
(23)-05-06303,(31)-22-94148,11/20/1985,17:16:34,5
(30)-28-56090,(35)-15-81312,11/21/1985,08:00:22,118
(53)-13-38751,(50)-22-17371,11/22/1985,02:32:43,200
(73)-06-14867,(39)-07-27199,11/22/1985,09:51:00,227
(67)-03-53002,(68)-03-43566,11/23/1985,06:55:34,259
(48)-08-87973,(42)-19-65876,11/23/1985,10:37:52,877
(58)-01-62298,(43)-09-35262,11/23/1985,17:25:33,1178
(75)-04-83560,(36)-10-94833,11/24/1985,05:43:19,785
(72)-06-06609,(72)-00-41466,11/24/1985,10:35:23,401
(30)-07-04586,(43)-08-16015,11/25/1985,15:49:21,517
(46)-17-45739,(56)-20-09826,11/25/1985,20:54:26,1428
(28)-21-79103,(66)-14-66348,11/26/1985,01:12:54,136
(28)-27-34553,(56)-05-52692,11/26/1985,04:47:34,229
(46)-11-27042,(63)-13-02545,11/26/1985,14:58:16,175
(35)-26-41821,(50)-21-39035,11/26/1985,15:08:48,154
(30)-17-81356,(20)-03-78375,11/28/1985,22:12:59,1042
(28)-10-42108,(66)-04-70990,11/29/1985,22:19:16,97
(58)-14-20009,(78)-06-35975,12/02/1985,15:54:34,774
